State abbreviation,State name,Congressional district,Citizen voting-age population estimate,Citizen voting-age population MOE,Ages 18-29 estimate,Ages 18-29 MOE,Ages 18-29 percent estimate,Ages 18-29 percent MOE,Ages 30-44 estimate,Ages 30-44 MOE,Ages 30-44 percent estimate,Ages 30-44 percent MOE,Ages 45-64 estimate,Ages 45-64 MOE,Ages 45-64 percent estimate,Ages 45-64 percent MOE,Ages 65 up estimate,Ages 65 up MOE,Ages 65 up percent estimate,Ages 65 up percent MOE
AL,Alabama,1,544464,3424,104060,2412,19.1,0.4,125900,2538,23.1,0.5,188031,3186,34.5,0.5,126473,1797,23.2,0.3
AL,Alabama,2,516295,5674,109222,2918,21.2,0.5,118999,3146,23,0.5,173351,3069,33.6,0.5,114723,2059,22.2,0.4
AL,Alabama,3,543854,4099,121328,2379,22.3,0.4,121212,3483,22.3,0.6,182379,3899,33.5,0.7,118935,1851,21.9,0.3
AL,Alabama,4,515701,4678,95990,2777,18.6,0.5,114921,2560,22.3,0.5,177247,3022,34.4,0.5,127543,2309,24.7,0.4
AL,Alabama,5,551968,2121,109986,1624,19.9,0.3,129788,1913,23.5,0.3,193348,1995,35,0.4,118846,1412,21.5,0.3
AL,Alabama,6,535753,7635,101646,4222,19,0.7,133635,4599,24.9,0.8,182710,4171,34.1,0.6,117762,2727,22,0.5
AL,Alabama,7,504177,9052,126572,5253,25.1,0.8,114337,5109,22.7,1,162887,5505,32.3,0.9,100381,3261,19.9,0.7
AK,Alaska,At-large,532244,2539,127476,1829,24,0.3,144647,2629,27.2,0.5,174789,3032,32.8,0.5,85332,1468,16,0.3
AZ,Arizona,1,568661,9203,124100,4886,21.8,0.7,129362,4892,22.7,0.8,169734,4410,29.8,0.6,145465,4443,25.6,0.7
AZ,Arizona,2,550044,9439,116061,6026,21.1,0.9,114471,3938,20.8,0.7,166939,4774,30.4,0.7,152573,4037,27.7,0.8
AZ,Arizona,3,500787,12277,146929,7152,29.3,1.1,122468,6742,24.5,1.2,143475,5931,28.6,1,87915,5424,17.6,1.1
AZ,Arizona,4,633528,10386,95038,5092,15,0.7,118494,4302,18.7,0.6,201308,5612,31.8,0.7,218688,4390,34.5,0.7
AZ,Arizona,5,587681,10348,106103,6236,18.1,1,155762,5177,26.5,0.9,190794,6636,32.5,0.9,135022,5635,23,0.9
AZ,Arizona,6,577899,11084,104945,7109,18.2,1.1,124931,5792,21.6,0.9,202991,6785,35.1,0.9,145032,5372,25.1,0.9
AZ,Arizona,7,454957,12175,153294,8230,33.7,1.5,120219,6998,26.4,1.3,127158,5249,27.9,1,54286,3904,11.9,0.8
AZ,Arizona,8,599423,9645,100261,6074,16.7,0.9,131595,6104,22,1,189019,5970,31.5,0.9,178548,6383,29.8,1
AZ,Arizona,9,562791,12216,160510,7893,28.5,1.3,141929,7600,25.2,1.1,170213,5766,30.2,0.8,90139,4645,16,0.8
AR,Arkansas,1,548710,3198,106231,1874,19.4,0.3,128779,2847,23.5,0.5,183306,2815,33.4,0.5,130394,1660,23.8,0.3
AR,Arkansas,2,570220,3398,123752,2603,21.7,0.4,138990,1946,24.4,0.3,186961,2171,32.8,0.3,120517,1500,21.1,0.2
AR,Arkansas,3,573113,5357,134210,2608,23.4,0.4,143907,3362,25.1,0.5,179259,3721,31.3,0.5,115737,1859,20.2,0.3
AR,Arkansas,4,532069,4667,105713,2805,19.9,0.5,110275,2756,20.7,0.5,179824,3878,33.8,0.6,136257,1877,25.6,0.3
CA,California,1,553702,4675,112448,3044,20.3,0.5,109556,2817,19.8,0.5,177833,3037,32.1,0.5,153865,2632,27.8,0.5
CA,California,2,534951,6691,86946,3479,16.3,0.6,110075,3356,20.6,0.6,187221,3994,35,0.7,150709,3841,28.2,0.6
CA,California,3,504299,7222,128483,4750,25.5,0.8,117545,3888,23.3,0.7,158659,4464,31.5,0.7,99612,3064,19.8,0.6
CA,California,4,573118,5649,91864,3096,16,0.5,121814,3416,21.3,0.5,203386,3603,35.5,0.6,156054,2984,27.2,0.5
CA,California,5,508369,9829,96576,5121,19,0.9,116637,5832,22.9,1,172776,5373,34,0.9,122380,4195,24.1,0.8
CA,California,6,506434,10206,124359,5205,24.6,0.9,140392,5545,27.7,1,152039,6561,30,1,89644,4058,17.7,0.8
CA,California,7,537436,8063,102634,5131,19.1,0.8,131950,4910,24.6,0.9,186789,5301,34.8,0.8,116063,3726,21.6,0.7
CA,California,8,477512,10385,109039,5555,22.8,1,117970,5105,24.7,1,157700,6221,33,1,92803,3751,19.4,0.7
CA,California,9,482967,8819,109840,5368,22.7,1,115502,5330,23.9,1.1,162695,5286,33.7,1,94930,4584,19.7,0.8
CA,California,10,493409,7043,120037,3797,24.3,0.7,126032,4686,25.5,0.8,155323,3904,31.5,0.7,92017,2832,18.6,0.5
CA,California,11,508963,9040,94457,4983,18.6,0.9,118438,4859,23.3,0.8,178718,5157,35.1,0.9,117350,3674,23.1,0.7
CA,California,12,571300,7542,115725,4667,20.3,0.7,185209,4395,32.4,0.7,161917,4179,28.3,0.6,108449,2310,19,0.4
CA,California,13,536892,6882,124347,4666,23.2,0.7,153682,5144,28.6,0.9,158802,4413,29.6,0.8,100061,3781,18.6,0.6
CA,California,14,511049,8400,98885,5667,19.3,0.9,125040,4411,24.5,0.8,171998,4919,33.7,0.8,115126,3942,22.5,0.8
CA,California,15,503361,8070,92013,4754,18.3,0.9,134040,5781,26.6,1.1,179479,5567,35.7,0.9,97829,4579,19.4,0.8
CA,California,16,423147,10984,127642,6314,30.2,1.2,108432,5479,25.6,1,117889,4736,27.9,0.9,69184,2840,16.3,0.7
CA,California,17,438374,13412,86540,5904,19.7,1.1,103893,5625,23.7,1.1,162474,6539,37.1,1.1,85467,4716,19.5,0.9
CA,California,18,491580,9611,84672,5044,17.2,1,111547,5704,22.7,1.1,186221,6347,37.9,0.9,109140,4314,22.2,0.8
CA,California,19,482363,9857,110244,5260,22.9,1,120200,5874,24.9,1.1,159427,5328,33.1,0.9,92492,3735,19.2,0.7
CA,California,20,434889,8953,113595,4679,26.1,0.8,100241,4313,23,0.8,129619,4416,29.8,0.8,91434,2791,21,0.7
CA,California,21,354669,11267,112192,5357,31.6,1.2,95934,5882,27,1.4,94483,5771,26.6,1.3,52060,3502,14.7,0.9
CA,California,22,483064,10845,121739,5627,25.2,0.8,123766,4975,25.6,0.9,144754,4846,30,0.7,92805,3481,19.2,0.7
CA,California,23,490446,10566,114763,5828,23.4,1,124203,4607,25.3,0.9,159160,5739,32.5,0.9,92320,4176,18.8,0.8
CA,California,24,508333,5576,143040,3095,28.1,0.5,96005,3134,18.9,0.5,147344,3174,29,0.6,121944,1493,24,0.3
CA,California,25,482964,10876,103999,6215,21.5,1.1,115475,6057,23.9,1.2,175776,5989,36.4,1,87714,4903,18.2,0.9
CA,California,26,480928,6034,107880,3084,22.4,0.6,105706,4374,22,0.8,162047,3890,33.7,0.8,105295,2314,21.9,0.5
CA,California,27,471963,11108,86706,5621,18.4,1,108732,5456,23,1.2,159649,6152,33.8,0.9,116876,6237,24.8,1.2
CA,California,28,502971,13353,99507,6085,19.8,1,139517,7382,27.7,1.2,166073,6738,33,1.2,97874,5020,19.5,0.9
CA,California,29,402898,11545,111823,5915,27.8,1.1,101568,5619,25.2,1.2,119181,5527,29.6,1.2,70326,4332,17.5,1
CA,California,30,529846,14610,113793,7651,21.5,1.2,130676,7750,24.7,1.2,174660,7066,33,1,110717,4893,20.9,1
CA,California,31,482081,9659,128989,5873,26.8,1.1,127282,5502,26.4,1.1,146719,6812,30.4,1.2,79091,4412,16.4,0.8
CA,California,32,449452,11398,116658,6162,26,1.2,107883,5087,24,1.1,139777,6506,31.1,1.2,85134,5251,18.9,1
CA,California,33,517251,10427,99299,6033,19.2,1,122449,5260,23.7,1,167981,5792,32.5,1,127522,5258,24.7,0.9
CA,California,34,425520,11922,117797,5552,27.7,1.1,122307,6508,28.7,1.3,109068,5863,25.6,1.1,76348,4212,17.9,0.9
CA,California,35,450565,12666,146833,7258,32.6,1.2,115997,5609,25.7,1.2,125573,5706,27.9,0.9,62162,4071,13.8,0.8
CA,California,36,536333,9648,95867,4707,17.9,0.9,111759,5079,20.8,0.9,170439,6331,31.8,1,158268,6354,29.5,1
CA,California,37,468463,13452,129241,8208,27.6,1.3,118145,5515,25.2,1,136694,5375,29.2,1,84383,4567,18,0.9
CA,California,38,481296,10991,116734,6337,24.3,1.1,115644,5278,24,1.1,152188,6944,31.6,1.2,96730,4942,20.1,1
CA,California,39,486713,10190,112813,6257,23.2,1.2,110244,5535,22.7,1,161474,5947,33.2,1.1,102182,5836,21,1.1
CA,California,40,340435,9624,117561,5502,34.5,1.4,88081,4930,25.9,1.2,86405,4376,25.4,1.1,48388,4137,14.2,1.1
CA,California,41,478613,8532,154274,6594,32.2,1.2,126217,5315,26.4,1.1,132970,5468,27.8,1,65152,4610,13.6,0.9
CA,California,42,538265,9226,122803,6056,22.8,1,145881,6071,27.1,1.1,177568,5224,33,0.8,92013,5193,17.1,0.9
CA,California,43,454185,11440,114853,6789,25.3,1.2,115255,6009,25.4,1.2,142409,6116,31.4,1.2,81668,4903,18,1
CA,California,44,395819,8661,115574,5092,29.2,1,110263,5325,27.9,1.2,108537,4864,27.4,1.1,61445,3478,15.5,0.9
CA,California,45,532802,12285,110235,5848,20.7,0.9,119202,6634,22.4,1.1,187676,6330,35.2,1.1,115689,4872,21.7,0.8
CA,California,46,408633,10145,130145,6155,31.8,1.2,103298,5649,25.3,1.3,111682,5036,27.3,1,63508,3917,15.5,0.9
CA,California,47,491712,10923,114807,6192,23.3,1.1,124261,6524,25.3,1.2,166891,6432,33.9,1.2,85753,4354,17.4,0.8
CA,California,48,529832,8764,103313,6069,19.5,1,113213,4833,21.4,0.9,190245,5550,35.9,0.9,123061,4460,23.2,0.8
CA,California,49,519302,10212,111660,7630,21.5,1.4,112832,6553,21.7,1.2,178059,6302,34.3,1.2,116751,6123,22.5,1
CA,California,50,513522,11367,113483,7682,22.1,1.3,123333,5550,24,1,169884,6064,33.1,1,106822,5124,20.8,0.9
CA,California,51,445034,11226,133614,7085,30,1.3,114319,6348,25.7,1.3,124841,4988,28.1,0.9,72260,3770,16.2,0.8
CA,California,52,546843,12471,125910,7856,23,1.1,142801,5552,26.1,0.9,170845,5399,31.2,0.9,107287,5028,19.6,0.9
CA,California,53,563962,15636,150613,8147,26.7,1,157739,7624,28,1.1,162309,6469,28.8,1.1,93301,5485,16.5,0.9
CO,Colorado,1,619349,5507,152364,3423,24.6,0.5,196712,4641,31.8,0.6,172432,3317,27.8,0.5,97841,1875,15.8,0.3
CO,Colorado,2,619285,6451,152308,4355,24.6,0.6,147134,3653,23.8,0.6,199517,3843,32.2,0.6,120326,2901,19.4,0.4
CO,Colorado,3,565901,5796,109523,3646,19.4,0.6,129319,4084,22.9,0.6,189023,3119,33.4,0.5,138036,2306,24.4,0.4
CO,Colorado,4,598599,5986,117673,3198,19.7,0.5,156792,3744,26.2,0.6,208777,4667,34.9,0.6,115357,2335,19.3,0.4
CO,Colorado,5,603967,3639,145787,1745,24.1,0.3,153131,2743,25.4,0.4,192123,2518,31.8,0.4,112926,1631,18.7,0.3
CO,Colorado,6,567801,9080,113465,5196,20,0.8,156336,4996,27.5,0.8,200412,4735,35.3,0.6,97588,2458,17.2,0.5
CO,Colorado,7,576138,8222,124489,3527,21.6,0.5,162759,4792,28.3,0.7,180307,4682,31.3,0.7,108583,2562,18.8,0.4
CT,Connecticut,1,523004,7034,99742,3599,19.1,0.6,117559,5022,22.5,0.9,184595,4256,35.3,0.8,121108,3712,23.2,0.6
CT,Connecticut,2,548572,5593,113923,3208,20.8,0.5,111653,3326,20.4,0.6,198909,3653,36.3,0.6,124087,2594,22.6,0.5
CT,Connecticut,3,535024,7312,117352,4495,21.9,0.7,114121,4110,21.3,0.8,182421,4593,34.1,0.7,121130,3528,22.6,0.6
CT,Connecticut,4,496370,6476,91904,3073,18.5,0.5,103645,3839,20.9,0.7,191712,3875,38.6,0.7,109109,3480,22,0.7
CT,Connecticut,5,511395,9390,97510,5568,19.1,1,105985,5898,20.7,1.1,189558,5652,37.1,1,118342,5364,23.1,0.9
DE,Delaware,At-large,720867,3971,140123,2059,19.4,0.2,153037,2253,21.2,0.2,249503,1863,34.6,0.2,178204,1133,24.7,0.2
DC,District of Columbia,At-large,526393,4612,145434,2101,27.6,0.3,165893,3139,31.5,0.5,131762,1970,25,0.3,83304,935,15.8,0.2
FL,Florida,1,601423,2752,129762,1974,21.6,0.3,142425,2452,23.7,0.4,198441,2572,33,0.4,130795,1592,21.7,0.3
FL,Florida,2,573718,6050,112942,4481,19.7,0.7,125347,3509,21.8,0.6,188569,4211,32.9,0.6,146860,3294,25.6,0.5
FL,Florida,3,579993,6726,143031,4107,24.7,0.6,129575,4054,22.3,0.7,180729,4511,31.2,0.7,126658,3425,21.8,0.5
FL,Florida,4,614794,10052,118537,4921,19.3,0.7,151537,5527,24.6,0.7,210228,5646,34.2,0.7,134492,3473,21.9,0.6
FL,Florida,5,541992,11225,141638,5820,26.1,0.9,133383,5122,24.6,0.8,171317,5632,31.6,0.9,95654,3756,17.6,0.6
FL,Florida,6,621566,6917,98635,3510,15.9,0.5,119235,4060,19.2,0.6,207124,3944,33.3,0.6,196572,3298,31.6,0.5
FL,Florida,7,581583,10621,148112,6084,25.5,0.8,143853,6107,24.7,0.8,179955,5309,30.9,0.9,109663,3213,18.9,0.6
FL,Florida,8,610604,4145,92846,3171,15.2,0.5,111790,2810,18.3,0.4,214531,2788,35.1,0.4,191437,1943,31.4,0.4
FL,Florida,9,644898,15477,137347,7314,21.3,0.9,166586,7579,25.8,1,202251,7297,31.4,0.8,138714,5379,21.5,0.8
FL,Florida,10,546157,12769,121477,6579,22.2,1,151934,6786,27.8,1,183021,6589,33.5,1,89725,3624,16.4,0.6
FL,Florida,11,652135,10786,82551,4736,12.7,0.6,96277,4430,14.8,0.6,196690,5794,30.2,0.7,276617,4547,42.4,0.6
FL,Florida,12,605983,7435,83666,3251,13.8,0.5,126316,4117,20.8,0.6,210053,4669,34.7,0.7,185948,4093,30.7,0.6
FL,Florida,13,584889,8338,100325,3385,17.2,0.5,116090,4369,19.8,0.6,205103,4066,35.1,0.6,163371,4063,27.9,0.6
FL,Florida,14,534225,9792,122106,5345,22.9,0.9,143475,6213,26.9,1,169888,4532,31.8,0.8,98756,4268,18.5,0.7
FL,Florida,15,578715,14070,126879,7794,21.9,1.1,132369,7346,22.9,1.2,192852,7065,33.3,0.9,126615,6035,21.9,1
FL,Florida,16,638769,8875,91026,4273,14.3,0.6,118164,5099,18.5,0.7,211715,5537,33.1,0.8,217864,5133,34.1,0.8
FL,Florida,17,615104,10351,81894,4972,13.3,0.7,101025,4920,16.4,0.7,183910,5539,29.9,0.9,248275,6286,40.4,0.9
FL,Florida,18,599873,10324,89563,3758,14.9,0.5,111342,5016,18.6,0.7,204824,5460,34.1,0.7,194144,4978,32.4,0.7
FL,Florida,19,631233,11072,84363,4470,13.4,0.6,98336,4459,15.6,0.6,192617,4738,30.5,0.6,255917,4861,40.5,0.6
FL,Florida,20,507613,13423,115723,7122,22.8,1.2,128477,7880,25.3,1.3,165897,6129,32.7,1.1,97516,4925,19.2,0.9
FL,Florida,21,546101,11927,86152,5378,15.8,0.8,99308,4822,18.2,0.7,171770,5160,31.5,0.8,188871,5818,34.6,0.9
FL,Florida,22,534846,11346,78782,6379,14.7,1.1,113545,5461,21.2,0.9,190781,7317,35.7,1.2,151738,6326,28.4,1.1
FL,Florida,23,510212,9952,92504,5457,18.1,1,117316,6449,23,1.2,176163,7134,34.5,1.2,124229,6214,24.3,1.2
FL,Florida,24,477697,12311,110275,6019,23.1,1,123658,6023,25.9,1.1,149155,6631,31.2,1.1,94609,4676,19.8,0.9
FL,Florida,25,453055,14226,89229,5884,19.7,1.2,86737,6169,19.1,1.2,148024,6975,32.7,1,129065,6090,28.5,1
FL,Florida,26,476033,12380,104526,6181,22,1.1,107894,5865,22.7,1.1,162965,7102,34.2,1.2,100648,4754,21.1,1
FL,Florida,27,464604,13439,84074,5994,18.1,1,110349,5506,23.8,1.1,152249,6860,32.8,1,117932,5209,25.4,1.1
GA,Georgia,1,550713,4548,124272,3079,22.6,0.5,144285,3395,26.2,0.6,173960,3026,31.6,0.5,108196,1545,19.6,0.3
GA,Georgia,2,498322,5387,116812,2905,23.4,0.5,118050,3261,23.7,0.6,158501,3915,31.8,0.7,104959,2882,21.1,0.5
GA,Georgia,3,548941,6659,116928,4050,21.3,0.6,126353,4425,23,0.7,192813,4587,35.1,0.7,112847,2895,20.6,0.5
GA,Georgia,4,527938,10870,116027,5843,22,0.9,131388,5906,24.9,1,188968,5755,35.8,0.9,91555,3887,17.3,0.7
GA,Georgia,5,587385,11293,173012,6625,29.5,0.9,167225,7137,28.5,1.1,162199,7225,27.6,1.1,84949,4183,14.5,0.7
GA,Georgia,6,496468,9646,80827,5399,16.3,1,129906,5718,26.2,1.1,192548,7109,38.8,1.2,93187,4208,18.8,0.8
GA,Georgia,7,486845,13303,101857,5393,20.9,0.8,126492,6935,26,1,180871,5794,37.2,1,77625,3270,15.9,0.7
GA,Georgia,8,527338,5981,117467,3462,22.3,0.5,129584,4370,24.6,0.8,171971,4371,32.6,0.7,108316,2245,20.5,0.4
GA,Georgia,9,556967,6033,110102,3048,19.8,0.5,119775,3899,21.5,0.6,185692,3318,33.3,0.5,141398,2019,25.4,0.4
GA,Georgia,10,565803,9414,135915,4008,24,0.6,130573,4728,23.1,0.8,189498,6378,33.5,0.9,109817,3299,19.4,0.5
GA,Georgia,11,559687,9450,122052,5283,21.8,0.8,143609,5115,25.7,0.8,193753,5906,34.6,0.8,100273,3469,17.9,0.6
GA,Georgia,12,540482,5219,132914,2728,24.6,0.5,132283,3570,24.5,0.6,172888,3918,32,0.7,102397,2323,18.9,0.4
GA,Georgia,13,523476,12223,114667,6389,21.9,1,141009,6960,26.9,1,185343,6093,35.4,1.1,82457,3953,15.8,0.8
GA,Georgia,14,516434,4331,107349,2831,20.8,0.5,122568,3407,23.7,0.6,180827,3122,35,0.6,105690,2247,20.5,0.4
HI,Hawaii,1,509992,8672,101825,4076,20,0.6,127924,4072,25.1,0.6,156279,4206,30.6,0.7,123964,3132,24.3,0.6
HI,Hawaii,2,506514,7345,104080,3678,20.5,0.7,120799,4338,23.8,0.7,160905,4235,31.8,0.7,120730,3416,23.8,0.6
ID,Idaho,1,661724,6207,133621,4585,20.2,0.6,156558,4524,23.7,0.7,218173,4432,33,0.6,153372,3346,23.2,0.5
ID,Idaho,2,590690,6236,138735,4087,23.5,0.7,152336,4578,25.8,0.7,177354,4331,30,0.6,122265,2978,20.7,0.5
IL,Illinois,1,524114,13385,110093,6804,21,1,119884,5162,22.9,0.9,183041,6282,34.9,1,111096,5625,21.2,0.9
IL,Illinois,2,497132,10186,105903,5941,21.3,1,115395,4366,23.2,0.9,166767,6499,33.5,1.1,109067,4621,21.9,0.9
IL,Illinois,3,479004,11273,96642,6130,20.2,1,116060,5721,24.2,1.1,166940,6269,34.9,1,99362,4898,20.7,1
IL,Illinois,4,410804,10402,114380,5775,27.8,1.2,124459,6352,30.3,1.3,112782,5533,27.5,1.2,59183,4147,14.4,1
IL,Illinois,5,545831,13594,138945,8057,25.5,1.2,163400,5664,29.9,1,153707,6422,28.2,0.9,89779,4811,16.4,0.8
IL,Illinois,6,523796,7397,89576,5048,17.1,0.9,115611,4602,22.1,0.9,203470,5326,38.8,0.9,115139,4881,22,0.9
IL,Illinois,7,522767,13446,133525,6280,25.5,1,142887,6274,27.3,1.1,152762,7965,29.2,1.2,93593,5236,17.9,0.9
IL,Illinois,8,442009,9089,97404,5699,22,1.1,105383,4469,23.8,1,149266,6187,33.8,1.2,89956,4978,20.4,1.1
IL,Illinois,9,498242,10167,91913,5903,18.4,1,116876,6036,23.5,1.1,169788,6411,34.1,1,119665,4522,24,1
IL,Illinois,10,468255,7926,99179,4240,21.2,0.8,100085,4751,21.4,0.9,164232,3921,35.1,0.7,104759,3885,22.4,0.8
IL,Illinois,11,472244,8696,104470,5752,22.1,1,115271,5530,24.4,1.1,167620,5421,35.5,1.1,84883,4587,18,1
IL,Illinois,12,528398,3128,105402,1996,19.9,0.3,123904,2484,23.4,0.5,181641,2884,34.4,0.5,117451,2050,22.2,0.4
IL,Illinois,13,539012,6187,143933,4431,26.7,0.7,119427,3975,22.2,0.6,165322,3823,30.7,0.7,110330,3197,20.5,0.6
IL,Illinois,14,525729,7412,91105,5179,17.3,0.9,132209,5146,25.1,0.9,201495,4740,38.3,0.9,100920,4247,19.2,0.7
IL,Illinois,15,532371,4362,95218,2174,17.9,0.4,121442,2750,22.8,0.5,182004,3206,34.2,0.5,133707,2419,25.1,0.4
IL,Illinois,16,520730,4681,103375,3078,19.9,0.5,109416,3083,21,0.5,184379,3035,35.4,0.6,123560,2241,23.7,0.4
IL,Illinois,17,512994,5263,101060,2763,19.7,0.5,111726,3039,21.8,0.5,174240,3138,34,0.5,125968,2410,24.6,0.4
IL,Illinois,18,531334,6741,95626,3702,18,0.6,121408,3489,22.8,0.6,181679,3411,34.2,0.5,132621,2687,25,0.5
IN,Indiana,1,537218,2969,106269,1657,19.8,0.3,125653,2312,23.4,0.4,188611,2257,35.1,0.4,116685,1616,21.7,0.3
IN,Indiana,2,522778,3982,110898,2210,21.2,0.4,118188,2293,22.6,0.4,175795,2541,33.6,0.4,117897,1872,22.6,0.4
IN,Indiana,3,540022,2746,111370,1508,20.6,0.3,129229,2038,23.9,0.3,184607,2011,34.2,0.3,114816,1224,21.3,0.2
IN,Indiana,4,567094,4245,133208,2676,23.5,0.4,127470,3077,22.5,0.5,189264,3276,33.4,0.5,117152,1894,20.7,0.3
IN,Indiana,5,573500,6937,111187,4311,19.4,0.7,147605,4640,25.7,0.7,199662,4139,34.8,0.6,115046,2960,20.1,0.5
IN,Indiana,6,549035,2722,115411,1554,21,0.3,116898,2005,21.3,0.4,189917,1695,34.6,0.3,126809,1845,23.1,0.3
IN,Indiana,7,521076,6956,128612,5060,24.7,0.8,133507,4492,25.6,0.8,167449,4128,32.1,0.8,91508,2559,17.6,0.4
IN,Indiana,8,549149,2287,110466,1477,20.1,0.2,125872,1978,22.9,0.4,188624,2134,34.3,0.4,124187,1412,22.6,0.2
IN,Indiana,9,575308,3657,132059,2723,23,0.4,135378,3381,23.5,0.6,189052,3034,32.9,0.5,118819,1898,20.7,0.3
IA,Iowa,1,580187,2876,120677,1601,20.8,0.2,129269,2017,22.3,0.3,191851,1608,33.1,0.3,138390,947,23.9,0.2
IA,Iowa,2,581525,2670,126756,1625,21.8,0.3,130205,2176,22.4,0.3,191051,1832,32.9,0.3,133513,1157,23,0.2
IA,Iowa,3,601044,3898,121087,1932,20.1,0.3,155881,2522,25.9,0.3,201136,2004,33.5,0.3,122940,904,20.5,0.2
IA,Iowa,4,564463,2859,122947,1898,21.8,0.3,118353,1731,21,0.3,182759,2107,32.4,0.3,140404,1127,24.9,0.2
KS,Kansas,1,502712,3509,127140,2510,25.3,0.4,106367,2138,21.2,0.4,154679,2494,30.8,0.4,114526,1763,22.8,0.3
KS,Kansas,2,538594,2980,119299,2407,22.2,0.4,123546,2154,22.9,0.4,172970,2470,32.1,0.5,122779,2034,22.8,0.4
KS,Kansas,3,534532,3744,103498,2023,19.4,0.3,139817,2189,26.2,0.3,184931,1617,34.6,0.3,106286,1013,19.9,0.2
KS,Kansas,4,515676,3192,107482,1887,20.8,0.3,122563,2410,23.8,0.4,172400,1810,33.4,0.4,113231,1046,22,0.2
KY,Kentucky,1,552530,3169,112558,2433,20.4,0.4,119362,2282,21.6,0.4,187927,2755,34,0.4,132683,1848,24,0.3
KY,Kentucky,2,577362,4615,121167,2701,21,0.4,134374,2441,23.3,0.4,198804,3186,34.4,0.5,123017,2213,21.3,0.3
KY,Kentucky,3,553926,3786,117509,1460,21.2,0.2,132285,2245,23.9,0.3,185157,2087,33.4,0.3,118975,1209,21.5,0.2
KY,Kentucky,4,565232,4216,109560,3071,19.4,0.5,137967,2192,24.4,0.4,201182,3097,35.6,0.5,116523,1690,20.6,0.3
KY,Kentucky,5,537877,3689,102630,2473,19.1,0.4,123765,1917,23,0.4,189523,2226,35.2,0.3,121959,2067,22.7,0.4
KY,Kentucky,6,581992,4750,139582,2640,24,0.4,135939,2648,23.4,0.5,192089,3062,33,0.4,114382,2494,19.7,0.4
LA,Louisiana,1,594231,7375,118153,3746,19.9,0.5,143712,4577,24.2,0.7,203742,4057,34.3,0.6,128624,3308,21.6,0.5
LA,Louisiana,2,587115,8471,124974,4926,21.3,0.7,151730,4277,25.8,0.7,196900,4572,33.5,0.7,113511,3965,19.3,0.6
LA,Louisiana,3,577604,2928,122302,2531,21.2,0.4,146926,2595,25.4,0.4,193990,2868,33.6,0.5,114386,1538,19.8,0.3
LA,Louisiana,4,559310,2947,119926,2412,21.4,0.4,138312,3263,24.7,0.6,178958,2829,32,0.5,122114,1785,21.8,0.3
LA,Louisiana,5,555804,4901,113240,2839,20.4,0.5,138593,3592,24.9,0.6,182823,3631,32.9,0.6,121148,2394,21.8,0.4
LA,Louisiana,6,585015,7251,138843,4363,23.7,0.7,145438,4690,24.9,0.7,186354,4802,31.9,0.7,114380,3041,19.6,0.5
ME,Maine,1,546625,3606,91423,1564,16.7,0.3,120900,2526,22.1,0.4,196768,2427,36,0.4,137534,1356,25.2,0.3
ME,Maine,2,524036,3159,90205,1671,17.2,0.3,106404,1819,20.3,0.3,191578,2142,36.6,0.4,135849,1488,25.9,0.3
MD,Maryland,1,567926,5943,102678,3005,18.1,0.5,117878,2517,20.8,0.4,209151,3823,36.8,0.5,138219,2717,24.3,0.4
MD,Maryland,2,560167,10243,120269,5400,21.5,0.8,143100,5100,25.5,0.9,189658,5911,33.9,0.8,107140,4114,19.1,0.7
MD,Maryland,3,545892,12375,118771,6511,21.8,1,138350,5609,25.3,0.9,177240,6060,32.5,0.9,111531,4669,20.4,0.8
MD,Maryland,4,503398,11202,93014,5783,18.5,0.9,125012,5338,24.8,1,185566,6003,36.9,0.9,99806,3725,19.8,0.7
MD,Maryland,5,556897,9297,121543,4761,21.8,0.6,123848,4245,22.2,0.7,208003,4511,37.4,0.6,103503,3538,18.6,0.6
MD,Maryland,6,523698,8346,100520,4085,19.2,0.7,123665,4767,23.6,0.8,186857,4995,35.7,0.9,112656,3809,21.5,0.7
MD,Maryland,7,528398,10931,115519,4673,21.9,0.7,121941,5857,23.1,0.9,180162,5445,34.1,0.7,110776,3500,21,0.7
MD,Maryland,8,533774,9035,95529,4367,17.9,0.6,126983,4663,23.8,0.8,190413,5221,35.7,0.8,120849,3294,22.6,0.6
MA,Massachusetts,1,568024,5218,119473,2842,21,0.5,119459,2868,21,0.5,198117,3133,34.9,0.4,130975,2454,23.1,0.4
MA,Massachusetts,2,558962,8532,127590,4155,22.8,0.6,117040,3964,20.9,0.6,196871,4671,35.2,0.6,117461,3157,21,0.6
MA,Massachusetts,3,543580,9566,113187,5700,20.8,1,124132,6129,22.8,1.1,204678,7099,37.7,1,101583,5181,18.7,1
MA,Massachusetts,4,559943,7776,103075,5070,18.4,0.8,119792,4739,21.4,0.8,212866,5389,38,0.9,124210,4633,22.2,0.8
MA,Massachusetts,5,535109,10214,107925,4607,20.2,0.8,129135,5861,24.1,1,180011,6179,33.6,0.9,118038,4779,22.1,0.9
MA,Massachusetts,6,577241,6734,101032,4041,17.5,0.6,119170,3674,20.6,0.7,215167,5376,37.3,0.8,141872,4876,24.6,0.8
MA,Massachusetts,7,558430,11033,197433,6764,35.4,0.8,143411,5583,25.7,0.9,135309,5832,24.2,0.9,82277,3853,14.7,0.7
MA,Massachusetts,8,561241,10353,113602,5626,20.2,0.9,138733,5821,24.7,0.9,189771,6022,33.8,0.9,119135,4746,21.2,0.8
MA,Massachusetts,9,573274,7656,97060,3874,16.9,0.6,109998,4205,19.2,0.7,204076,4883,35.6,0.7,162140,3439,28.3,0.6
MI,Michigan,1,564858,1561,97821,1043,17.3,0.2,106924,1120,18.9,0.2,197514,1299,35,0.2,162599,683,28.8,0.1
MI,Michigan,2,551323,4776,123650,3563,22.4,0.6,126229,3453,22.9,0.6,183561,3526,33.3,0.6,117883,2704,21.4,0.5
MI,Michigan,3,551028,4362,118568,3347,21.5,0.5,135861,3145,24.7,0.6,184569,3617,33.5,0.6,112030,2731,20.3,0.5
MI,Michigan,4,554938,2626,115498,2235,20.8,0.4,114323,1742,20.6,0.3,188632,1972,34,0.3,136485,1827,24.6,0.3
MI,Michigan,5,520558,2700,101137,1747,19.4,0.3,110301,1422,21.2,0.3,185117,2012,35.6,0.3,124003,1733,23.8,0.3
MI,Michigan,6,541981,3071,117971,1844,21.8,0.3,117761,2218,21.7,0.4,182640,2359,33.7,0.4,123609,948,22.8,0.2
MI,Michigan,7,548462,2889,99343,2134,18.1,0.4,121286,2484,22.1,0.4,197979,2368,36.1,0.4,129854,1848,23.7,0.3
MI,Michigan,8,554462,5219,128782,2774,23.2,0.4,119354,3102,21.5,0.5,195443,3506,35.2,0.5,110883,2593,20,0.4
MI,Michigan,9,552114,6344,117050,4681,21.2,0.8,129459,4783,23.4,0.9,190454,5473,34.5,0.8,115151,3730,20.9,0.7
MI,Michigan,10,553804,5635,91918,3569,16.6,0.6,118907,3014,21.5,0.5,212452,3914,38.4,0.6,130527,3525,23.6,0.6
MI,Michigan,11,534817,6785,96984,3555,18.1,0.7,114133,3999,21.3,0.8,203487,5147,38,0.8,120213,4596,22.5,0.7
MI,Michigan,12,526943,7440,144577,4853,27.4,0.8,114484,4436,21.7,0.8,166439,4620,31.6,0.7,101443,3926,19.3,0.7
MI,Michigan,13,474739,8475,110377,5322,23.3,1,107407,5688,22.6,1.1,161381,4271,34,0.8,95574,3696,20.1,0.7
MI,Michigan,14,512851,9342,109658,5755,21.4,1,117113,4669,22.8,0.9,171524,4938,33.4,0.7,114556,4501,22.3,0.9
MN,Minnesota,1,500330,2914,103708,1937,20.7,0.3,114362,1772,22.9,0.3,165683,1743,33.1,0.3,116577,1253,23.3,0.2
MN,Minnesota,2,511914,3848,96331,2514,18.8,0.4,131892,2452,25.8,0.5,185390,2553,36.2,0.4,98301,1587,19.2,0.3
MN,Minnesota,3,517834,7590,80909,4606,15.6,0.8,124874,4081,24.1,0.8,199945,4194,38.6,0.7,112106,3768,21.6,0.7
MN,Minnesota,4,510862,5084,109706,3155,21.5,0.5,130270,2894,25.5,0.5,167528,2243,32.8,0.4,103358,1746,20.2,0.4
MN,Minnesota,5,517155,6617,137964,4281,26.7,0.7,150173,4512,29,0.8,141709,3545,27.4,0.7,87309,2962,16.9,0.5
MN,Minnesota,6,525551,4938,104564,3218,19.9,0.5,137834,2921,26.2,0.5,190089,3176,36.2,0.5,93064,2476,17.7,0.5
MN,Minnesota,7,495727,2489,91877,1677,18.5,0.3,106463,1479,21.5,0.3,167305,1553,33.7,0.3,130082,1193,26.2,0.2
MN,Minnesota,8,527541,1381,92761,1329,17.6,0.2,112017,1223,21.2,0.2,185789,1349,35.2,0.2,136974,799,26,0.2
MS,Mississippi,1,577880,2748,126850,2392,22,0.4,136703,2524,23.7,0.4,193135,2700,33.4,0.5,121192,1696,21,0.3
MS,Mississippi,2,523479,4699,117121,3172,22.4,0.5,123974,3576,23.7,0.7,175829,3526,33.6,0.6,106555,2294,20.4,0.4
MS,Mississippi,3,559913,5338,120854,3571,21.6,0.6,140729,4217,25.1,0.8,175562,4580,31.4,0.7,122768,2775,21.9,0.4
MS,Mississippi,4,579386,3131,125374,3586,21.6,0.6,142348,3315,24.6,0.5,189661,2956,32.7,0.5,122003,2136,21.1,0.4
MO,Missouri,1,549361,6958,130558,3684,23.8,0.6,139392,3640,25.4,0.6,173891,4487,31.7,0.6,105520,3059,19.2,0.5
MO,Missouri,2,575828,8830,93035,4368,16.2,0.7,129833,5531,22.5,0.9,210481,5686,36.6,0.8,142479,3415,24.7,0.6
MO,Missouri,3,602748,6241,113183,3393,18.8,0.5,148292,4310,24.6,0.6,213686,3878,35.5,0.6,127587,2434,21.2,0.4
MO,Missouri,4,584925,4248,140461,2852,24,0.4,129155,2398,22.1,0.4,185648,2666,31.7,0.4,129661,1992,22.2,0.3
MO,Missouri,5,573775,5681,127201,3338,22.2,0.5,142534,3285,24.8,0.5,185355,3276,32.3,0.5,118685,2545,20.7,0.4
MO,Missouri,6,583457,5275,112443,3299,19.3,0.5,141987,3215,24.3,0.5,201080,3121,34.5,0.5,127947,2815,21.9,0.4
MO,Missouri,7,595559,2710,128623,1625,21.6,0.3,136612,2057,22.9,0.3,192439,1808,32.3,0.3,137885,1534,23.2,0.2
MO,Missouri,8,567717,3947,105465,2208,18.6,0.3,124173,2204,21.9,0.4,198629,3032,35,0.4,139450,2124,24.6,0.4
MT,Montana,At-large,823668,2462,162487,2278,19.7,0.3,190761,2375,23.2,0.3,270899,2319,32.9,0.3,199521,1261,24.2,0.2
NE,Nebraska,1,473676,3971,115814,2308,24.5,0.4,111892,2528,23.6,0.5,147670,2597,31.2,0.5,98300,1794,20.8,0.4
NE,Nebraska,2,467041,4132,98743,1798,21.1,0.3,130827,2258,28,0.4,152604,2191,32.7,0.4,84867,1138,18.2,0.2
NE,Nebraska,3,439543,3065,81629,1733,18.6,0.3,95106,1974,21.6,0.4,144924,1863,33,0.4,117884,1369,26.8,0.3
NV,Nevada,1,418811,10703,102489,5907,24.5,1.2,97757,5784,23.3,1.3,128524,5511,30.7,1.1,90041,4518,21.5,0.9
NV,Nevada,2,531489,4280,108295,1929,20.4,0.3,122316,2817,23,0.5,178178,3126,33.5,0.5,122700,1765,23.1,0.3
NV,Nevada,3,607915,11250,114455,6584,18.8,0.9,165543,6354,27.2,1,201412,5620,33.1,0.8,126505,4506,20.8,0.6
NV,Nevada,4,516951,10773,107683,5770,20.8,1,129145,5165,25,0.9,170032,6127,32.9,1,110091,4600,21.3,0.8
NH,New Hampshire,1,540224,4909,111039,3042,20.6,0.5,117000,2965,21.7,0.6,193985,4177,35.9,0.6,118200,3088,21.9,0.5
NH,New Hampshire,2,529588,4458,94001,2949,17.7,0.5,110296,3168,20.8,0.6,202379,4343,38.2,0.7,122912,2834,23.2,0.5
NJ,New Jersey,1,542034,6191,111555,2727,20.6,0.4,128857,4290,23.8,0.7,190108,3382,35.1,0.5,111514,2148,20.6,0.4
NJ,New Jersey,2,531339,6456,93137,3058,17.5,0.5,110952,3787,20.9,0.6,192550,3602,36.2,0.5,134700,2778,25.4,0.6
NJ,New Jersey,3,570276,5881,103401,2971,18.1,0.5,121577,3040,21.3,0.5,204055,4043,35.8,0.6,141243,3548,24.8,0.6
NJ,New Jersey,4,539643,8273,92318,4170,17.1,0.7,109571,4728,20.3,0.8,192765,5326,35.7,0.8,144989,4254,26.9,0.8
NJ,New Jersey,5,527932,8667,89385,4394,16.9,0.7,108059,4731,20.5,0.8,204536,5445,38.7,0.8,125952,4059,23.9,0.8
NJ,New Jersey,6,502463,7651,116015,4306,23.1,0.7,108102,4837,21.5,0.8,179916,4676,35.8,0.8,98430,4257,19.6,0.9
NJ,New Jersey,7,527076,9094,88778,4644,16.8,0.8,105529,4703,20,0.8,216418,5506,41.1,0.8,116351,4095,22.1,0.8
NJ,New Jersey,8,425604,11139,104194,5447,24.5,1,121068,4519,28.4,0.9,128201,6084,30.1,1,72141,3564,17,0.8
NJ,New Jersey,9,481499,11594,99676,5588,20.7,0.9,111457,5430,23.1,1,169027,5360,35.1,0.8,101339,4083,21,0.8
NJ,New Jersey,10,496051,9959,113595,5627,22.9,1,125958,5999,25.4,1.1,165331,5593,33.3,0.9,91167,3980,18.4,0.7
NJ,New Jersey,11,548734,8988,92894,4852,16.9,0.7,122467,4903,22.3,0.9,205816,5382,37.5,0.8,127557,3811,23.2,0.7
NJ,New Jersey,12,505683,9993,96015,5152,19,0.9,108763,5621,21.5,1,190033,5882,37.6,1,110872,5041,21.9,0.9
NM,New Mexico,1,514775,6996,109072,3029,21.2,0.4,124471,3820,24.2,0.6,166781,3303,32.4,0.6,114451,2229,22.2,0.5
NM,New Mexico,2,484702,6155,111415,3372,23,0.6,110639,4390,22.8,0.8,144518,3727,29.8,0.7,118130,2730,24.4,0.5
NM,New Mexico,3,507907,5741,95645,3336,18.8,0.6,121837,3624,24,0.7,162932,3209,32.1,0.6,127493,2382,25.1,0.4
NY,New York,1,530436,8854,100287,4035,18.9,0.7,107433,5140,20.3,0.9,196082,5993,37,0.9,126634,4697,23.9,0.8
NY,New York,2,515987,10089,103396,5114,20,0.8,114796,6046,22.2,1.1,192105,6404,37.2,1,105690,4917,20.5,0.9
NY,New York,3,521235,9204,84043,5129,16.1,0.8,94788,5053,18.2,1,201571,6966,38.7,1.1,140833,4839,27,0.9
NY,New York,4,506457,8321,97115,3933,19.2,0.7,114081,5095,22.5,0.9,175392,5160,34.6,0.8,119869,4004,23.7,0.8
NY,New York,5,501784,12659,108297,5234,21.6,0.8,116210,4998,23.2,0.8,177019,6342,35.3,0.8,100258,3979,20,0.7
NY,New York,6,448065,12825,79930,4430,17.8,0.8,102886,5889,23,1.1,155921,6732,34.8,1,109328,4526,24.4,0.9
NY,New York,7,446196,14230,118165,7547,26.5,1.3,128013,5623,28.7,1.1,126083,6973,28.3,1.2,73935,4406,16.6,0.9
NY,New York,8,540660,13211,122947,6253,22.7,0.9,146729,7186,27.1,1.1,159129,5648,29.4,0.9,111855,5281,20.7,0.9
NY,New York,9,486880,12651,106689,5362,21.9,0.9,133320,6783,27.4,1.2,145744,6356,29.9,1.1,101127,4834,20.8,0.9
NY,New York,10,473542,10788,104610,6754,22.1,1.3,124335,7023,26.3,1.4,138764,7180,29.3,1.3,105833,5374,22.3,1.2
NY,New York,11,500998,8100,94271,3380,18.8,0.5,113514,4360,22.7,0.7,176250,4365,35.2,0.7,116963,2829,23.3,0.6
NY,New York,12,530252,14243,138958,7243,26.2,1.2,160540,7342,30.3,1.1,125681,6992,23.7,1.1,105073,6007,19.8,1
NY,New York,13,505003,13783,132278,6911,26.2,1.2,138772,7669,27.5,1.2,147730,6739,29.3,1.1,86223,4899,17.1,0.9
NY,New York,14,392398,12236,84822,5281,21.6,1.1,108371,6353,27.6,1.3,121605,6487,31,1.3,77600,4495,19.8,1.2
NY,New York,15,410819,11144,118087,6357,28.7,1.1,97836,5622,23.8,1.1,125599,4913,30.6,1,69297,3355,16.9,0.9
NY,New York,16,498243,10607,97670,5533,19.6,0.9,110557,5818,22.2,1,170078,6340,34.1,1.1,119938,4975,24.1,1
NY,New York,17,502861,6893,99453,3981,19.8,0.7,107969,4148,21.5,0.8,177154,4494,35.2,0.7,118285,3726,23.5,0.7
NY,New York,18,524373,5240,110007,3091,21,0.5,111866,3254,21.3,0.6,194615,3310,37.1,0.5,107885,2674,20.6,0.5
NY,New York,19,553713,5607,100781,2764,18.2,0.5,110525,3418,20,0.5,200995,2689,36.3,0.4,141412,2973,25.5,0.5
NY,New York,20,557251,5438,128947,3418,23.1,0.5,122739,3064,22,0.5,183945,3761,33,0.6,121620,2620,21.8,0.5
NY,New York,21,551303,4192,113239,2988,20.5,0.4,119095,1986,21.6,0.4,194087,2692,35.2,0.4,124882,1893,22.7,0.3
NY,New York,22,539437,3753,114511,1905,21.2,0.3,111158,1993,20.6,0.3,184422,2424,34.2,0.4,129346,1515,24,0.3
NY,New York,23,544564,3340,120276,2426,22.1,0.4,109777,2013,20.2,0.3,185144,2376,34,0.4,129367,1397,23.8,0.3
NY,New York,24,539797,2939,111698,1986,20.7,0.3,117482,1825,21.8,0.3,189709,1757,35.1,0.3,120908,1232,22.4,0.2
NY,New York,25,543698,4648,117622,2198,21.6,0.3,123905,1868,22.8,0.3,181680,2174,33.4,0.3,120491,1330,22.2,0.2
NY,New York,26,539694,5187,120559,3482,22.3,0.6,122162,3217,22.6,0.6,175590,4059,32.5,0.6,121383,3231,22.5,0.6
NY,New York,27,564383,5939,95372,3814,16.9,0.6,120176,3156,21.3,0.6,212938,5000,37.7,0.7,135897,3689,24.1,0.6
NC,North Carolina,1,566173,6735,132862,4336,23.5,0.6,125420,3503,22.2,0.6,183238,3733,32.4,0.6,124653,2401,22,0.4
NC,North Carolina,2,601142,7863,106022,4771,17.6,0.7,154674,5036,25.7,0.8,224620,5549,37.4,0.8,115826,3571,19.3,0.6
NC,North Carolina,3,579504,4996,140107,3812,24.2,0.6,124968,3042,21.6,0.5,183311,3621,31.6,0.6,131118,2273,22.6,0.4
NC,North Carolina,4,624834,7413,160718,4780,25.7,0.7,165799,5363,26.5,0.8,199641,4989,32,0.7,98676,3142,15.8,0.5
NC,North Carolina,5,572721,3131,120924,1928,21.1,0.3,115470,2055,20.2,0.3,198628,1922,34.7,0.3,137699,1313,24,0.2
NC,North Carolina,6,567392,5676,108516,3965,19.1,0.6,120375,4598,21.2,0.8,203804,3976,35.9,0.7,134697,2644,23.7,0.5
NC,North Carolina,7,613510,5769,120856,3221,19.7,0.5,130075,4066,21.2,0.6,204550,3477,33.3,0.5,158029,2006,25.8,0.3
NC,North Carolina,8,581896,5618,134841,3326,23.2,0.5,139696,3523,24,0.5,189464,4141,32.6,0.6,117895,1953,20.3,0.3
NC,North Carolina,9,561804,6951,104526,3998,18.6,0.6,130550,3877,23.2,0.6,206102,4407,36.7,0.7,120626,3192,21.5,0.6
NC,North Carolina,10,585102,4892,107076,2134,18.3,0.3,129277,3069,22.1,0.5,208870,3453,35.7,0.5,139879,2513,23.9,0.4
NC,North Carolina,11,604505,5083,100736,2754,16.7,0.4,121933,2848,20.2,0.4,208993,3395,34.6,0.5,172843,2628,28.6,0.4
NC,North Carolina,12,591843,7234,149353,4103,25.2,0.6,170864,4350,28.9,0.7,188532,4575,31.9,0.6,83094,2813,14,0.5
NC,North Carolina,13,579274,7005,119172,4419,20.6,0.7,126619,4405,21.9,0.7,204338,3714,35.3,0.6,129145,2668,22.3,0.5
ND,North Dakota,At-large,567351,3196,139148,2337,24.5,0.4,139250,2753,24.5,0.4,172914,1812,30.5,0.3,116039,869,20.5,0.2
OH,Ohio,1,541695,5990,115385,3979,21.3,0.6,127214,3380,23.5,0.6,188655,4034,34.8,0.6,110441,2769,20.4,0.5
OH,Ohio,2,557971,6728,110038,4562,19.7,0.7,135103,3616,24.2,0.6,193722,3868,34.7,0.6,119108,3401,21.3,0.6
OH,Ohio,3,560963,8952,153956,6174,27.4,0.9,152437,5694,27.2,0.9,173350,4693,30.9,0.8,81220,3125,14.5,0.6
OH,Ohio,4,542874,4816,107261,2828,19.8,0.4,120580,2875,22.2,0.5,192235,3120,35.4,0.5,122798,2736,22.6,0.5
OH,Ohio,5,549171,4850,108332,2648,19.7,0.4,120658,2951,22,0.5,190308,3173,34.7,0.5,129873,2666,23.6,0.4
OH,Ohio,6,545803,4800,92786,2568,17,0.4,115894,2521,21.2,0.4,198331,3334,36.3,0.5,138792,2677,25.4,0.5
OH,Ohio,7,557024,7057,102049,3626,18.3,0.6,127143,4087,22.8,0.7,193475,4259,34.7,0.6,134357,3771,24.1,0.6
OH,Ohio,8,546406,2927,112205,1845,20.5,0.3,122391,1837,22.4,0.3,189359,1629,34.7,0.3,122451,1042,22.4,0.2
OH,Ohio,9,545749,8394,124360,4339,22.8,0.7,125503,5120,23,0.8,185628,5224,34,0.9,110258,3868,20.2,0.6
OH,Ohio,10,552514,2402,119030,1391,21.5,0.2,123728,1547,22.4,0.2,182094,1592,33,0.3,127662,1059,23.1,0.2
OH,Ohio,11,524803,8831,115904,4267,22.1,0.6,112868,3951,21.5,0.6,177785,4375,33.9,0.7,118246,3071,22.5,0.6
OH,Ohio,12,585940,7173,116111,4528,19.8,0.7,143636,4189,24.5,0.7,203572,4271,34.7,0.6,122621,3354,20.9,0.6
OH,Ohio,13,559931,7719,121208,4566,21.6,0.7,118910,3752,21.2,0.6,188243,4932,33.6,0.8,131570,3473,23.5,0.6
OH,Ohio,14,553668,6479,91212,3779,16.5,0.6,116235,3653,21,0.7,202802,4720,36.6,0.7,143419,3448,25.9,0.6
OH,Ohio,15,586092,6358,122586,3245,20.9,0.5,148238,3768,25.3,0.6,195592,4772,33.4,0.7,119676,3149,20.4,0.5
OH,Ohio,16,553316,8332,94003,4015,17,0.6,119356,4694,21.6,0.8,195092,5120,35.3,0.8,144865,4533,26.2,0.7
OK,Oklahoma,1,565812,2986,119601,1552,21.1,0.2,142459,1491,25.2,0.2,185630,1688,32.8,0.2,118122,1022,20.9,0.2
OK,Oklahoma,2,564213,2174,111772,1465,19.8,0.2,124240,1837,22,0.3,187143,1873,33.2,0.3,141058,1312,25,0.2
OK,Oklahoma,3,571661,2631,128376,2369,22.5,0.4,136979,2504,24,0.4,181404,2773,31.7,0.5,124902,1657,21.8,0.3
OK,Oklahoma,4,589702,4619,140663,3142,23.9,0.5,148141,3290,25.1,0.5,183691,3193,31.1,0.6,117207,2959,19.9,0.4
OK,Oklahoma,5,561277,5517,127461,2822,22.7,0.4,145137,3524,25.9,0.5,177443,2403,31.6,0.4,111236,2036,19.8,0.4
OR,Oregon,1,606198,6201,122267,3321,20.2,0.5,156907,3808,25.9,0.5,203271,3900,33.5,0.5,123753,1995,20.4,0.4
OR,Oregon,2,619186,4754,107760,2656,17.4,0.4,137721,3273,22.2,0.5,203375,3437,32.8,0.5,170330,2200,27.5,0.4
OR,Oregon,3,627716,5932,128785,3386,20.5,0.5,192698,4073,30.7,0.6,195594,4501,31.2,0.6,110639,2941,17.6,0.5
OR,Oregon,4,638548,5000,137856,2681,21.6,0.4,131793,2561,20.6,0.4,197411,3351,30.9,0.4,171488,2334,26.9,0.4
OR,Oregon,5,606523,6245,121244,3593,20,0.5,135652,3410,22.4,0.5,202365,3861,33.4,0.5,147262,2112,24.3,0.4
PA,Pennsylvania,1,544860,4939,92077,2529,16.9,0.4,114576,2439,21,0.4,208051,2618,38.2,0.4,130156,1828,23.9,0.3
PA,Pennsylvania,2,496510,12153,108907,4984,21.9,0.8,131431,6533,26.5,1,162980,6030,32.8,1,93192,4205,18.8,0.8
PA,Pennsylvania,3,564612,11678,163596,5788,29,0.8,147436,6414,26.1,0.9,155674,6347,27.6,0.9,97906,3640,17.3,0.7
PA,Pennsylvania,4,543723,4822,93110,2863,17.1,0.5,126725,2666,23.3,0.5,196830,2726,36.2,0.4,127058,2661,23.4,0.4
PA,Pennsylvania,5,519983,6115,107792,3374,20.7,0.6,123762,3235,23.8,0.5,176758,3470,34,0.6,111671,2634,21.5,0.5
PA,Pennsylvania,6,522912,4827,104793,2778,20,0.5,115963,3256,22.2,0.5,186198,3150,35.6,0.6,115958,2121,22.2,0.4
PA,Pennsylvania,7,552078,4662,112979,2276,20.5,0.3,120075,2285,21.7,0.4,190234,2917,34.5,0.4,128790,1679,23.3,0.3
PA,Pennsylvania,8,535133,5536,96758,2716,18.1,0.4,111460,2905,20.8,0.5,191872,3189,35.9,0.5,135043,2107,25.2,0.4
PA,Pennsylvania,9,555775,5005,101991,3229,18.4,0.5,113868,3341,20.5,0.5,200346,3614,36,0.6,139570,2529,25.1,0.4
PA,Pennsylvania,10,552761,5816,104026,3618,18.8,0.5,132749,3542,24,0.7,190256,3889,34.4,0.6,125730,3068,22.7,0.5
PA,Pennsylvania,11,553568,5995,108179,2993,19.5,0.4,121027,2987,21.9,0.5,190275,3580,34.4,0.5,134087,2755,24.2,0.5
PA,Pennsylvania,12,551022,3977,123316,2600,22.4,0.4,110831,2103,20.1,0.3,183226,2049,33.3,0.3,133649,1886,24.3,0.3
PA,Pennsylvania,13,545111,3919,95067,2558,17.4,0.4,111055,2338,20.4,0.4,195512,2752,35.9,0.4,143477,2419,26.3,0.5
PA,Pennsylvania,14,551164,2665,92479,1300,16.8,0.2,113121,1865,20.5,0.3,199732,2162,36.2,0.3,145832,1792,26.5,0.3
PA,Pennsylvania,15,548615,4573,103760,2788,18.9,0.5,109888,2285,20,0.4,194162,2972,35.4,0.5,140805,2336,25.7,0.4
PA,Pennsylvania,16,539710,2919,105421,1709,19.5,0.3,112260,1877,20.8,0.3,188904,2314,35,0.4,133125,1684,24.7,0.3
PA,Pennsylvania,17,559285,6462,89713,4065,16,0.7,129224,4370,23.1,0.8,201518,4124,36,0.7,138830,3625,24.8,0.6
PA,Pennsylvania,18,544390,6168,124197,4066,22.8,0.6,125413,4454,23,0.8,167548,3959,30.8,0.7,127232,3629,23.4,0.6
RI,Rhode Island,1,395409,6058,86516,4389,21.9,0.9,88010,3008,22.3,0.8,131729,4477,33.3,0.9,89154,3188,22.5,0.9
RI,Rhode Island,2,407668,6982,90505,4521,22.2,0.9,86605,3359,21.2,0.8,142807,4382,35,0.9,87751,3092,21.5,0.8
SC,South Carolina,1,613912,6942,117100,3752,19.1,0.5,152845,3775,24.9,0.6,199262,3355,32.5,0.5,144705,2856,23.6,0.4
SC,South Carolina,2,537342,7030,112273,4457,20.9,0.7,126169,3793,23.5,0.7,183210,3289,34.1,0.5,115690,2294,21.5,0.4
SC,South Carolina,3,534772,4868,110832,2972,20.7,0.5,113351,3207,21.2,0.5,180995,2982,33.8,0.5,129594,2005,24.2,0.4
SC,South Carolina,4,533533,6329,114689,2691,21.5,0.4,122139,3302,22.9,0.5,181414,3325,34,0.5,115291,2404,21.6,0.4
SC,South Carolina,5,552247,4381,107394,2761,19.4,0.5,130685,2862,23.7,0.5,191844,4206,34.7,0.7,122324,1980,22.2,0.3
SC,South Carolina,6,506843,10563,135079,6066,26.7,0.9,116303,5296,22.9,0.9,151193,5058,29.8,0.8,104268,3608,20.6,0.7
SC,South Carolina,7,571428,3454,100281,2796,17.5,0.5,116934,2982,20.5,0.5,194600,2871,34.1,0.5,159613,1938,27.9,0.3
SD,South Dakota,At-large,647089,2674,135924,2341,21,0.3,154204,2289,23.8,0.3,211141,1858,32.6,0.3,145820,1007,22.5,0.2
TN,Tennessee,1,563918,3157,101879,1808,18.1,0.3,115573,2045,20.5,0.3,199303,1766,35.3,0.3,147163,1149,26.1,0.2
TN,Tennessee,2,583056,3129,126317,1844,21.7,0.3,126787,2312,21.7,0.4,195284,2150,33.5,0.3,134668,1761,23.1,0.3
TN,Tennessee,3,571456,3926,107332,2624,18.8,0.4,127851,2333,22.4,0.4,199140,2857,34.8,0.4,137133,2148,24,0.3
TN,Tennessee,4,590540,4743,131798,2644,22.3,0.4,139598,3310,23.6,0.5,202170,3995,34.2,0.6,116974,2602,19.8,0.4
TN,Tennessee,5,563797,5435,138645,2927,24.6,0.4,154933,2562,27.5,0.3,174676,1982,31,0.3,95543,1088,16.9,0.2
TN,Tennessee,6,591603,3690,110663,2299,18.7,0.3,133871,2327,22.6,0.4,208991,2442,35.3,0.3,138078,1843,23.3,0.3
TN,Tennessee,7,578288,3700,115496,2116,20,0.4,148381,3217,25.7,0.5,198625,2454,34.3,0.4,115786,1632,20,0.3
TN,Tennessee,8,525277,4889,95988,3296,18.3,0.6,118670,3413,22.6,0.6,187803,3562,35.8,0.6,122816,2839,23.4,0.5
TN,Tennessee,9,507231,5835,128416,2891,25.3,0.5,126301,3782,24.9,0.6,164660,3287,32.5,0.6,87854,2707,17.3,0.5
TX,Texas,1,511974,4743,116139,2831,22.7,0.5,115651,3340,22.6,0.6,162219,3203,31.7,0.6,117965,2154,23,0.4
TX,Texas,2,520180,17389,110982,8677,21.3,1.3,153422,8956,29.5,1.5,165265,8845,31.8,1.3,90511,5504,17.4,1
TX,Texas,3,563318,7999,107159,4580,19,0.7,151459,4924,26.9,0.7,211761,3751,37.6,0.6,92939,2772,16.5,0.5
TX,Texas,4,543354,5315,101034,2875,18.6,0.5,130722,4575,24.1,0.7,185907,3680,34.2,0.7,125691,2233,23.1,0.4
TX,Texas,5,480610,7387,99057,5149,20.6,1,124188,4937,25.8,0.9,157352,4765,32.7,0.9,100013,2963,20.8,0.6
TX,Texas,6,554709,11109,125279,6148,22.6,0.9,151253,6419,27.3,1.1,187069,5885,33.7,0.9,91108,4203,16.4,0.7
TX,Texas,7,448262,17967,94925,7980,21.2,1.4,122431,8709,27.3,1.5,152485,8256,34,1.4,78421,5385,17.5,1.2
TX,Texas,8,584039,8995,114865,4433,19.7,0.6,153896,5713,26.4,0.9,199843,5632,34.2,0.8,115435,2726,19.8,0.5
TX,Texas,9,445634,16319,125106,7962,28.1,1.4,112131,8042,25.2,1.4,138785,7156,31.1,1.2,69612,4256,15.6,0.9
TX,Texas,10,593629,15051,124192,9067,20.9,1.3,163629,8541,27.6,1.3,195137,8171,32.9,1.1,110671,4730,18.6,0.9
TX,Texas,11,542570,6851,125640,4216,23.2,0.7,132612,4375,24.4,0.7,164392,4265,30.3,0.7,119926,2475,22.1,0.5
TX,Texas,12,572411,11504,126234,6401,22.1,1,147586,6604,25.8,1,195434,7204,34.1,1.1,103157,3844,18,0.7
TX,Texas,13,493390,5774,107099,3166,21.7,0.5,120804,3078,24.5,0.5,159812,3104,32.4,0.5,105675,1851,21.4,0.4
TX,Texas,14,532153,6811,110575,2959,20.8,0.5,137967,3407,25.9,0.5,180436,3934,33.9,0.6,103175,2319,19.4,0.4
TX,Texas,15,435170,10959,127796,5836,29.4,1,109100,4889,25.1,0.9,126966,5116,29.2,1,71308,4080,16.4,0.9
TX,Texas,16,458940,7531,133726,4053,29.1,0.7,123299,4353,26.9,0.9,124935,4201,27.2,0.7,76980,2380,16.8,0.5
TX,Texas,17,550601,9229,171731,4474,31.2,0.7,129226,4806,23.5,0.8,155299,6021,28.2,0.9,94345,2618,17.1,0.5
TX,Texas,18,480387,17751,126644,7297,26.4,1,138713,7995,28.9,1.2,144541,6719,30.1,1.1,70489,5037,14.7,0.9
TX,Texas,19,509891,4649,141466,2800,27.7,0.5,125507,3479,24.6,0.6,145193,3246,28.5,0.6,97725,2058,19.2,0.4
TX,Texas,20,549483,15793,160406,8396,29.2,1.1,149365,8057,27.2,1.2,153772,5985,28,0.9,85940,4503,15.6,0.8
TX,Texas,21,622228,13955,142173,7798,22.8,1.1,157270,7794,25.3,1.1,194292,7451,31.2,1,128493,4827,20.7,0.7
TX,Texas,22,577164,14484,115523,7208,20,1,160247,6599,27.8,0.9,205845,7171,35.7,1,95549,4029,16.6,0.7
TX,Texas,23,507547,12255,122847,5544,24.2,1,136998,7137,27,1.1,153042,6587,30.2,1.1,94660,5050,18.7,0.9
TX,Texas,24,503766,10913,107198,6738,21.3,1.1,135318,6256,26.9,1.3,175632,6414,34.9,0.9,85618,4510,17,0.8
TX,Texas,25,570238,11587,120182,8504,21.1,1.2,151528,5169,26.6,0.9,184393,5140,32.3,0.7,114135,3856,20,0.8
TX,Texas,26,605249,8073,131803,4980,21.8,0.8,172846,6130,28.6,0.9,213256,5311,35.2,0.7,87344,2926,14.4,0.5
TX,Texas,27,517267,6497,108956,3318,21.1,0.5,128370,3642,24.8,0.7,165306,4275,32,0.6,114635,2636,22.2,0.5
TX,Texas,28,434305,11134,116088,5286,26.7,0.9,112878,4675,26,0.9,130291,5299,30,0.9,75048,3922,17.3,0.8
TX,Texas,29,369239,12870,115825,7440,31.4,1.7,94998,6150,25.7,1.4,111250,6366,30.1,1.3,47166,4163,12.8,1.1
TX,Texas,30,479082,11936,122989,6962,25.7,1.3,120418,7207,25.1,1.3,156127,5971,32.6,1,79548,3658,16.6,0.7
TX,Texas,31,602236,5813,137130,2870,22.8,0.4,172836,3718,28.7,0.5,190521,2766,31.6,0.4,101749,2225,16.9,0.4
TX,Texas,32,505867,10389,120849,6678,23.9,1.2,127369,6325,25.2,1.1,166856,6423,33,1.1,90793,4526,17.9,0.9
TX,Texas,33,360226,12748,107457,6889,29.8,1.5,87377,5258,24.3,1.2,109125,6178,30.3,1.3,56267,3777,15.6,1
TX,Texas,34,424863,9876,111405,4604,26.2,0.9,105261,4867,24.8,1,121813,5272,28.7,1,86384,3627,20.3,0.7
TX,Texas,35,532967,13421,152919,8500,28.7,1.4,153805,7302,28.9,1.1,151784,7008,28.5,1.2,74459,4640,14,0.8
TX,Texas,36,519385,9934,111025,6807,21.4,1.1,124400,5324,24,1,176585,5324,34,0.9,107375,4018,20.7,0.7
UT,Utah,1,521517,4200,138536,3081,26.6,0.5,148842,3211,28.5,0.6,151996,2641,29.1,0.5,82143,1782,15.8,0.3
UT,Utah,2,529608,7295,137185,4747,25.9,0.8,146798,4834,27.7,0.8,143419,4253,27.1,0.7,102206,2897,19.3,0.5
UT,Utah,3,517848,6002,166076,3653,32.1,0.6,129325,3401,25,0.7,139150,3762,26.9,0.6,83297,2862,16.1,0.5
UT,Utah,4,518368,8401,125929,4858,24.3,0.8,171294,5579,33,1,144381,4845,27.9,0.8,76764,3088,14.8,0.6
VT,Vermont,At-large,500274,2062,100387,1448,20.1,0.3,103384,1123,20.7,0.2,173821,1536,34.7,0.3,122682,1212,24.5,0.2
VA,Virginia,1,590281,8602,115999,4622,19.7,0.6,141411,3902,24,0.6,210432,5155,35.6,0.7,122439,3428,20.7,0.6
VA,Virginia,2,559397,6204,140647,3718,25.1,0.5,136454,3461,24.4,0.5,172710,3377,30.9,0.5,109586,2373,19.6,0.4
VA,Virginia,3,559137,7090,144935,3740,25.9,0.6,140818,4196,25.2,0.6,174813,3735,31.3,0.6,98571,2873,17.6,0.5
VA,Virginia,4,579606,9665,127615,3623,22,0.5,141627,5290,24.4,0.7,196356,5204,33.9,0.7,114008,3628,19.7,0.6
VA,Virginia,5,578531,7084,109871,4113,19,0.6,121923,3450,21.1,0.6,197536,4117,34.1,0.5,149201,3172,25.8,0.5
VA,Virginia,6,582756,4662,131680,2346,22.6,0.3,119755,3489,20.5,0.6,191356,2918,32.8,0.5,139965,2725,24,0.4
VA,Virginia,7,588061,8567,108547,4489,18.5,0.7,142947,4698,24.3,0.8,210231,4541,35.7,0.7,126336,4214,21.5,0.6
VA,Virginia,8,533417,10149,109243,4837,20.5,0.7,168603,4980,31.6,0.7,166271,4686,31.2,0.7,89300,3286,16.7,0.6
VA,Virginia,9,567315,4437,119009,3046,21,0.5,111192,2676,19.6,0.4,191661,2823,33.8,0.4,145453,2071,25.6,0.4
VA,Virginia,10,565197,8256,98594,4056,17.4,0.6,144436,4770,25.6,0.8,219463,4827,38.8,0.7,102704,3686,18.2,0.6
VA,Virginia,11,509988,10817,108065,5311,21.2,0.8,133940,4763,26.3,0.7,181280,5524,35.5,0.8,86703,3940,17,0.8
WA,Washington,1,519555,10068,89058,5945,17.1,1,139221,5304,26.8,1,193442,6951,37.2,1.1,97834,4511,18.8,0.9
WA,Washington,2,558321,7945,127235,4756,22.8,0.7,132695,4595,23.8,0.7,177757,5016,31.8,0.8,120634,3717,21.6,0.6
WA,Washington,3,544994,4118,98922,2228,18.2,0.3,130162,2256,23.9,0.4,188493,2690,34.6,0.4,127417,1879,23.4,0.4
WA,Washington,4,443137,5909,101079,3061,22.8,0.6,104005,3276,23.5,0.7,139372,3324,31.5,0.6,98681,2454,22.3,0.5
WA,Washington,5,551532,3876,128261,2045,23.3,0.3,125417,2369,22.7,0.4,173298,2008,31.4,0.3,124556,1495,22.6,0.3
WA,Washington,6,570991,6932,105695,4163,18.5,0.6,133343,3756,23.4,0.6,185911,4109,32.6,0.6,146042,2457,25.6,0.4
WA,Washington,7,600321,11081,143720,6334,23.9,0.9,177404,6568,29.6,1,169461,6228,28.2,0.8,109736,4978,18.3,0.8
WA,Washington,8,522952,10928,90974,4378,17.4,0.7,129726,5420,24.8,0.9,201383,6157,38.5,0.9,100869,4525,19.3,0.8
WA,Washington,9,499184,11809,104339,6065,20.9,1,134537,6968,27,1.2,163081,5400,32.7,0.9,97227,4766,19.5,0.9
WA,Washington,10,544552,6928,127027,3924,23.3,0.6,139911,4650,25.7,0.8,168782,4905,31,0.8,108832,3053,20,0.6
WV,West Virginia,1,486327,3632,101752,2398,20.9,0.4,104414,2189,21.5,0.4,159942,2436,32.9,0.4,120219,1901,24.7,0.4
WV,West Virginia,2,487208,3478,85419,2401,17.5,0.5,110323,2352,22.6,0.5,172084,2808,35.3,0.5,119382,2426,24.5,0.5
WV,West Virginia,3,457623,2050,80052,1712,17.5,0.4,100024,1814,21.9,0.4,157192,1628,34.3,0.3,120355,1331,26.3,0.3
WI,Wisconsin,1,539789,5165,97284,2904,18,0.5,122993,3597,22.8,0.6,202358,3943,37.5,0.7,117154,3281,21.7,0.6
WI,Wisconsin,2,577976,3636,140415,2342,24.3,0.3,138504,1986,24,0.3,184902,2055,32,0.3,114155,1772,19.8,0.3
WI,Wisconsin,3,566700,2657,132563,2376,23.4,0.4,118693,1999,20.9,0.3,186191,1906,32.9,0.3,129253,1670,22.8,0.3
WI,Wisconsin,4,493143,4985,130598,2711,26.5,0.5,127685,2915,25.9,0.5,150055,3320,30.4,0.5,84805,1986,17.2,0.4
WI,Wisconsin,5,558805,5239,98106,2914,17.6,0.5,131851,3250,23.6,0.5,197688,3537,35.4,0.5,131160,2994,23.5,0.5
WI,Wisconsin,6,556485,2532,102408,1665,18.4,0.3,122332,2130,22,0.4,200105,2042,36,0.3,131640,1068,23.7,0.2
WI,Wisconsin,7,552651,2556,86048,1610,15.6,0.3,115957,1843,21,0.3,206377,1798,37.3,0.3,144269,1494,26.1,0.2
WI,Wisconsin,8,556205,2262,101057,1787,18.2,0.3,128912,1853,23.2,0.3,200720,1671,36.1,0.3,125516,1064,22.6,0.2
WY,Wyoming,At-large,433644,2221,86967,1666,20.1,0.4,106361,1762,24.5,0.4,144337,2205,33.3,0.5,95979,1485,22.1,0.3
