State abbreviation,State name,Congressional district,Citizen voting-age population estimate,Citizen voting-age population MOE,Men estimate,Men MOE,Men percent total,Men percent MOE,Women estimate,Women MOE,Women percent total,Women percent MOE,Poverty universe,Poverty universe margin of error (MOE),Below poverty level estimate,Below poverty level MOE,Below poverty level percent total,Below poverty level percent MOE
AL,Alabama,1,544464,3424,256603,2312,47.1,0.3,287861,2175,52.9,0.3,532906,4244,76483,6772,14.4,1.3
AL,Alabama,2,516295,5674,243971,3467,47.3,0.4,272324,3369,52.7,0.4,498215,6078,75815,5500,15.2,1.1
AL,Alabama,3,543854,4099,261066,2813,48,0.3,282788,2387,52,0.3,526264,4581,88748,6737,16.9,1.3
AL,Alabama,4,515701,4678,248166,3029,48.1,0.3,267535,2859,51.9,0.3,509407,4836,70775,4705,13.9,0.9
AL,Alabama,5,551968,2121,267633,1788,48.5,0.2,284335,1610,51.5,0.2,537668,2826,61196,5668,11.4,1.1
AL,Alabama,6,535753,7635,255440,5227,47.7,0.5,280313,4313,52.3,0.5,524830,7733,48300,4906,9.2,1
AL,Alabama,7,504177,9052,230516,5232,45.7,0.6,273661,5749,54.3,0.6,481363,9041,103655,6623,21.5,1.4
AK,Alaska,At-large,532244,2539,279792,1890,52.6,0.3,252452,2008,47.4,0.3,519019,2513,51051,4246,9.8,0.8
AZ,Arizona,1,568661,9203,283123,6171,49.8,0.6,285538,4989,50.2,0.6,536962,8900,89883,5688,16.7,1
AZ,Arizona,2,550044,9439,267865,6098,48.7,0.6,282179,5352,51.3,0.6,533913,9463,62901,5465,11.8,0.9
AZ,Arizona,3,500787,12277,256566,8010,51.2,0.9,244221,7182,48.8,0.9,478150,12581,72311,5536,15.1,1.1
AZ,Arizona,4,633528,10386,318974,6574,50.3,0.5,314554,5561,49.7,0.5,610113,10165,68749,5492,11.3,0.9
AZ,Arizona,5,587681,10348,283913,7022,48.3,0.7,303768,6090,51.7,0.7,586067,10340,37227,3805,6.4,0.7
AZ,Arizona,6,577899,11084,279903,8198,48.4,0.9,297996,7108,51.6,0.9,576110,11153,44701,4473,7.8,0.8
AZ,Arizona,7,454957,12175,226970,6665,49.9,0.9,227987,8151,50.1,0.9,447394,11913,67279,4979,15,1.1
AZ,Arizona,8,599423,9645,281157,6225,46.9,0.7,318266,6284,53.1,0.7,589749,9795,38999,4187,6.6,0.7
AZ,Arizona,9,562791,12216,280089,8148,49.8,0.9,282702,7499,50.2,0.9,552135,12608,60388,4974,10.9,0.9
AR,Arkansas,1,548710,3198,270423,2348,49.3,0.3,278287,1897,50.7,0.3,522923,3506,89589,5251,17.1,1
AR,Arkansas,2,570220,3398,271053,2181,47.5,0.3,299167,2511,52.5,0.3,555802,3856,75688,5860,13.6,1.1
AR,Arkansas,3,573113,5357,277923,3639,48.5,0.4,295190,3363,51.5,0.4,557687,5401,67436,5680,12.1,1
AR,Arkansas,4,532069,4667,255252,2971,48,0.3,276817,2607,52,0.3,514124,4920,86232,6853,16.8,1.3
CA,California,1,553702,4675,276469,2969,49.9,0.3,277233,3061,50.1,0.3,534889,5042,77504,4840,14.5,0.9
CA,California,2,534951,6691,262941,4598,49.2,0.5,272010,3923,50.8,0.5,522186,7371,53649,3970,10.3,0.8
CA,California,3,504299,7222,246961,4640,49,0.7,257338,5113,51,0.7,489655,7602,65293,4484,13.3,0.9
CA,California,4,573118,5649,286496,3641,50,0.4,286622,3758,50,0.4,562791,6131,44632,5194,7.9,0.9
CA,California,5,508369,9829,242276,6539,47.7,0.7,266093,5746,52.3,0.7,501445,9889,41040,4182,8.2,0.8
CA,California,6,506434,10206,244392,6051,48.3,0.7,262042,6527,51.7,0.7,499803,9972,64734,4900,13,1
CA,California,7,537436,8063,259003,5089,48.2,0.6,278433,4941,51.8,0.6,530517,8122,50715,4413,9.6,0.8
CA,California,8,477512,10385,240107,6199,50.3,0.9,237405,7155,49.7,0.9,465044,10343,68015,6501,14.6,1.4
CA,California,9,482967,8819,234940,5691,48.6,0.7,248027,5620,51.4,0.7,473224,8657,50332,4964,10.6,1.1
CA,California,10,493409,7043,242938,4435,49.2,0.5,250471,4053,50.8,0.5,488503,7105,51924,5671,10.6,1.2
CA,California,11,508963,9040,245241,5449,48.2,0.7,263722,5808,51.8,0.7,503806,9122,35217,3654,7,0.7
CA,California,12,571300,7542,292211,5544,51.1,0.6,279089,4327,48.9,0.6,563530,7499,54323,4915,9.6,0.9
CA,California,13,536892,6882,253135,4547,47.1,0.6,283757,4957,52.9,0.6,523587,7174,59812,4745,11.4,0.9
CA,California,14,511049,8400,249886,6515,48.9,0.7,261163,4555,51.1,0.7,505623,8493,30509,2863,6,0.5
CA,California,15,503361,8070,248705,4834,49.4,0.6,254656,5383,50.6,0.6,498277,8069,24930,3251,5,0.6
CA,California,16,423147,10984,210027,6857,49.6,0.7,213120,5711,50.4,0.7,406162,11155,81954,6426,20.2,1.4
CA,California,17,438374,13412,224282,8081,51.2,1,214092,7881,48.8,1,430314,13028,28312,4135,6.6,0.9
CA,California,18,491580,9611,239626,5593,48.7,0.6,251954,5864,51.3,0.6,480245,9471,28612,3592,6,0.8
CA,California,19,482363,9857,238475,6612,49.4,0.7,243888,5424,50.6,0.7,477211,9705,36308,3811,7.6,0.8
CA,California,20,434889,8953,216679,5540,49.8,0.7,218210,5052,50.2,0.7,411682,9452,38475,4501,9.3,1
CA,California,21,354669,11267,190018,7101,53.6,1.2,164651,6814,46.4,1.2,323856,10657,57483,5123,17.7,1.6
CA,California,22,483064,10845,228078,6372,47.2,0.6,254986,5888,52.8,0.6,478408,10916,58757,6468,12.3,1.3
CA,California,23,490446,10566,247112,7052,50.4,0.8,243334,5849,49.6,0.8,477323,10724,75310,5611,15.8,1.1
CA,California,24,508333,5576,253408,3820,49.9,0.5,254925,3671,50.1,0.5,478763,6420,60133,5044,12.6,1.1
CA,California,25,482964,10876,235314,5360,48.7,0.8,247650,7866,51.3,0.8,475581,11020,48804,5230,10.3,1.1
CA,California,26,480928,6034,235049,3891,48.9,0.5,245879,3934,51.1,0.5,471915,6282,33106,3570,7,0.7
CA,California,27,471963,11108,224505,6671,47.6,0.8,247458,6853,52.4,0.8,463381,11037,41601,4207,9,0.9
CA,California,28,502971,13353,246827,6961,49.1,1,256144,9403,50.9,1,499140,13270,53429,4396,10.7,0.9
CA,California,29,402898,11545,196524,6940,48.8,1,206374,7295,51.2,1,399807,11758,45157,4691,11.3,1.1
CA,California,30,529846,14610,256236,8348,48.4,0.8,273610,8293,51.6,0.8,523743,14740,43908,5126,8.4,0.9
CA,California,31,482081,9659,230379,6084,47.8,0.9,251702,6755,52.2,0.9,464860,11220,51108,5086,11,1.1
CA,California,32,449452,11398,213040,6823,47.4,0.8,236412,6640,52.6,0.8,441456,11301,38130,3906,8.6,0.9
CA,California,33,517251,10427,251819,6843,48.7,0.8,265432,6356,51.3,0.8,500426,10347,37349,3632,7.5,0.7
CA,California,34,425520,11922,215755,8468,50.7,1.1,209765,6391,49.3,1.1,408807,11387,70687,5958,17.3,1.4
CA,California,35,450565,12666,220837,7786,49,1,229728,7626,51,1,440052,12527,41460,4566,9.4,1
CA,California,36,536333,9648,262414,7174,48.9,0.8,273919,5977,51.1,0.8,528270,9520,68097,6020,12.9,1.1
CA,California,37,468463,13452,223584,8506,47.7,1,244879,7863,52.3,1,459415,13286,61771,5043,13.4,1
CA,California,38,481296,10991,233542,7350,48.5,0.9,247754,6716,51.5,0.9,474994,10896,38012,5583,8,1.2
CA,California,39,486713,10190,233873,6762,48.1,0.9,252840,6377,51.9,0.9,482420,10057,32182,3372,6.7,0.7
CA,California,40,340435,9624,165988,6467,48.8,1.1,174447,5851,51.2,1.1,338726,9589,46300,4533,13.7,1.3
CA,California,41,478613,8532,237023,6912,49.5,0.9,241590,5435,50.5,0.9,463587,9887,51104,5222,11,1.1
CA,California,42,538265,9226,269677,5862,50.1,0.7,268588,6355,49.9,0.7,533812,9128,38700,5064,7.2,0.9
CA,California,43,454185,11440,213003,7075,46.9,1,241182,7564,53.1,1,448459,11267,48133,4866,10.7,1.1
CA,California,44,395819,8661,188238,6714,47.6,1.1,207581,5575,52.4,1.1,391379,8490,54905,5066,14,1.3
CA,California,45,532802,12285,259823,7055,48.8,0.8,272979,7634,51.2,0.8,524647,12176,38768,4434,7.4,0.8
CA,California,46,408633,10145,201808,6368,49.4,1,206825,6496,50.6,1,397295,10166,45856,5234,11.5,1.3
CA,California,47,491712,10923,239510,6898,48.7,0.9,252202,7278,51.3,0.9,486226,10666,50414,3717,10.4,0.8
CA,California,48,529832,8764,261462,6320,49.3,0.8,268370,5513,50.7,0.8,528025,8793,41904,4418,7.9,0.8
CA,California,49,519302,10212,259293,6474,49.9,0.9,260009,7038,50.1,0.9,502167,10387,31322,5122,6.2,1
CA,California,50,513522,11367,254481,7601,49.6,0.8,259041,6370,50.4,0.8,508243,11212,42991,4754,8.5,1
CA,California,51,445034,11226,231666,7618,52.1,1,213368,6634,47.9,1,417314,11958,61130,6688,14.6,1.6
CA,California,52,546843,12471,277751,9220,50.8,0.9,269092,6748,49.2,0.9,523070,12155,39255,3936,7.5,0.7
CA,California,53,563962,15636,280508,10328,49.7,0.9,283454,8167,50.3,0.9,555546,16080,53727,5554,9.7,0.9
CO,Colorado,1,619349,5507,309603,3994,50,0.4,309746,3290,50,0.4,607672,5675,55734,4605,9.2,0.8
CO,Colorado,2,619285,6451,309961,4913,50.1,0.5,309324,3636,49.9,0.5,599732,6564,58303,4857,9.7,0.8
CO,Colorado,3,565901,5796,280001,4197,49.5,0.5,285900,3496,50.5,0.5,552902,6002,67233,5536,12.2,1
CO,Colorado,4,598599,5986,302689,3601,50.6,0.4,295910,3924,49.4,0.4,583283,6102,44288,3525,7.6,0.6
CO,Colorado,5,603967,3639,309714,2478,51.3,0.3,294253,2672,48.7,0.3,575663,4543,48574,3919,8.4,0.7
CO,Colorado,6,567801,9080,277947,5518,49,0.5,289854,4919,51,0.5,562482,9457,30122,3293,5.4,0.6
CO,Colorado,7,576138,8222,283711,4765,49.2,0.4,292427,4847,50.8,0.4,567731,8060,43603,5151,7.7,0.9
CT,Connecticut,1,523004,7034,247490,4891,47.3,0.5,275514,4099,52.7,0.5,513017,7109,48741,3958,9.5,0.8
CT,Connecticut,2,548572,5593,272014,3805,49.6,0.4,276558,3576,50.4,0.4,512850,5646,42018,3926,8.2,0.8
CT,Connecticut,3,535024,7312,251948,4826,47.1,0.6,283076,4528,52.9,0.6,511818,7679,49435,4673,9.7,0.9
CT,Connecticut,4,496370,6476,234779,4288,47.3,0.6,261591,4298,52.7,0.6,485611,6760,41943,4997,8.6,1
CT,Connecticut,5,511395,9390,246253,5516,48.2,0.6,265142,5736,51.8,0.6,498350,9438,42611,3821,8.6,0.8
DE,Delaware,At-large,720867,3971,343826,2337,47.7,0.2,377041,2406,52.3,0.2,698953,4007,72431,6197,10.4,0.9
DC,District of Columbia,At-large,526393,4612,245922,2739,46.7,0.3,280471,2890,53.3,0.3,497589,4397,72562,4946,14.6,1
FL,Florida,1,601423,2752,300883,1918,50,0.2,300540,2122,50,0.2,573824,4551,61279,6325,10.7,1.1
FL,Florida,2,573718,6050,290954,3946,50.7,0.5,282764,4508,49.3,0.5,531429,6373,71752,6382,13.5,1.2
FL,Florida,3,579993,6726,282160,3716,48.6,0.5,297833,4988,51.4,0.5,550065,7444,81167,6446,14.8,1.1
FL,Florida,4,614794,10052,301588,5504,49.1,0.6,313206,6728,50.9,0.6,600574,10297,46523,4814,7.7,0.8
FL,Florida,5,541992,11225,254528,6598,47,0.7,287464,6806,53,0.7,515909,11422,99897,6558,19.4,1.2
FL,Florida,6,621566,6917,296982,4025,47.8,0.4,324584,4533,52.2,0.4,612618,7043,67142,5845,11,0.9
FL,Florida,7,581583,10621,282311,7183,48.5,0.7,299272,6201,51.5,0.7,558487,11139,63702,5604,11.4,0.9
FL,Florida,8,610604,4145,293057,2998,48,0.4,317547,3102,52,0.4,604434,4807,56876,5839,9.4,1
FL,Florida,9,644898,15477,313560,8912,48.6,0.7,331338,8962,51.4,0.7,637713,15557,72873,8553,11.4,1.3
FL,Florida,10,546157,12769,262516,7861,48.1,0.9,283641,7965,51.9,0.9,539800,12975,70483,7945,13.1,1.4
FL,Florida,11,652135,10786,313750,5452,48.1,0.5,338385,7043,51.9,0.5,637176,10642,69985,5622,11,0.9
FL,Florida,12,605983,7435,285091,5160,47,0.5,320892,4659,53,0.5,596985,8029,61058,6193,10.2,1
FL,Florida,13,584889,8338,281217,5570,48.1,0.6,303672,5138,51.9,0.6,574243,8562,60632,4956,10.6,0.8
FL,Florida,14,534225,9792,253933,6070,47.5,0.7,280292,6369,52.5,0.7,523819,9807,69743,6227,13.3,1.2
FL,Florida,15,578715,14070,278594,8002,48.1,0.9,300121,9761,51.9,0.9,570615,14134,65321,5263,11.4,1
FL,Florida,16,638769,8875,302288,5301,47.3,0.5,336481,5308,52.7,0.5,631712,9165,57125,5957,9,0.9
FL,Florida,17,615104,10351,301114,6586,49,0.6,313990,5995,51,0.6,602735,10560,67861,5953,11.3,1
FL,Florida,18,599873,10324,288462,6292,48.1,0.6,311411,6081,51.9,0.6,594476,10232,54001,5749,9.1,1
FL,Florida,19,631233,11072,300597,6705,47.6,0.5,330636,6262,52.4,0.5,622071,11240,57652,6585,9.3,1
FL,Florida,20,507613,13423,242726,8320,47.8,1,264887,8344,52.2,1,495390,13574,73896,7702,14.9,1.5
FL,Florida,21,546101,11927,255769,7359,46.8,0.8,290332,7763,53.2,0.8,542489,12049,44811,5414,8.3,1
FL,Florida,22,534846,11346,265302,8012,49.6,1,269544,7255,50.4,1,529036,11323,45187,4716,8.5,0.9
FL,Florida,23,510212,9952,242283,6817,47.5,0.9,267929,6850,52.5,0.9,508324,9907,49339,6037,9.7,1.2
FL,Florida,24,477697,12311,220770,7873,46.2,1.1,256927,8157,53.8,1.1,467414,12178,77269,6544,16.5,1.3
FL,Florida,25,453055,14226,212439,8749,46.9,1.1,240616,8781,53.1,1.1,447653,14511,49424,6201,11,1.3
FL,Florida,26,476033,12380,225950,8012,47.5,1.1,250083,8125,52.5,1.1,467075,12635,53344,5587,11.4,1.2
FL,Florida,27,464604,13439,222276,7920,47.8,1.1,242328,8897,52.2,1.1,457395,13727,51044,5596,11.2,1.2
GA,Georgia,1,550713,4548,265885,2718,48.3,0.3,284828,2860,51.7,0.3,528280,5250,70331,5318,13.3,1
GA,Georgia,2,498322,5387,237183,3504,47.6,0.4,261139,3278,52.4,0.4,464769,6477,98551,5334,21.2,1.1
GA,Georgia,3,548941,6659,261012,4228,47.5,0.4,287929,3917,52.5,0.4,537649,6953,65079,6681,12.1,1.2
GA,Georgia,4,527938,10870,243040,6151,46,0.8,284898,7319,54,0.8,523057,11019,51138,7189,9.8,1.4
GA,Georgia,5,587385,11293,276291,7125,47,0.8,311094,7229,53,0.8,551428,10563,88065,6214,16,1.1
GA,Georgia,6,496468,9646,243742,6623,49.1,0.8,252726,5560,50.9,0.8,493937,9745,22372,3337,4.5,0.7
GA,Georgia,7,486845,13303,226855,8058,46.6,0.9,259990,7695,53.4,0.9,482823,12947,34298,5183,7.1,1.1
GA,Georgia,8,527338,5981,251135,3949,47.6,0.5,276203,3673,52.4,0.5,508862,5981,92521,7761,18.2,1.5
GA,Georgia,9,556967,6033,270985,3640,48.7,0.4,285982,3770,51.3,0.4,545726,6692,56373,5495,10.3,1
GA,Georgia,10,565803,9414,272442,5808,48.2,0.5,293361,5357,51.8,0.5,542122,9805,71163,5506,13.1,1
GA,Georgia,11,559687,9450,265122,5627,47.4,0.6,294565,5791,52.6,0.6,548550,9464,44203,4630,8.1,0.8
GA,Georgia,12,540482,5219,263096,3497,48.7,0.4,277386,3165,51.3,0.4,507512,6151,83972,7268,16.5,1.4
GA,Georgia,13,523476,12223,234458,6929,44.8,0.9,289018,8239,55.2,0.9,518694,12244,43146,5467,8.3,1.1
GA,Georgia,14,516434,4331,247683,2845,48,0.4,268751,3258,52,0.4,504547,5250,57895,4939,11.5,1
HI,Hawaii,1,509992,8672,259092,5083,50.8,0.5,250900,4877,49.2,0.5,495018,8329,31466,3295,6.4,0.7
HI,Hawaii,2,506514,7345,254001,4620,50.1,0.5,252513,4178,49.9,0.5,491721,7300,43163,4412,8.8,0.9
ID,Idaho,1,661724,6207,327753,5059,49.5,0.5,333971,4357,50.5,0.5,646145,6210,62534,6067,9.7,0.9
ID,Idaho,2,590690,6236,295212,5152,50,0.6,295478,3922,50,0.6,582159,6291,68775,4390,11.8,0.8
IL,Illinois,1,524114,13385,239139,7454,45.6,0.7,284975,8063,54.4,0.7,514916,13300,74766,6112,14.5,1.1
IL,Illinois,2,497132,10186,220603,6737,44.4,0.9,276529,6684,55.6,0.9,489594,10384,77321,5257,15.8,1.1
IL,Illinois,3,479004,11273,239389,6460,50,0.7,239615,6524,50,0.7,470227,11262,40182,5112,8.5,1
IL,Illinois,4,410804,10402,198815,7114,48.4,1,211989,6146,51.6,1,408610,10340,43427,4585,10.6,1.1
IL,Illinois,5,545831,13594,264796,8109,48.5,0.8,281035,8297,51.5,0.8,536884,13472,38711,3691,7.2,0.6
IL,Illinois,6,523796,7397,256062,5351,48.9,0.7,267734,5108,51.1,0.7,515795,7621,25904,3065,5,0.6
IL,Illinois,7,522767,13446,245563,9110,47,1,277204,7769,53,1,499676,13736,89468,6066,17.9,1.2
IL,Illinois,8,442009,9089,210434,5697,47.6,0.9,231575,6321,52.4,0.9,437858,9140,27635,3758,6.3,0.9
IL,Illinois,9,498242,10167,242188,7306,48.6,0.9,256054,6090,51.4,0.9,482383,10028,49348,5158,10.2,1
IL,Illinois,10,468255,7926,228987,4795,48.9,0.5,239268,4646,51.1,0.5,449762,7925,31798,3661,7.1,0.8
IL,Illinois,11,472244,8696,230365,5674,48.8,0.7,241879,5102,51.2,0.7,466570,8626,30188,2910,6.5,0.6
IL,Illinois,12,528398,3128,258312,2310,48.9,0.3,270086,2115,51.1,0.3,510485,3777,72726,4616,14.2,0.9
IL,Illinois,13,539012,6187,262945,4266,48.8,0.5,276067,3617,51.2,0.5,503603,6790,81940,4980,16.3,1
IL,Illinois,14,525729,7412,258410,4578,49.2,0.5,267319,4608,50.8,0.5,523009,7427,22704,3536,4.3,0.7
IL,Illinois,15,532371,4362,263271,2729,49.5,0.4,269100,3299,50.5,0.4,509784,4771,63091,3990,12.4,0.8
IL,Illinois,16,520730,4681,258813,3145,49.7,0.4,261917,2998,50.3,0.4,504555,5001,45055,3902,8.9,0.8
IL,Illinois,17,512994,5263,250502,3650,48.8,0.5,262492,3575,51.2,0.5,492760,5854,66654,4576,13.5,0.9
IL,Illinois,18,531334,6741,256746,4529,48.3,0.4,274588,3650,51.7,0.4,513739,6655,50132,4636,9.8,0.9
IN,Indiana,1,537218,2969,259331,2327,48.3,0.3,277887,2044,51.7,0.3,522771,3495,58981,4778,11.3,0.9
IN,Indiana,2,522778,3982,254316,2859,48.6,0.3,268462,2186,51.4,0.3,503831,4488,55923,4411,11.1,0.9
IN,Indiana,3,540022,2746,263081,1600,48.7,0.2,276941,2053,51.3,0.2,529139,3149,47924,3848,9.1,0.7
IN,Indiana,4,567094,4245,281136,2864,49.6,0.3,285958,2657,50.4,0.3,541335,4341,57075,4822,10.5,0.9
IN,Indiana,5,573500,6937,273289,4241,47.7,0.5,300211,4798,52.3,0.5,559314,7462,45920,4732,8.2,0.8
IN,Indiana,6,549035,2722,267782,2075,48.8,0.3,281253,1863,51.2,0.3,529878,3444,67700,4895,12.8,0.9
IN,Indiana,7,521076,6956,242838,4419,46.6,0.6,278238,5263,53.4,0.6,509529,7019,77616,5766,15.2,1.1
IN,Indiana,8,549149,2287,270738,1544,49.3,0.2,278411,1644,50.7,0.2,525125,3065,62903,5091,12,1
IN,Indiana,9,575308,3657,279976,2614,48.7,0.3,295332,2434,51.3,0.3,553531,3839,64247,4578,11.6,0.8
IA,Iowa,1,580187,2876,284027,2105,49,0.2,296160,1778,51,0.2,558232,3281,56396,4028,10.1,0.7
IA,Iowa,2,581525,2670,284369,1646,48.9,0.2,297156,1960,51.1,0.2,560199,3554,62112,4578,11.1,0.8
IA,Iowa,3,601044,3898,292105,2421,48.6,0.2,308939,2242,51.4,0.2,588009,3925,51444,4375,8.7,0.7
IA,Iowa,4,564463,2859,278749,1894,49.4,0.2,285714,1890,50.6,0.2,536367,3420,55271,3188,10.3,0.6
KS,Kansas,1,502712,3509,254352,2534,50.6,0.3,248360,2313,49.4,0.3,474980,3731,57226,4181,12,0.9
KS,Kansas,2,538594,2980,266041,2373,49.4,0.4,272553,2488,50.6,0.4,513794,3650,70225,4968,13.7,0.9
KS,Kansas,3,534532,3744,258428,2419,48.3,0.2,276104,2024,51.7,0.2,529568,3981,31937,3298,6,0.6
KS,Kansas,4,515676,3192,253444,2431,49.1,0.3,262232,1872,50.9,0.3,503367,3237,54144,5203,10.8,1
KY,Kentucky,1,552530,3169,269167,2530,48.7,0.4,283363,2605,51.3,0.4,528102,4279,82046,5254,15.5,1
KY,Kentucky,2,577362,4615,282075,3226,48.9,0.4,295287,2974,51.1,0.4,557689,5149,78440,6055,14.1,1.1
KY,Kentucky,3,553926,3786,261136,2262,47.1,0.2,292790,2130,52.9,0.2,541159,4308,68708,6871,12.7,1.3
KY,Kentucky,4,565232,4216,277020,3121,49,0.3,288212,2604,51,0.3,551490,4794,55545,4237,10.1,0.8
KY,Kentucky,5,537877,3689,263796,2783,49,0.3,274081,2270,51,0.3,517228,4692,124355,6900,24,1.3
KY,Kentucky,6,581992,4750,279091,3505,48,0.4,302901,3326,52,0.4,560860,5221,74703,5080,13.3,0.9
LA,Louisiana,1,594231,7375,282992,4735,47.6,0.5,311239,4459,52.4,0.5,582654,7475,66838,6789,11.5,1.1
LA,Louisiana,2,587115,8471,273178,6050,46.5,0.6,313937,5136,53.5,0.6,567296,8384,113301,6082,20,1.1
LA,Louisiana,3,577604,2928,275886,1939,47.8,0.2,301718,1706,52.2,0.2,566763,3080,86760,6376,15.3,1.1
LA,Louisiana,4,559310,2947,272704,2032,48.8,0.2,286606,2006,51.2,0.2,540960,3650,104441,6848,19.3,1.3
LA,Louisiana,5,555804,4901,274214,3431,49.3,0.4,281590,3176,50.7,0.4,513602,5593,103696,7241,20.2,1.4
LA,Louisiana,6,585015,7251,276949,4524,47.3,0.5,308066,5016,52.7,0.5,575426,7484,60246,6810,10.5,1.2
ME,Maine,1,546625,3606,262366,2111,48,0.3,284259,2832,52,0.3,533126,3644,46725,3660,8.8,0.7
ME,Maine,2,524036,3159,256001,1903,48.9,0.2,268035,2046,51.1,0.2,509879,3122,67713,3868,13.3,0.8
MD,Maryland,1,567926,5943,274632,3572,48.4,0.3,293294,3492,51.6,0.3,552884,6568,42578,4192,7.7,0.8
MD,Maryland,2,560167,10243,260668,6027,46.5,0.6,299499,6329,53.5,0.6,543593,10338,51775,5573,9.5,1
MD,Maryland,3,545892,12375,264371,7192,48.4,0.7,281521,7306,51.6,0.7,528919,12548,36310,3391,6.9,0.6
MD,Maryland,4,503398,11202,233987,6750,46.5,0.7,269411,6363,53.5,0.7,499442,10788,29106,3549,5.8,0.7
MD,Maryland,5,556897,9297,266835,5993,47.9,0.5,290062,5047,52.1,0.5,538164,9303,32040,3837,6,0.7
MD,Maryland,6,523698,8346,256158,5437,48.9,0.6,267540,5119,51.1,0.6,503145,8828,41902,3781,8.3,0.7
MD,Maryland,7,528398,10931,244249,5649,46.2,0.6,284149,7121,53.8,0.6,509441,10915,70189,5904,13.8,1.1
MD,Maryland,8,533774,9035,255084,5546,47.8,0.7,278690,5904,52.2,0.7,525419,9117,27438,3494,5.2,0.6
MA,Massachusetts,1,568024,5218,266490,3279,46.9,0.4,301534,3461,53.1,0.4,546653,5413,65836,4252,12,0.8
MA,Massachusetts,2,558962,8532,269755,4989,48.3,0.5,289207,5115,51.7,0.5,522617,8333,45937,5184,8.8,1
MA,Massachusetts,3,543580,9566,267058,6455,49.1,0.8,276522,6323,50.9,0.8,529486,9633,45122,4159,8.5,0.8
MA,Massachusetts,4,559943,7776,264258,4791,47.2,0.6,295685,5511,52.8,0.6,538159,8059,33098,3975,6.2,0.7
MA,Massachusetts,5,535109,10214,254313,6411,47.5,0.7,280796,6067,52.5,0.7,513186,9883,30239,3810,5.9,0.8
MA,Massachusetts,6,577241,6734,273324,4356,47.4,0.6,303917,5037,52.6,0.6,562214,6523,40491,4284,7.2,0.8
MA,Massachusetts,7,558430,11033,261887,6614,46.9,0.8,296543,7348,53.1,0.8,516378,10401,78640,5823,15.2,1.1
MA,Massachusetts,8,561241,10353,271141,6681,48.3,0.7,290100,6388,51.7,0.7,547326,10206,34217,3560,6.3,0.7
MA,Massachusetts,9,573274,7656,272549,5197,47.5,0.5,300725,4618,52.5,0.5,562197,7834,47427,4010,8.4,0.7
MI,Michigan,1,564858,1561,286708,1510,50.8,0.2,278150,1247,49.2,0.2,546107,2800,65586,4083,12,0.7
MI,Michigan,2,551323,4776,270056,3683,49,0.4,281267,3012,51,0.4,534886,5042,55290,4717,10.3,0.9
MI,Michigan,3,551028,4362,269805,3619,49,0.5,281223,3351,51,0.5,537073,5122,55617,3906,10.4,0.7
MI,Michigan,4,554938,2626,275776,1716,49.7,0.3,279162,2124,50.3,0.3,531080,3327,71584,3269,13.5,0.6
MI,Michigan,5,520558,2700,249502,1658,47.9,0.2,271056,1986,52.1,0.2,515340,2949,80779,4304,15.7,0.8
MI,Michigan,6,541981,3071,263696,2249,48.7,0.2,278285,1625,51.3,0.2,531118,3711,64711,4801,12.2,0.9
MI,Michigan,7,548462,2889,271940,2153,49.6,0.3,276522,2010,50.4,0.3,528311,3355,48683,3890,9.2,0.7
MI,Michigan,8,554462,5219,270121,3094,48.7,0.4,284341,3674,51.3,0.4,536158,5579,50669,4396,9.5,0.8
MI,Michigan,9,552114,6344,266809,4176,48.3,0.6,285305,4813,51.7,0.6,547797,6289,58611,4421,10.7,0.8
MI,Michigan,10,553804,5635,272084,3443,49.1,0.4,281720,3768,50.9,0.4,547765,5449,49350,3878,9,0.7
MI,Michigan,11,534817,6785,258134,4897,48.3,0.5,276683,3937,51.7,0.5,529991,6817,31151,3200,5.9,0.6
MI,Michigan,12,526943,7440,255173,5064,48.4,0.6,271770,4612,51.6,0.6,509760,7443,71305,4905,14,0.9
MI,Michigan,13,474739,8475,220128,5026,46.4,0.8,254611,6155,53.6,0.8,469472,8469,115844,7132,24.7,1.4
MI,Michigan,14,512851,9342,237874,5386,46.4,0.7,274977,6637,53.6,0.7,504057,9351,86226,6221,17.1,1.2
MN,Minnesota,1,500330,2914,247189,1847,49.4,0.3,253141,2049,50.6,0.3,482916,3745,47096,3344,9.8,0.7
MN,Minnesota,2,511914,3848,247867,2387,48.4,0.3,264047,2314,51.6,0.3,503107,3942,27606,3237,5.5,0.6
MN,Minnesota,3,517834,7590,251195,4822,48.5,0.6,266639,5017,51.5,0.6,514568,7677,23532,2833,4.6,0.5
MN,Minnesota,4,510862,5084,243687,3286,47.7,0.4,267175,3008,52.3,0.4,496836,4969,46437,4123,9.3,0.8
MN,Minnesota,5,517155,6617,256364,4401,49.6,0.6,260791,4738,50.4,0.6,503118,6872,61661,4573,12.3,0.9
MN,Minnesota,6,525551,4938,264594,3445,50.3,0.4,260957,3062,49.7,0.4,515433,5140,32509,3195,6.3,0.6
MN,Minnesota,7,495727,2489,245413,2072,49.5,0.3,250314,1386,50.5,0.3,482844,2772,45244,2582,9.4,0.5
MN,Minnesota,8,527541,1381,266984,1007,50.6,0.2,260557,1158,49.4,0.2,512566,2360,58844,3275,11.5,0.6
MS,Mississippi,1,577880,2748,274187,2315,47.4,0.3,303693,2107,52.6,0.3,559338,3469,74040,5443,13.2,1
MS,Mississippi,2,523479,4699,246408,3287,47.1,0.4,277071,2728,52.9,0.4,496061,5779,101273,6386,20.4,1.3
MS,Mississippi,3,559913,5338,263747,3977,47.1,0.4,296166,3011,52.9,0.4,539427,6012,94524,6462,17.5,1.2
MS,Mississippi,4,579386,3131,278636,2476,48.1,0.3,300750,2421,51.9,0.3,560746,3705,97084,6991,17.3,1.3
MO,Missouri,1,549361,6958,253168,4419,46.1,0.5,296193,4298,53.9,0.5,534195,7583,86150,6130,16.1,1.2
MO,Missouri,2,575828,8830,272618,5319,47.3,0.5,303210,5451,52.7,0.5,565960,9031,24873,3199,4.4,0.6
MO,Missouri,3,602748,6241,295360,3662,49,0.3,307388,3557,51,0.3,585685,6578,43942,4326,7.5,0.7
MO,Missouri,4,584925,4248,289078,3408,49.4,0.4,295847,2917,50.6,0.4,553519,5015,79363,4850,14.3,0.9
MO,Missouri,5,573775,5681,274276,3165,47.8,0.3,299499,3463,52.2,0.3,563867,5423,62939,4643,11.2,0.8
MO,Missouri,6,583457,5275,287409,3270,49.3,0.3,296048,3212,50.7,0.3,558571,5282,50539,3401,9,0.6
MO,Missouri,7,595559,2710,287998,2107,48.4,0.2,307561,1844,51.6,0.2,578418,3289,81695,5031,14.1,0.9
MO,Missouri,8,567717,3947,280877,2765,49.5,0.3,286840,2525,50.5,0.3,545199,4614,87592,5103,16.1,0.9
MT,Montana,At-large,823668,2462,413026,2760,50.1,0.2,410642,1830,49.9,0.2,804355,2455,97803,5705,12.2,0.7
NE,Nebraska,1,473676,3971,236555,2920,49.9,0.3,237121,2192,50.1,0.3,457270,4116,45705,3556,10,0.8
NE,Nebraska,2,467041,4132,226651,2588,48.5,0.3,240390,2212,51.5,0.3,456667,4259,41176,3498,9,0.8
NE,Nebraska,3,439543,3065,216125,2543,49.2,0.4,223418,1963,50.8,0.4,424327,3086,43757,3233,10.3,0.8
NV,Nevada,1,418811,10703,211011,7038,50.4,0.9,207800,6024,49.6,0.9,412668,10654,75734,5520,18.4,1.2
NV,Nevada,2,531489,4280,268234,2794,50.5,0.4,263255,3246,49.5,0.4,521800,4250,45749,3985,8.8,0.8
NV,Nevada,3,607915,11250,298190,7408,49.1,0.8,309725,7157,50.9,0.8,606083,11322,42769,4819,7.1,0.8
NV,Nevada,4,516951,10773,258915,6521,50.1,0.7,258036,6307,49.9,0.7,505533,11122,55887,4593,11.1,0.9
NH,New Hampshire,1,540224,4909,265533,3256,49.2,0.4,274691,3269,50.8,0.4,523141,5259,35655,3454,6.8,0.7
NH,New Hampshire,2,529588,4458,260293,3095,49.2,0.4,269295,3082,50.8,0.4,510009,4684,33260,3257,6.5,0.6
NJ,New Jersey,1,542034,6191,258989,3496,47.8,0.4,283045,4006,52.2,0.4,533571,6358,53128,4139,10,0.7
NJ,New Jersey,2,531339,6456,257404,3611,48.4,0.4,273935,4223,51.6,0.4,513349,6963,49849,5054,9.7,1
NJ,New Jersey,3,570276,5881,276793,3312,48.5,0.3,293483,3670,51.5,0.3,558203,8204,30679,3304,5.5,0.6
NJ,New Jersey,4,539643,8273,253208,5334,46.9,0.5,286435,4559,53.1,0.5,533840,7957,31194,4056,5.8,0.7
NJ,New Jersey,5,527932,8667,252797,5109,47.9,0.5,275135,5262,52.1,0.5,517601,8437,22025,3394,4.3,0.7
NJ,New Jersey,6,502463,7651,247252,4984,49.2,0.6,255211,4984,50.8,0.6,475444,8019,37453,3483,7.9,0.7
NJ,New Jersey,7,527076,9094,254674,5391,48.3,0.5,272402,5375,51.7,0.5,520070,9257,20223,2587,3.9,0.5
NJ,New Jersey,8,425604,11139,207269,7178,48.7,1,218335,6677,51.3,1,420513,11315,47592,4070,11.3,1
NJ,New Jersey,9,481499,11594,230505,7064,47.9,0.7,250994,6395,52.1,0.7,479380,11396,49046,5555,10.2,1.2
NJ,New Jersey,10,496051,9959,234506,6416,47.3,0.7,261545,5641,52.7,0.7,480735,10228,65422,6113,13.6,1.2
NJ,New Jersey,11,548734,8988,261914,5463,47.7,0.5,286820,5346,52.3,0.5,536031,8852,21125,3248,3.9,0.6
NJ,New Jersey,12,505683,9993,242465,5596,47.9,0.7,263218,6460,52.1,0.7,489002,10060,36428,3860,7.4,0.8
NM,New Mexico,1,514775,6996,249488,4447,48.5,0.4,265287,3567,51.5,0.4,508282,7490,73116,5462,14.4,1.1
NM,New Mexico,2,484702,6155,239241,4360,49.4,0.5,245461,3523,50.6,0.5,467832,6758,84825,6819,18.1,1.4
NM,New Mexico,3,507907,5741,246780,3806,48.6,0.5,261127,3687,51.4,0.5,499664,6149,89207,4764,17.9,1
NY,New York,1,530436,8854,257571,5857,48.6,0.6,272865,4927,51.4,0.6,519175,9092,31046,3783,6,0.7
NY,New York,2,515987,10089,252580,6716,49,0.7,263407,5872,51,0.7,512695,9995,31530,3951,6.1,0.8
NY,New York,3,521235,9204,248504,6072,47.7,0.7,272731,5713,52.3,0.7,512317,8948,25261,3714,4.9,0.7
NY,New York,4,506457,8321,240633,5110,47.5,0.7,265824,5563,52.5,0.7,497226,8644,23349,3387,4.7,0.7
NY,New York,5,501784,12659,232458,7387,46.3,0.7,269326,7093,53.7,0.7,493643,12675,47721,5173,9.7,1
NY,New York,6,448065,12825,212441,6998,47.4,0.8,235624,7517,52.6,0.8,443584,13050,41855,4167,9.4,0.9
NY,New York,7,446196,14230,214479,8862,48.1,0.9,231717,7510,51.9,0.9,439774,13083,79879,6384,18.2,1.3
NY,New York,8,540660,13211,233029,7243,43.1,0.7,307631,7794,56.9,0.7,534467,12725,96821,6611,18.1,1.2
NY,New York,9,486880,12651,218455,7896,44.9,0.8,268425,6874,55.1,0.8,483155,12728,61616,5004,12.8,1
NY,New York,10,473542,10788,221514,7383,46.8,1.1,252028,7695,53.2,1.1,458508,10613,57042,5508,12.4,1.1
NY,New York,11,500998,8100,237048,5064,47.3,0.6,263950,4740,52.7,0.6,495306,8017,54201,5648,10.9,1.1
NY,New York,12,530252,14243,250793,8883,47.3,0.9,279459,8386,52.7,0.9,513697,14449,48742,5603,9.5,1
NY,New York,13,505003,13783,232128,8527,46,1.1,272875,8875,54,1.1,497817,13503,109993,8000,22.1,1.5
NY,New York,14,392398,12236,194391,7578,49.5,1.1,198007,7445,50.5,1.1,380258,12061,44703,4775,11.8,1.2
NY,New York,15,410819,11144,184098,6922,44.8,1.1,226721,7228,55.2,1.1,405180,11520,121432,7082,30,1.6
NY,New York,16,498243,10607,223699,6847,44.9,0.8,274544,6340,55.1,0.8,485031,10732,51192,5831,10.6,1.1
NY,New York,17,502861,6893,241981,5055,48.1,0.7,260880,4534,51.9,0.7,489310,6882,36680,3789,7.5,0.8
NY,New York,18,524373,5240,258678,3446,49.3,0.4,265695,2982,50.7,0.4,505373,5624,38590,3818,7.6,0.8
NY,New York,19,553713,5607,276166,3405,49.9,0.3,277547,3351,50.1,0.3,527441,6107,58461,4544,11.1,0.8
NY,New York,20,557251,5438,266403,3404,47.8,0.4,290848,3441,52.2,0.4,532729,5768,50906,4569,9.6,0.8
NY,New York,21,551303,4192,283623,2631,51.4,0.3,267680,2509,48.6,0.3,516373,4562,54118,3733,10.5,0.7
NY,New York,22,539437,3753,265317,2167,49.2,0.2,274120,2178,50.8,0.2,510768,4683,64552,4986,12.6,1
NY,New York,23,544564,3340,267455,2699,49.1,0.4,277109,2460,50.9,0.4,510456,4410,70217,5023,13.8,1
NY,New York,24,539797,2939,260293,2116,48.2,0.2,279504,1736,51.8,0.2,514966,4606,58584,4685,11.4,0.9
NY,New York,25,543698,4648,257318,2497,47.3,0.3,286380,2996,52.7,0.3,523100,4899,68088,4719,13,0.9
NY,New York,26,539694,5187,255091,3873,47.3,0.5,284603,3636,52.7,0.5,523261,5448,72530,4865,13.9,0.9
NY,New York,27,564383,5939,278943,4875,49.4,0.5,285440,3484,50.6,0.5,545584,5277,42730,4147,7.8,0.8
NC,North Carolina,1,566173,6735,262291,4179,46.3,0.5,303882,4387,53.7,0.5,536378,7576,89085,6707,16.6,1.2
NC,North Carolina,2,601142,7863,291498,5030,48.5,0.6,309644,5390,51.5,0.6,593495,7698,42953,5590,7.2,0.9
NC,North Carolina,3,579504,4996,293180,3031,50.6,0.4,286324,3771,49.4,0.4,545792,6035,72185,5678,13.2,1
NC,North Carolina,4,624834,7413,294403,5145,47.1,0.7,330431,5912,52.9,0.7,596963,7777,56009,5389,9.4,0.9
NC,North Carolina,5,572721,3131,271575,2411,47.4,0.3,301146,1958,52.6,0.3,550670,4377,76313,5733,13.9,1
NC,North Carolina,6,567392,5676,268248,3916,47.3,0.4,299144,3356,52.7,0.4,555732,5562,62094,5762,11.2,1
NC,North Carolina,7,613510,5769,291864,3165,47.6,0.3,321646,3527,52.4,0.3,598995,6103,81576,6015,13.6,1
NC,North Carolina,8,581896,5618,280980,3975,48.3,0.4,300916,3251,51.7,0.4,560326,5896,64418,4460,11.5,0.8
NC,North Carolina,9,561804,6951,267655,4385,47.6,0.4,294149,3980,52.4,0.4,548599,7196,56464,3898,10.3,0.7
NC,North Carolina,10,585102,4892,277020,3342,47.3,0.3,308082,2792,52.7,0.3,572654,5024,70692,6384,12.3,1.1
NC,North Carolina,11,604505,5083,289081,3620,47.8,0.4,315424,3408,52.2,0.4,591536,5410,74390,5709,12.6,1
NC,North Carolina,12,591843,7234,275402,4765,46.5,0.5,316441,4165,53.5,0.5,581131,7669,54940,5101,9.5,0.8
NC,North Carolina,13,579274,7005,271691,4387,46.9,0.4,307583,4163,53.1,0.4,560122,7300,65082,4904,11.6,0.8
ND,North Dakota,At-large,567351,3196,291026,2449,51.3,0.3,276325,2146,48.7,0.3,546513,3199,57163,4106,10.5,0.8
OH,Ohio,1,541695,5990,262456,4675,48.5,0.6,279239,4175,51.5,0.6,522774,6243,61323,4170,11.7,0.8
OH,Ohio,2,557971,6728,267271,5218,47.9,0.6,290700,4145,52.1,0.6,550012,6891,65318,4923,11.9,0.9
OH,Ohio,3,560963,8952,262190,5831,46.7,0.6,298773,5631,53.3,0.6,543140,9357,87584,6728,16.1,1.2
OH,Ohio,4,542874,4816,269636,2954,49.7,0.3,273238,3151,50.3,0.3,517764,4921,53877,4187,10.4,0.8
OH,Ohio,5,549171,4850,265489,3309,48.3,0.3,283682,2727,51.7,0.3,533728,5196,49753,3496,9.3,0.7
OH,Ohio,6,545803,4800,271382,2846,49.7,0.3,274421,3226,50.3,0.3,526363,4910,78256,5421,14.9,1
OH,Ohio,7,557024,7057,267916,3924,48.1,0.4,289108,4405,51.9,0.4,544781,7134,55197,4619,10.1,0.8
OH,Ohio,8,546406,2927,263947,2017,48.3,0.2,282459,1832,51.7,0.2,532437,3308,53264,4018,10,0.8
OH,Ohio,9,545749,8394,263532,5216,48.3,0.6,282217,5460,51.7,0.6,534835,8753,89928,4942,16.8,0.9
OH,Ohio,10,552514,2402,263435,1576,47.7,0.2,289079,1630,52.3,0.2,526770,3839,71539,4635,13.6,0.9
OH,Ohio,11,524803,8831,238090,5160,45.4,0.6,286713,5597,54.6,0.6,507302,8615,107065,6607,21.1,1.2
OH,Ohio,12,585940,7173,290618,4182,49.6,0.5,295322,4746,50.4,0.5,569339,7359,49050,4566,8.6,0.8
OH,Ohio,13,559931,7719,268927,5171,48,0.5,291004,4553,52,0.5,541535,8375,80108,5390,14.8,0.9
OH,Ohio,14,553668,6479,266077,4672,48.1,0.5,287591,3580,51.9,0.5,544116,6583,36742,3973,6.8,0.7
OH,Ohio,15,586092,6358,292487,4276,49.9,0.5,293605,4537,50.1,0.5,556465,6391,61556,5446,11.1,1
OH,Ohio,16,553316,8332,269087,5634,48.6,0.6,284229,4688,51.4,0.6,543064,8165,33622,3327,6.2,0.6
OK,Oklahoma,1,565812,2986,270452,1944,47.8,0.2,295360,1680,52.2,0.2,558168,3080,62121,3911,11.1,0.7
OK,Oklahoma,2,564213,2174,275370,1612,48.8,0.2,288843,1467,51.2,0.2,543589,2345,91676,4235,16.9,0.8
OK,Oklahoma,3,571661,2631,285869,2638,50,0.4,285792,2249,50,0.4,545818,3254,71757,3998,13.1,0.7
OK,Oklahoma,4,589702,4619,291854,3261,49.5,0.4,297848,3223,50.5,0.4,563986,5630,66997,4660,11.9,0.8
OK,Oklahoma,5,561277,5517,266722,3705,47.5,0.3,294555,2949,52.5,0.3,547860,5932,72937,5364,13.3,1
OR,Oregon,1,606198,6201,294448,3825,48.6,0.4,311750,3790,51.4,0.4,596872,6086,48348,3990,8.1,0.7
OR,Oregon,2,619186,4754,305421,3329,49.3,0.3,313765,2924,50.7,0.3,605564,4930,73367,4712,12.1,0.8
OR,Oregon,3,627716,5932,309299,4346,49.3,0.5,318417,4190,50.7,0.5,616973,6051,65208,4395,10.6,0.7
OR,Oregon,4,638548,5000,313807,3212,49.1,0.3,324741,3319,50.9,0.3,626815,5306,96381,5557,15.4,0.9
OR,Oregon,5,606523,6245,295492,3812,48.7,0.4,311031,3958,51.3,0.4,595610,6522,60545,4545,10.2,0.8
PA,Pennsylvania,1,544860,4939,264421,2854,48.5,0.3,280439,3031,51.5,0.3,537518,5137,27607,3201,5.1,0.6
PA,Pennsylvania,2,496510,12153,234087,7949,47.1,0.9,262423,7222,52.9,0.9,487446,11896,105114,7563,21.6,1.5
PA,Pennsylvania,3,564612,11678,253086,8663,44.8,0.9,311526,6429,55.2,0.9,538968,11018,113844,9060,21.1,1.6
PA,Pennsylvania,4,543723,4822,260436,3175,47.9,0.3,283287,2790,52.1,0.3,528636,5093,28462,3113,5.4,0.6
PA,Pennsylvania,5,519983,6115,243516,3936,46.8,0.5,276467,4298,53.2,0.5,498676,6147,45199,4064,9.1,0.8
PA,Pennsylvania,6,522912,4827,252469,3426,48.3,0.4,270443,3170,51.7,0.4,507935,5382,39976,4110,7.9,0.8
PA,Pennsylvania,7,552078,4662,267694,2749,48.5,0.3,284384,3132,51.5,0.3,533234,4905,53161,5042,10,0.9
PA,Pennsylvania,8,535133,5536,261619,3280,48.9,0.4,273514,3607,51.1,0.4,516034,5925,59557,4825,11.5,0.9
PA,Pennsylvania,9,555775,5005,277295,3543,49.9,0.4,278480,2765,50.1,0.4,528749,5803,49237,3694,9.3,0.7
PA,Pennsylvania,10,552761,5816,266462,3427,48.2,0.4,286299,3596,51.8,0.4,531726,6384,46291,4124,8.7,0.8
PA,Pennsylvania,11,553568,5995,269825,3504,48.7,0.3,283743,3613,51.3,0.3,543005,6030,37367,3419,6.9,0.6
PA,Pennsylvania,12,551022,3977,273160,3224,49.6,0.4,277862,2517,50.4,0.4,516051,4837,66048,3846,12.8,0.7
PA,Pennsylvania,13,545111,3919,268312,2760,49.2,0.4,276799,3151,50.8,0.4,523708,4594,52637,4644,10.1,0.9
PA,Pennsylvania,14,551164,2665,268241,1759,48.7,0.2,282923,1499,51.3,0.2,534212,3132,50791,3317,9.5,0.6
PA,Pennsylvania,15,548615,4573,278000,2958,50.7,0.3,270615,2930,49.3,0.3,519562,4878,57901,2724,11.1,0.5
PA,Pennsylvania,16,539710,2919,262719,1887,48.7,0.2,276991,1865,51.3,0.2,513587,3943,64498,4109,12.6,0.8
PA,Pennsylvania,17,559285,6462,270617,4014,48.4,0.5,288668,4516,51.6,0.5,552462,6327,41481,3672,7.5,0.7
PA,Pennsylvania,18,544390,6168,254384,3810,46.7,0.5,290006,4548,53.3,0.5,522202,5985,71545,4734,13.7,0.9
RI,Rhode Island,1,395409,6058,188916,4124,47.8,0.9,206493,4922,52.2,0.9,376196,6338,49877,4549,13.3,1.2
RI,Rhode Island,2,407668,6982,195852,4384,48,0.7,211816,4631,52,0.7,391434,7207,33551,3562,8.6,0.9
SC,South Carolina,1,613912,6942,295032,4465,48.1,0.5,318880,4672,51.9,0.5,605071,6550,53615,5615,8.9,0.9
SC,South Carolina,2,537342,7030,255658,4453,47.6,0.6,281684,4799,52.4,0.6,520411,7341,57271,5196,11,1
SC,South Carolina,3,534772,4868,258621,3280,48.4,0.3,276151,2586,51.6,0.3,517074,5325,70663,6068,13.7,1.2
SC,South Carolina,4,533533,6329,251842,3977,47.2,0.4,281691,3467,52.8,0.4,518231,6630,50729,4931,9.8,0.9
SC,South Carolina,5,552247,4381,262084,2807,47.5,0.3,290163,2530,52.5,0.3,541112,4759,65432,5713,12.1,1.1
SC,South Carolina,6,506843,10563,241997,6623,47.7,0.8,264846,6763,52.3,0.8,469768,10341,95495,6619,20.3,1.3
SC,South Carolina,7,571428,3454,265082,2561,46.4,0.3,306346,2484,53.6,0.3,558493,3958,89683,6932,16.1,1.3
SD,South Dakota,At-large,647089,2674,323519,2541,50,0.3,323570,2557,50,0.3,623323,2687,73236,4619,11.7,0.7
TN,Tennessee,1,563918,3157,271986,2304,48.2,0.3,291932,2092,51.8,0.3,549414,4316,75115,5167,13.7,0.9
TN,Tennessee,2,583056,3129,278806,2184,47.8,0.2,304250,2075,52.2,0.2,568291,4005,67235,6014,11.8,1
TN,Tennessee,3,571456,3926,274322,2765,48,0.3,297134,2530,52,0.3,554284,4447,73597,5867,13.3,1
TN,Tennessee,4,590540,4743,284223,3165,48.1,0.4,306317,3170,51.9,0.4,576455,4853,71929,5418,12.5,0.9
TN,Tennessee,5,563797,5435,267201,3691,47.4,0.4,296596,3013,52.6,0.4,545555,6250,62163,5218,11.4,1
TN,Tennessee,6,591603,3690,286118,2013,48.4,0.3,305485,3045,51.6,0.3,580485,4723,63405,4619,10.9,0.8
TN,Tennessee,7,578288,3700,283131,2537,49,0.3,295157,2241,51,0.3,561453,3996,61291,5044,10.9,0.9
TN,Tennessee,8,525277,4889,252231,3086,48,0.4,273046,3307,52,0.4,508600,4988,59907,4084,11.8,0.8
TN,Tennessee,9,507231,5835,229788,3791,45.3,0.4,277443,3396,54.7,0.4,494516,5872,104034,7885,21,1.7
TX,Texas,1,511974,4743,243891,2733,47.6,0.3,268083,2911,52.4,0.3,489794,5639,66257,6366,13.5,1.3
TX,Texas,2,520180,17389,252870,10292,48.6,1.1,267310,10500,51.4,1.1,513178,17338,45949,6107,9,1.2
TX,Texas,3,563318,7999,267900,4675,47.6,0.4,295418,4751,52.4,0.4,559484,8399,31157,4492,5.6,0.8
TX,Texas,4,543354,5315,264225,3406,48.6,0.3,279129,2971,51.4,0.3,527224,6145,60598,5055,11.5,1
TX,Texas,5,480610,7387,237717,4818,49.5,0.7,242893,4964,50.5,0.7,457691,7441,49171,4898,10.7,1.1
TX,Texas,6,554709,11109,265398,6613,47.8,0.7,289311,6987,52.2,0.7,548599,11066,40104,4702,7.3,0.8
TX,Texas,7,448262,17967,209156,10672,46.7,1.2,239106,10307,53.3,1.2,447412,17919,32347,4461,7.2,1
TX,Texas,8,584039,8995,292242,5444,50,0.5,291797,5241,50,0.5,554256,10002,51546,5780,9.3,1.1
TX,Texas,9,445634,16319,211591,9498,47.5,1.2,234043,10169,52.5,1.2,443690,16362,60975,7760,13.7,1.6
TX,Texas,10,593629,15051,288737,9089,48.6,0.9,304892,9243,51.4,0.9,583103,14935,45323,5926,7.8,1
TX,Texas,11,542570,6851,270606,4382,49.9,0.5,271964,4120,50.1,0.5,524915,7544,56229,5615,10.7,1
TX,Texas,12,572411,11504,275420,8143,48.1,0.8,296991,6009,51.9,0.8,560045,11963,51359,6692,9.2,1.2
TX,Texas,13,493390,5774,251525,3179,51,0.4,241865,3680,49,0.4,462703,6732,54698,4278,11.8,0.9
TX,Texas,14,532153,6811,266577,4336,50.1,0.4,265576,3971,49.9,0.4,501418,7635,55633,6290,11.1,1.3
TX,Texas,15,435170,10959,216790,6902,49.8,0.8,218380,6223,50.2,0.8,423944,11026,69316,7398,16.4,1.7
TX,Texas,16,458940,7531,227861,4525,49.6,0.6,231079,4547,50.4,0.6,446926,8078,66463,6036,14.9,1.3
TX,Texas,17,550601,9229,266019,5806,48.3,0.7,284582,6349,51.7,0.7,522495,9281,86479,5768,16.6,1.1
TX,Texas,18,480387,17751,233867,11698,48.7,1.2,246520,9029,51.3,1.2,462858,16833,75981,7084,16.4,1.5
TX,Texas,19,509891,4649,253073,3163,49.6,0.4,256818,3102,50.4,0.4,478854,4985,73898,5936,15.4,1.2
TX,Texas,20,549483,15793,266701,10492,48.5,0.9,282782,7714,51.5,0.9,538664,16051,78203,7590,14.5,1.3
TX,Texas,21,622228,13955,300234,8254,48.3,0.8,321994,8651,51.7,0.8,609561,13635,62856,5760,10.3,0.9
TX,Texas,22,577164,14484,283653,7829,49.1,0.8,293511,9498,50.9,0.8,572542,14648,37033,7807,6.5,1.3
TX,Texas,23,507547,12255,255762,7813,50.4,1,251785,8030,49.6,1,495087,12209,64674,6895,13.1,1.4
TX,Texas,24,503766,10913,241559,7603,48,0.8,262207,6113,52,0.8,501043,10945,27589,4174,5.5,0.8
TX,Texas,25,570238,11587,286160,6927,50.2,0.7,284078,7073,49.8,0.7,538733,10766,49268,5006,9.1,0.9
TX,Texas,26,605249,8073,293998,5758,48.6,0.6,311251,4859,51.4,0.6,596433,8198,37984,5516,6.4,0.9
TX,Texas,27,517267,6497,249089,4132,48.2,0.5,268178,4436,51.8,0.5,504347,6896,66523,6190,13.2,1.2
TX,Texas,28,434305,11134,211486,7214,48.7,0.8,222819,5872,51.3,0.8,431020,11192,71215,6928,16.5,1.6
TX,Texas,29,369239,12870,184052,7970,49.8,1.2,185187,7646,50.2,1.2,368373,12863,53056,5620,14.4,1.5
TX,Texas,30,479082,11936,226629,7811,47.3,0.9,252453,6827,52.7,0.9,466444,11923,80570,8511,17.3,1.7
TX,Texas,31,602236,5813,291279,3886,48.4,0.4,310957,3949,51.6,0.4,588627,5935,45276,4776,7.7,0.8
TX,Texas,32,505867,10389,241389,6659,47.7,0.8,264478,6678,52.3,0.8,501485,10397,33312,3985,6.6,0.8
TX,Texas,33,360226,12748,177253,7580,49.2,1.2,182973,7871,50.8,1.2,356444,12894,57028,5306,16,1.3
TX,Texas,34,424863,9876,210491,6216,49.5,0.9,214372,6097,50.5,0.9,410889,10172,76627,6478,18.6,1.4
TX,Texas,35,532967,13421,267072,8036,50.1,1,265895,8856,49.9,1,519488,13720,89634,7286,17.3,1.3
TX,Texas,36,519385,9934,256534,6061,49.4,0.6,262851,5776,50.6,0.6,500765,9912,53382,4697,10.7,0.9
UT,Utah,1,521517,4200,261025,2542,50.1,0.3,260492,2743,49.9,0.3,515287,4854,40922,3791,7.9,0.7
UT,Utah,2,529608,7295,266242,4825,50.3,0.6,263366,4576,49.7,0.6,518139,7495,54116,5689,10.4,1
UT,Utah,3,517848,6002,257021,3872,49.6,0.5,260827,3899,50.4,0.5,505535,6066,48167,4473,9.5,0.9
UT,Utah,4,518368,8401,257209,5630,49.6,0.7,261159,5334,50.4,0.7,513240,8412,27894,4049,5.4,0.8
VT,Vermont,At-large,500274,2062,244517,1696,48.9,0.2,255757,1525,51.1,0.2,478729,1985,51013,4008,10.7,0.8
VA,Virginia,1,590281,8602,288174,5593,48.8,0.5,302107,4531,51.2,0.5,575553,8616,32713,3639,5.7,0.6
VA,Virginia,2,559397,6204,278026,4590,49.7,0.5,281371,3685,50.3,0.5,525667,6362,39039,3965,7.4,0.7
VA,Virginia,3,559137,7090,265323,4317,47.5,0.5,293814,4623,52.5,0.5,534234,7934,67289,5599,12.6,1
VA,Virginia,4,579606,9665,277950,5814,48,0.5,301656,5259,52,0.5,552122,9935,69142,6671,12.5,1.1
VA,Virginia,5,578531,7084,277524,4490,48,0.4,301007,3891,52,0.4,549679,8107,71010,5306,12.9,1
VA,Virginia,6,582756,4662,278155,3355,47.7,0.4,304601,2805,52.3,0.4,551076,5646,74487,4871,13.5,0.9
VA,Virginia,7,588061,8567,278885,5222,47.4,0.5,309176,5142,52.6,0.5,579054,8317,42425,5025,7.3,0.9
VA,Virginia,8,533417,10149,259240,5662,48.6,0.5,274177,5827,51.4,0.5,528006,10271,29010,3486,5.5,0.7
VA,Virginia,9,567315,4437,281110,3259,49.6,0.3,286205,2639,50.4,0.3,537046,4641,101298,5782,18.9,1.1
VA,Virginia,10,565197,8256,278318,4546,49.2,0.5,286879,5392,50.8,0.5,561118,8366,18701,3074,3.3,0.5
VA,Virginia,11,509988,10817,252893,6774,49.6,0.7,257095,5876,50.4,0.7,503481,10912,28904,4144,5.7,0.8
WA,Washington,1,519555,10068,259298,5704,49.9,0.6,260257,6308,50.1,0.6,513626,9900,31799,3671,6.2,0.7
WA,Washington,2,558321,7945,277303,5026,49.7,0.6,281018,5466,50.3,0.6,547881,8366,51230,4719,9.4,0.8
WA,Washington,3,544994,4118,267783,2354,49.1,0.3,277211,2650,50.9,0.3,540961,4239,46668,3892,8.6,0.7
WA,Washington,4,443137,5909,219857,4253,49.6,0.5,223280,3178,50.4,0.5,436739,6501,48302,4782,11.1,1.1
WA,Washington,5,551532,3876,270788,2719,49.1,0.3,280744,2346,50.9,0.3,528622,4670,71510,4874,13.5,0.9
WA,Washington,6,570991,6932,286913,4892,50.2,0.5,284078,3668,49.8,0.5,555996,7412,50470,4347,9.1,0.8
WA,Washington,7,600321,11081,299820,6977,49.9,0.8,300501,7341,50.1,0.8,585893,11277,51450,5505,8.8,0.9
WA,Washington,8,522952,10928,255555,6770,48.9,0.7,267397,6668,51.1,0.7,518688,10967,34677,3550,6.7,0.7
WA,Washington,9,499184,11809,249316,7179,49.9,0.7,249868,6779,50.1,0.7,492776,11767,44073,4327,8.9,0.9
WA,Washington,10,544552,6928,269010,4552,49.4,0.5,275542,4213,50.6,0.5,533246,7050,46965,4424,8.8,0.8
WV,West Virginia,1,486327,3632,240272,2179,49.4,0.3,246055,2276,50.6,0.3,467069,4169,68380,4214,14.6,0.9
WV,West Virginia,2,487208,3478,238345,2344,48.9,0.3,248863,2360,51.1,0.3,477780,3646,65445,5947,13.7,1.2
WV,West Virginia,3,457623,2050,222773,1647,48.7,0.2,234850,1353,51.3,0.2,444168,2777,88765,6414,20,1.4
WI,Wisconsin,1,539789,5165,265317,3534,49.2,0.5,274472,3644,50.8,0.5,527799,5690,43388,4075,8.2,0.8
WI,Wisconsin,2,577976,3636,282335,2571,48.8,0.3,295641,2104,51.2,0.3,563251,3682,59134,4707,10.5,0.8
WI,Wisconsin,3,566700,2657,282813,2303,49.9,0.3,283887,1704,50.1,0.3,539696,3167,65049,3741,12.1,0.7
WI,Wisconsin,4,493143,4985,231471,3416,46.9,0.4,261672,2775,53.1,0.4,478705,5340,89003,5234,18.6,1.1
WI,Wisconsin,5,558805,5239,269326,3446,48.2,0.4,289479,3624,51.8,0.4,548155,4856,34963,3153,6.4,0.6
WI,Wisconsin,6,556485,2532,279627,1707,50.2,0.2,276858,1769,49.8,0.2,535367,3316,44006,3944,8.2,0.7
WI,Wisconsin,7,552651,2556,276779,1854,50.1,0.2,275872,1494,49.9,0.2,542845,2849,48200,2771,8.9,0.5
WI,Wisconsin,8,556205,2262,275043,1773,49.4,0.2,281162,1756,50.6,0.2,544705,2901,41391,3226,7.6,0.6
WY,Wyoming,At-large,433644,2221,219788,1828,50.7,0.4,213856,2112,49.3,0.4,422610,2199,42105,4741,10,1.1
