State abbreviation,State name,Congressional district,Citizen voting-age population estimate,Citizen voting-age population MOE,White estimate,White MOE,White percent total,White percent MOE,Black estimate,Black MOE,Black percent total,Black percent MOE,Asian estimate,Asian MOE,Asian percent total,Asian percent MOE,American Indian and Alaska Native estimate,American Indian and Alaska Native MOE,American Indian and Alaska Native percent total,American Indian and Alaska Native percent MOE,Native Hawaiian and other Pacific Islander estimate,Native Hawaiian and other Pacific Islander MOE,Native Hawaiian and other Pacific Islander percent total,Native Hawaiian and other Pacific Islander percent MOE,Other estimate,Other MOE,Other percent total,Other percent MOE,Two or more estimate,Two or more MOE,Two or more percent total,Two or more percent MOE,Hispanic estimate,Hispanic MOE,Hispanic percent total,Hispanic percent MOE,White non-Hispanic estimate,White non-Hispanic MOE,White non-Hispanic percent total,White non-Hispanic percent MOE
AL,Alabama,1,544464,3424,379018,2294,69.6,0.4,144187,4134,26.5,0.7,6506,1048,1.2,0.2,NA,NA,NA,NA,NA,NA,NA,NA,2884,1365,0.5,0.3,7325,3134,1.3,0.6,11678,1192,2.1,0.2,370443,1879,68,0.4
AL,Alabama,2,516295,5674,338162,2699,65.5,0.7,162707,5053,31.5,0.7,3817,1075,0.7,0.2,NA,NA,NA,NA,NA,NA,NA,NA,1818,632,0.4,0.1,7705,3264,1.5,0.6,9755,1007,1.9,0.2,331192,2414,64.1,0.7
AL,Alabama,3,543854,4099,390539,3116,71.8,0.6,139026,3205,25.6,0.5,4028,1107,0.7,0.2,NA,NA,NA,NA,NA,NA,NA,NA,2448,1432,0.5,0.3,6754,3166,1.2,0.6,12241,1773,2.3,0.3,381547,2690,70.2,0.5
AL,Alabama,4,515701,4678,459105,4697,89,0.5,39714,3332,7.7,0.6,NA,NA,NA,NA,NA,NA,NA,NA,NA,NA,NA,NA,3529,1563,0.7,0.3,8327,3467,1.6,0.7,11700,1626,2.3,0.3,451856,4178,87.6,0.5
AL,Alabama,5,551968,2121,427462,1491,77.4,0.3,99160,1830,18,0.3,5209,1067,0.9,0.2,NA,NA,NA,NA,NA,NA,NA,NA,5852,1539,1.1,0.3,12317,3228,2.2,0.6,14670,1569,2.7,0.3,420181,722,76.1,0.3
AL,Alabama,6,535753,7635,431768,6275,80.6,1,82560,7411,15.4,1.4,7642,1708,1.4,0.3,NA,NA,NA,NA,NA,NA,NA,NA,5066,2061,0.9,0.4,9103,4182,1.7,0.8,12660,2542,2.4,0.5,423727,6006,79.1,1
AL,Alabama,7,504177,9052,180979,6035,35.9,0.9,313943,6849,62.3,0.9,NA,NA,NA,NA,NA,NA,NA,NA,NA,NA,NA,NA,NA,NA,NA,NA,NA,NA,NA,NA,7621,1626,1.5,0.3,175060,5965,34.7,0.9
AK,Alaska,At-large,532244,2539,368438,2822,69.2,0.5,17519,1558,3.3,0.3,26468,2068,5,0.4,75676,4187,14.2,0.8,4320,1128,0.8,0.2,6980,1974,1.3,0.4,33181,3446,6.2,0.6,31790,1004,6,0.2,349058,1415,65.6,0.3
AZ,Arizona,1,568661,9203,388200,7933,68.3,0.9,16019,2753,2.8,0.5,6283,1272,1.1,0.2,124578,5839,21.9,1,NA,NA,NA,NA,16627,3857,2.9,0.7,17080,4240,3,0.7,107249,6519,18.9,1,309394,6464,54.4,0.9
AZ,Arizona,2,550044,9439,458052,7628,83.3,1,20701,2295,3.8,0.4,14034,2005,2.6,0.3,9940,3942,1.8,0.7,NA,NA,NA,NA,25168,3565,4.6,0.6,21864,3179,4,0.6,130624,6725,23.7,1,365443,6487,66.4,1.1
AZ,Arizona,3,500787,12277,357944,11584,71.5,1.6,28175,4435,5.6,0.9,9604,2217,1.9,0.4,26382,2701,5.3,0.5,NA,NA,NA,NA,59120,7236,11.8,1.4,18519,2913,3.7,0.6,267591,10421,53.4,1.3,174893,7175,34.9,1.3
AZ,Arizona,4,633528,10386,578190,9919,91.3,0.7,11176,2843,1.8,0.4,7942,1407,1.3,0.2,8582,2040,1.4,0.3,NA,NA,NA,NA,11112,2863,1.8,0.4,15000,2762,2.4,0.4,99681,6678,15.7,0.9,495800,7535,78.3,1
AZ,Arizona,5,587681,10348,507420,10915,86.3,0.9,22836,3672,3.9,0.6,22282,2918,3.8,0.5,7605,3282,1.3,0.6,NA,NA,NA,NA,13416,2764,2.3,0.5,13467,2050,2.3,0.3,79986,6029,13.6,1,445503,10611,75.8,1.3
AZ,Arizona,6,577899,11084,506970,11212,87.7,1.1,20018,4809,3.5,0.8,18222,3605,3.2,0.6,8632,3559,1.5,0.6,NA,NA,NA,NA,9807,1734,1.7,0.3,13635,2629,2.4,0.5,69238,6073,12,1,451867,10131,78.2,1.2
AZ,Arizona,7,454957,12175,317721,12475,69.8,1.8,52274,5567,11.5,1.2,10856,2638,2.4,0.6,18769,8034,4.1,1.8,NA,NA,NA,NA,37487,4187,8.2,0.9,18298,3217,4,0.7,231252,10553,50.8,1.8,141414,7526,31.1,1.5
AZ,Arizona,8,599423,9645,510303,9165,85.1,1.2,28428,5122,4.7,0.8,20387,3142,3.4,0.5,NA,NA,NA,NA,NA,NA,NA,NA,17439,3774,2.9,0.6,15934,3155,2.7,0.5,94705,7614,15.8,1.2,441353,10522,73.6,1.5
AZ,Arizona,9,562791,12216,442582,11308,78.6,1.4,36493,5063,6.5,0.9,21686,2817,3.9,0.5,18138,5325,3.2,0.9,NA,NA,NA,NA,21432,3286,3.8,0.6,19896,2553,3.5,0.4,108397,8554,19.3,1.4,365415,11758,64.9,1.8
AR,Arkansas,1,548710,3198,438139,2765,79.8,0.4,87917,4737,16,0.9,NA,NA,NA,NA,NA,NA,NA,NA,NA,NA,NA,NA,4421,1674,0.8,0.3,16059,4206,2.9,0.8,11266,1807,2.1,0.3,431129,2365,78.6,0.4
AR,Arkansas,2,570220,3398,422355,2568,74.1,0.3,128263,4140,22.5,0.7,6177,1353,1.1,0.2,NA,NA,NA,NA,NA,NA,NA,NA,3314,1178,0.6,0.2,8778,4113,1.5,0.7,13186,2126,2.3,0.4,413714,1613,72.6,0.4
AR,Arkansas,3,573113,5357,500760,4510,87.4,0.7,18315,2740,3.2,0.5,12673,2203,2.2,0.4,NA,NA,NA,NA,1735,999,0.3,0.2,19983,2987,3.5,0.5,13215,3801,2.3,0.7,46024,2726,8,0.4,476885,3196,83.2,0.6
AR,Arkansas,4,532069,4667,411637,4153,77.4,0.4,100650,4411,18.9,0.8,3019,1082,0.6,0.2,NA,NA,NA,NA,NA,NA,NA,NA,6858,1530,1.3,0.3,7232,3267,1.4,0.6,15662,1883,2.9,0.3,403409,3809,75.8,0.4
CA,California,1,553702,4675,485784,4680,87.7,0.5,10767,1872,1.9,0.3,12127,1265,2.2,0.2,9608,1944,1.7,0.4,NA,NA,NA,NA,14141,2639,2.6,0.5,21522,4574,3.9,0.8,58536,3075,10.6,0.5,445921,3639,80.5,0.6
CA,California,2,534951,6691,454414,5969,84.9,0.8,8870,1532,1.7,0.3,19514,2208,3.6,0.4,11655,2188,2.2,0.4,NA,NA,NA,NA,19112,2864,3.6,0.5,20970,2496,3.9,0.5,61074,4477,11.4,0.8,418700,5666,78.3,0.9
CA,California,3,504299,7222,359233,7649,71.2,1,35270,2900,7,0.6,52394,3581,10.4,0.7,5960,2269,1.2,0.4,NA,NA,NA,NA,22185,3153,4.4,0.6,25321,2866,5,0.6,109241,5185,21.7,0.9,280363,6098,55.6,0.9
CA,California,4,573118,5649,497366,5848,86.8,0.6,NA,NA,NA,NA,27898,2068,4.9,0.4,NA,NA,NA,NA,NA,NA,NA,NA,11868,2303,2.1,0.4,23354,2896,4.1,0.5,64548,2824,11.3,0.5,450006,5065,78.5,0.5
CA,California,5,508369,9829,351083,9434,69.1,1.3,34910,3545,6.9,0.7,56492,4180,11.1,0.8,NA,NA,NA,NA,NA,NA,NA,NA,37843,5026,7.4,1,21549,2632,4.2,0.5,97104,6505,19.1,1.2,301558,7824,59.3,1.2
CA,California,6,506434,10206,271180,8885,53.5,1.3,71316,4769,14.1,0.9,83265,5680,16.4,1.1,NA,NA,NA,NA,5553,1464,1.1,0.3,40599,5189,8,1,30155,3337,6,0.7,111950,5901,22.1,1.1,215048,7234,42.5,1.2
CA,California,7,537436,8063,361187,8310,67.2,1.2,44099,4440,8.2,0.8,75279,5622,14,1,NA,NA,NA,NA,4850,1617,0.9,0.3,19591,2851,3.6,0.5,26770,3146,5,0.6,82608,5319,15.4,0.9,307594,6729,57.2,1.1
CA,California,8,477512,10385,368454,10431,77.2,1.5,43008,8873,9,1.8,14025,2747,2.9,0.6,9164,3653,1.9,0.8,NA,NA,NA,NA,25509,3419,5.3,0.7,16327,2950,3.4,0.6,155314,8526,32.5,1.6,248281,8493,52,1.5
CA,California,9,482967,8819,290420,9269,60.1,1.5,49206,4418,10.2,0.9,69600,5261,14.4,1.1,NA,NA,NA,NA,NA,NA,NA,NA,29461,4192,6.1,0.9,38620,4852,8,1,142052,7597,29.4,1.5,206544,7049,42.8,1.2
CA,California,10,493409,7043,375752,7527,76.2,1.1,18469,3325,3.7,0.7,35626,3448,7.2,0.7,5748,1473,1.2,0.3,4250,929,0.9,0.2,30849,4557,6.3,0.9,22943,3083,4.6,0.6,175701,6342,35.6,1.1,244470,4794,49.5,0.8
CA,California,11,508963,9040,311242,6770,61.2,1.2,49347,3879,9.7,0.7,74364,4266,14.6,0.8,NA,NA,NA,NA,NA,NA,NA,NA,41347,4849,8.1,0.9,28089,4006,5.5,0.8,92941,5819,18.3,1,270864,5047,53.2,0.9
CA,California,12,571300,7542,296423,4589,51.9,0.7,32133,2172,5.6,0.4,178128,5763,31.2,0.9,NA,NA,NA,NA,NA,NA,NA,NA,33021,4256,5.8,0.7,28512,4057,5,0.7,66614,3990,11.7,0.6,269198,3638,47.1,0.6
CA,California,13,536892,6882,247852,7763,46.2,1.4,98151,4781,18.3,0.9,109823,6370,20.5,1.1,3579,777,0.7,0.1,3939,1018,0.7,0.2,43499,5144,8.1,0.9,30049,3374,5.6,0.6,83915,5427,15.6,0.9,217540,6453,40.5,1.2
CA,California,14,511049,8400,241671,6408,47.3,1.3,17614,2285,3.4,0.4,177859,5197,34.8,0.9,NA,NA,NA,NA,6011,908,1.2,0.2,40390,5685,7.9,1.1,26057,3421,5.1,0.6,91581,5051,17.9,0.9,198763,5389,38.9,1
CA,California,15,503361,8070,232958,7969,46.3,1.4,33069,4502,6.6,0.9,157240,6704,31.2,1.2,NA,NA,NA,NA,5903,1268,1.2,0.3,46852,5012,9.3,1,24347,2787,4.8,0.6,94547,6008,18.8,1.1,194131,7188,38.6,1.3
CA,California,16,423147,10984,259896,9674,61.4,1.5,29949,4302,7.1,1,40911,4328,9.7,1,6254,2043,1.5,0.5,NA,NA,NA,NA,73557,6688,17.4,1.5,12434,1757,2.9,0.4,210149,8990,49.7,1.3,133048,4137,31.4,1
CA,California,17,438374,13412,166583,10403,38,1.9,11616,3015,2.6,0.7,208824,9119,47.6,1.9,NA,NA,NA,NA,NA,NA,NA,NA,30812,5821,7,1.3,17009,2949,3.9,0.7,69573,7764,15.9,1.6,134388,7399,30.7,1.4
CA,California,18,491580,9611,346243,8787,70.4,1.3,11030,2350,2.2,0.5,100672,5210,20.5,1.1,NA,NA,NA,NA,NA,NA,NA,NA,14024,2725,2.9,0.5,17163,3014,3.5,0.6,56623,5607,11.5,1.1,307735,8764,62.6,1.4
CA,California,19,482363,9857,229734,9272,47.6,1.5,18927,2693,3.9,0.6,143142,6019,29.7,1.2,NA,NA,NA,NA,NA,NA,NA,NA,60224,6142,12.5,1.2,21598,3394,4.5,0.7,152994,8034,31.7,1.3,149701,5958,31,1.1
CA,California,20,434889,8953,305946,8658,70.4,1.3,11941,1667,2.7,0.4,27517,1926,6.3,0.4,NA,NA,NA,NA,NA,NA,NA,NA,64715,5244,14.9,1.2,19754,2540,4.5,0.6,158794,7486,36.5,1.1,221760,4003,51,1
CA,California,21,354669,11267,248130,9961,70,1.8,21886,4562,6.2,1.3,16544,2752,4.7,0.8,3929,972,1.1,0.3,NA,NA,NA,NA,50257,4982,14.2,1.3,13545,2693,3.8,0.8,216534,9291,61.1,1.5,91472,4785,25.8,1.2
CA,California,22,483064,10845,346638,9583,71.8,1.5,15143,2670,3.1,0.6,38914,3930,8.1,0.8,NA,NA,NA,NA,NA,NA,NA,NA,57049,6046,11.8,1.2,18805,2753,3.9,0.6,189448,8757,39.2,1.3,227786,6050,47.2,1.3
CA,California,23,490446,10566,380726,10034,77.6,1.3,32679,3700,6.7,0.7,21724,2821,4.4,0.6,NA,NA,NA,NA,NA,NA,NA,NA,34044,4650,6.9,0.9,15283,2623,3.1,0.5,160510,8804,32.7,1.3,261955,6387,53.4,1.3
CA,California,24,508333,5576,425380,5076,83.7,0.7,12424,1656,2.4,0.3,23909,1510,4.7,0.3,NA,NA,NA,NA,NA,NA,NA,NA,21444,3386,4.2,0.7,18701,2575,3.7,0.5,123255,5013,24.2,0.8,334770,2107,65.9,0.7
CA,California,25,482964,10876,330756,10045,68.5,1.5,34903,3636,7.2,0.7,41939,4368,8.7,0.9,NA,NA,NA,NA,NA,NA,NA,NA,52485,5679,10.9,1.1,19310,2726,4,0.6,159316,7173,33,1.2,234020,8028,48.5,1.3
CA,California,26,480928,6034,395925,6807,82.3,0.9,11733,1727,2.4,0.4,33306,2402,6.9,0.5,NA,NA,NA,NA,NA,NA,NA,NA,17324,2612,3.6,0.5,17814,2807,3.7,0.6,169562,5173,35.3,0.9,254914,4663,53,0.9
CA,California,27,471963,11108,206447,7538,43.7,1.4,22520,3778,4.8,0.8,169067,6870,35.8,1.2,NA,NA,NA,NA,NA,NA,NA,NA,55402,6004,11.7,1.2,15942,2858,3.4,0.6,117921,7337,25,1.3,150127,6130,31.8,1.2
CA,California,28,502971,13353,363249,10760,72.2,1.7,14106,2391,2.8,0.5,61516,6160,12.2,1.2,NA,NA,NA,NA,NA,NA,NA,NA,39628,5721,7.9,1,21009,2774,4.2,0.5,96915,7499,19.3,1.3,312385,9481,62.1,1.6
CA,California,29,402898,11545,237736,9656,59,1.8,22226,3921,5.5,1,35957,4379,8.9,1,3255,1310,0.8,0.3,NA,NA,NA,NA,91212,7582,22.6,1.7,11663,1958,2.9,0.5,227603,9816,56.5,1.7,111309,6017,27.6,1.3
CA,California,30,529846,14610,352578,9426,66.5,1.6,32932,4542,6.2,0.8,69798,6391,13.2,1.1,NA,NA,NA,NA,NA,NA,NA,NA,51757,6753,9.8,1.2,19650,2863,3.7,0.5,117071,9638,22.1,1.5,293695,9104,55.4,1.8
CA,California,31,482081,9659,308232,10287,63.9,1.7,56448,5887,11.7,1.2,31947,4199,6.6,0.8,NA,NA,NA,NA,NA,NA,NA,NA,58974,5744,12.2,1.2,20841,3486,4.3,0.7,221491,8393,45.9,1.4,157858,7514,32.7,1.5
CA,California,32,449452,11398,243616,8993,54.2,1.9,16232,2722,3.6,0.6,83560,5754,18.6,1.2,5739,2222,1.3,0.5,NA,NA,NA,NA,64727,6713,14.4,1.4,33327,5415,7.4,1.2,253798,10070,56.5,1.7,86125,4969,19.2,1.1
CA,California,33,517251,10427,393760,8476,76.1,1.2,21199,4225,4.1,0.8,60673,4850,11.7,0.9,NA,NA,NA,NA,NA,NA,NA,NA,15442,2815,3,0.5,23687,3892,4.6,0.7,64031,5529,12.4,1.1,349617,9066,67.6,1.4
CA,California,34,425520,11922,159449,7234,37.5,1.5,36952,3907,8.7,0.9,95508,5965,22.4,1.3,4847,1416,1.1,0.3,NA,NA,NA,NA,112049,7919,26.3,1.6,15476,2194,3.6,0.5,209425,10209,49.2,1.8,75074,5039,17.6,1.1
CA,California,35,450565,12666,218021,9995,48.4,2,30706,3942,6.8,0.9,34266,3796,7.6,0.8,NA,NA,NA,NA,NA,NA,NA,NA,143278,10061,31.8,1.9,18524,3473,4.1,0.7,292642,11351,65,1.5,83458,5570,18.5,1.1
CA,California,36,536333,9648,366541,9465,68.3,1.4,25914,3312,4.8,0.6,21313,3737,4,0.7,5902,1563,1.1,0.3,NA,NA,NA,NA,101943,8157,19,1.4,13821,1798,2.6,0.3,204219,8206,38.1,1.3,270697,8256,50.5,1.3
CA,California,37,468463,13452,224556,9784,47.9,1.6,123198,8771,26.3,1.6,49704,4930,10.6,1,3328,1176,0.7,0.3,NA,NA,NA,NA,47551,5963,10.2,1.3,18997,2650,4.1,0.6,135466,8231,28.9,1.5,144734,6486,30.9,1.3
CA,California,38,481296,10991,213694,8330,44.4,1.5,20765,3569,4.3,0.7,82896,6472,17.2,1.3,NA,NA,NA,NA,NA,NA,NA,NA,144191,8301,30,1.5,13245,2219,2.8,0.5,270818,9998,56.3,1.5,96943,5974,20.1,1.2
CA,California,39,486713,10190,263909,10399,54.2,1.8,14918,3308,3.1,0.7,152057,8134,31.2,1.6,NA,NA,NA,NA,NA,NA,NA,NA,35968,5149,7.4,1.1,14948,1980,3.1,0.4,140123,7794,28.8,1.4,169329,7927,34.8,1.5
CA,California,40,340435,9624,181946,8151,53.4,1.9,25692,3346,7.5,0.9,12880,2917,3.8,0.8,3015,1293,0.9,0.4,NA,NA,NA,NA,108373,7200,31.8,2,7930,1798,2.3,0.5,271720,8670,79.8,1.5,26637,2871,7.8,0.8
CA,California,41,478613,8532,262972,10613,54.9,1.9,50689,4250,10.6,0.9,31893,4016,6.7,0.8,NA,NA,NA,NA,NA,NA,NA,NA,112567,8467,23.5,1.8,16584,2710,3.5,0.6,258511,7461,54,1.4,127599,6604,26.7,1.2
CA,California,42,538265,9226,361584,8659,67.2,1.5,37246,4779,6.9,0.9,49668,4975,9.2,0.9,NA,NA,NA,NA,NA,NA,NA,NA,61925,6625,11.5,1.2,21603,3432,4,0.6,177937,8005,33.1,1.4,255808,8979,47.5,1.5
CA,California,43,454185,11440,177842,9071,39.2,1.8,119732,6993,26.4,1.5,68865,6008,15.2,1.2,2291,1242,0.5,0.3,NA,NA,NA,NA,65073,6884,14.3,1.4,18986,3123,4.2,0.7,165629,9490,36.5,1.8,87475,5609,19.3,1.2
CA,California,44,395819,8661,165491,8161,41.8,1.9,85383,5681,21.6,1.4,25054,4208,6.3,1.1,NA,NA,NA,NA,NA,NA,NA,NA,99590,7193,25.2,1.7,12702,2655,3.2,0.7,236098,8189,59.6,1.7,37927,4340,9.6,1
CA,California,45,532802,12285,366022,9955,68.7,1.3,9614,3098,1.8,0.6,114232,7366,21.4,1.3,NA,NA,NA,NA,NA,NA,NA,NA,20267,3475,3.8,0.6,20084,2417,3.8,0.4,86584,7186,16.3,1.2,304010,8175,57.1,1.3
CA,California,46,408633,10145,243975,11000,59.7,2.1,11486,2211,2.8,0.5,59189,5443,14.5,1.3,NA,NA,NA,NA,NA,NA,NA,NA,81155,7200,19.9,1.8,9290,1955,2.3,0.5,222627,8819,54.5,1.9,109333,6684,26.8,1.4
CA,California,47,491712,10923,266203,8637,54.1,1.7,43843,4323,8.9,0.9,110767,7628,22.5,1.4,NA,NA,NA,NA,NA,NA,NA,NA,45797,5157,9.3,1,17579,2914,3.6,0.6,127919,7669,26,1.6,192536,8004,39.2,1.4
CA,California,48,529832,8764,359070,8613,67.8,1.3,9696,2385,1.8,0.5,106927,6937,20.2,1.2,NA,NA,NA,NA,NA,NA,NA,NA,34320,4225,6.5,0.8,16254,3077,3.1,0.6,83297,6138,15.7,1.1,317093,7897,59.8,1.2
CA,California,49,519302,10212,421261,9193,81.1,1.4,18361,5915,3.5,1.1,38574,5719,7.4,1,NA,NA,NA,NA,NA,NA,NA,NA,19567,3392,3.8,0.7,17266,2578,3.3,0.5,96576,8171,18.6,1.6,349606,10250,67.3,1.9
CA,California,50,513522,11367,420132,10461,81.8,1.2,14365,3994,2.8,0.8,26540,3770,5.2,0.7,6867,1781,1.3,0.3,NA,NA,NA,NA,23519,3972,4.6,0.8,19507,2747,3.8,0.5,125071,8747,24.4,1.5,325178,8980,63.3,1.4
CA,California,51,445034,11226,288652,10763,64.9,1.6,38528,4189,8.7,0.9,41241,4482,9.3,1,NA,NA,NA,NA,NA,NA,NA,NA,55092,4331,12.4,1,15511,3223,3.5,0.7,275718,10722,62,1.6,80486,5352,18.1,1.2
CA,California,52,546843,12471,396684,10142,72.5,1.3,21380,3464,3.9,0.6,86599,7017,15.8,1.2,NA,NA,NA,NA,NA,NA,NA,NA,15819,2999,2.9,0.6,21843,2915,4,0.5,68051,6081,12.4,1.1,351596,8833,64.3,1.3
CA,California,53,563962,15636,382461,14327,67.8,1.5,47426,4483,8.4,0.8,75888,7127,13.5,1.2,NA,NA,NA,NA,NA,NA,NA,NA,26884,4290,4.8,0.8,25410,3111,4.5,0.5,161670,10957,28.7,1.6,261411,9902,46.4,1.5
CO,Colorado,1,619349,5507,506072,5964,81.7,0.8,45513,2996,7.3,0.5,17469,1985,2.8,0.3,NA,NA,NA,NA,NA,NA,NA,NA,23219,4407,3.7,0.7,20096,2879,3.2,0.5,119977,3974,19.4,0.6,418148,4066,67.5,0.6
CO,Colorado,2,619285,6451,576504,6013,93.1,0.5,NA,NA,NA,NA,13255,1635,2.1,0.3,NA,NA,NA,NA,NA,NA,NA,NA,6147,1878,1,0.3,14535,2078,2.3,0.3,46193,3314,7.5,0.5,540357,6727,87.3,0.6
CO,Colorado,3,565901,5796,514091,6096,90.8,0.7,NA,NA,NA,NA,4563,890,0.8,0.2,13233,2638,2.3,0.5,NA,NA,NA,NA,19146,3225,3.4,0.6,9553,3261,1.7,0.6,109815,4096,19.4,0.6,432148,3911,76.4,0.6
CO,Colorado,4,598599,5986,548225,5671,91.6,0.6,8010,1573,1.3,0.3,10268,1476,1.7,0.2,NA,NA,NA,NA,NA,NA,NA,NA,11070,1952,1.8,0.3,15269,2480,2.6,0.4,101117,4289,16.9,0.7,465288,5207,77.7,0.7
CO,Colorado,5,603967,3639,507651,4280,84.1,0.6,36260,2074,6,0.3,12558,1700,2.1,0.3,NA,NA,NA,NA,NA,NA,NA,NA,15684,3485,2.6,0.6,24563,5847,4.1,1,79608,2722,13.2,0.4,454724,2499,75.3,0.4
CO,Colorado,6,567801,9080,445319,8430,78.4,0.9,54258,2843,9.6,0.5,26492,2278,4.7,0.4,NA,NA,NA,NA,NA,NA,NA,NA,16198,2778,2.9,0.5,18358,2512,3.2,0.4,82000,4679,14.4,0.7,388277,6864,68.4,0.9
CO,Colorado,7,576138,8222,515075,8107,89.4,0.7,9840,1555,1.7,0.3,14416,1917,2.5,0.3,NA,NA,NA,NA,NA,NA,NA,NA,14676,2567,2.5,0.4,16322,3206,2.8,0.6,127630,5041,22.2,0.7,411026,5524,71.3,0.8
CT,Connecticut,1,523004,7034,389864,7213,74.5,0.9,74654,3271,14.3,0.6,18123,2123,3.5,0.4,NA,NA,NA,NA,NA,NA,NA,NA,25590,3166,4.9,0.6,13819,2622,2.6,0.5,76120,3740,14.6,0.7,349882,6187,66.9,0.8
CT,Connecticut,2,548572,5593,490483,5262,89.4,0.6,21561,1739,3.9,0.3,12282,2006,2.2,0.4,NA,NA,NA,NA,NA,NA,NA,NA,9461,1906,1.7,0.3,12947,2064,2.4,0.4,34236,2728,6.2,0.5,471406,4892,85.9,0.7
CT,Connecticut,3,535024,7312,415047,8266,77.6,1.1,73000,4495,13.6,0.8,16583,1800,3.1,0.3,NA,NA,NA,NA,NA,NA,NA,NA,20078,3658,3.8,0.7,9426,1820,1.8,0.3,65126,4363,12.2,0.8,376872,7245,70.4,1
CT,Connecticut,4,496370,6476,385473,6016,77.7,0.9,58892,3744,11.9,0.7,21594,1690,4.4,0.3,NA,NA,NA,NA,NA,NA,NA,NA,19799,3537,4,0.7,9394,1797,1.9,0.4,70913,3828,14.3,0.7,341510,5406,68.8,0.9
CT,Connecticut,5,511395,9390,428788,9636,83.8,1.2,37035,4604,7.2,0.9,12937,2248,2.5,0.4,NA,NA,NA,NA,NA,NA,NA,NA,20742,3558,4.1,0.7,10348,1986,2,0.4,74862,5055,14.6,0.9,379746,8394,74.3,1.1
DE,Delaware,At-large,720867,3971,521934,3590,72.4,0.5,158901,2577,22,0.3,15714,1833,2.2,0.2,NA,NA,NA,NA,NA,NA,NA,NA,6555,1921,0.9,0.3,13093,1960,1.8,0.3,38834,2554,5.4,0.3,495504,1141,68.7,0.4
DC,District of Columbia,At-large,526393,4612,240198,3429,45.6,0.5,240843,3056,45.8,0.6,19162,1922,3.6,0.4,NA,NA,NA,NA,NA,NA,NA,NA,9019,2298,1.7,0.4,14842,2020,2.8,0.4,36738,2754,7,0.5,219188,2165,41.6,0.4
FL,Florida,1,601423,2752,478730,3148,79.6,0.5,77669,2272,12.9,0.4,14425,1389,2.4,0.2,NA,NA,NA,NA,NA,NA,NA,NA,7267,1778,1.2,0.3,18881,5164,3.1,0.9,33268,1544,5.5,0.2,456722,2070,75.9,0.4
FL,Florida,2,573718,6050,471948,5238,82.3,0.8,72643,4319,12.7,0.7,7051,1573,1.2,0.3,NA,NA,NA,NA,NA,NA,NA,NA,6613,2018,1.2,0.4,12474,4550,2.2,0.8,28069,2169,4.9,0.4,452634,4841,78.9,0.8
FL,Florida,3,579993,6726,449642,6654,77.5,0.7,94257,3960,16.3,0.6,15798,2161,2.7,0.4,NA,NA,NA,NA,NA,NA,NA,NA,7252,2237,1.3,0.4,11235,1998,1.9,0.3,51546,3339,8.9,0.6,407799,5903,70.3,0.7
FL,Florida,4,614794,10052,515197,7764,83.8,0.9,55158,4791,9,0.7,21102,3152,3.4,0.5,NA,NA,NA,NA,NA,NA,NA,NA,8382,2675,1.4,0.4,12540,2554,2,0.4,39896,4891,6.5,0.8,483093,7594,78.6,0.9
FL,Florida,5,541992,11225,257422,8696,47.5,1.1,253971,6426,46.9,1,10734,2769,2,0.5,NA,NA,NA,NA,NA,NA,NA,NA,5696,1639,1.1,0.3,11808,2342,2.2,0.4,33932,3291,6.3,0.6,232592,8139,42.9,1
FL,Florida,6,621566,6917,524555,7793,84.4,0.8,59921,3017,9.6,0.5,9225,1710,1.5,0.3,NA,NA,NA,NA,NA,NA,NA,NA,18471,3583,3,0.6,6898,3973,1.1,0.6,70307,2604,11.3,0.4,475149,5841,76.4,0.6
FL,Florida,7,581583,10621,455558,7189,78.3,1.1,61316,4448,10.5,0.7,21799,2792,3.7,0.5,NA,NA,NA,NA,NA,NA,NA,NA,27205,4789,4.7,0.8,14159,3042,2.4,0.5,136155,7725,23.4,1.2,353215,5754,60.7,1.1
FL,Florida,8,610604,4145,527572,3778,86.4,0.5,53879,2993,8.8,0.5,11561,1737,1.9,0.3,NA,NA,NA,NA,NA,NA,NA,NA,3277,1206,0.5,0.2,12045,3068,2,0.5,55610,2663,9.1,0.4,478959,2492,78.4,0.5
FL,Florida,9,644898,15477,491703,13994,76.2,1.4,77000,5924,11.9,0.8,17089,2530,2.6,0.4,NA,NA,NA,NA,NA,NA,NA,NA,38959,6753,6,1,18829,4650,2.9,0.7,248443,10534,38.5,1.2,298166,9115,46.2,1.2
FL,Florida,10,546157,12769,328556,11211,60.2,1.4,149037,6975,27.3,1.2,26403,3746,4.8,0.7,NA,NA,NA,NA,NA,NA,NA,NA,27895,5974,5.1,1.1,12385,2454,2.3,0.4,130233,8960,23.8,1.3,228710,7662,41.9,1.3
FL,Florida,11,652135,10786,584168,10372,89.6,0.8,42623,4652,6.5,0.7,6265,1602,1,0.2,NA,NA,NA,NA,NA,NA,NA,NA,7035,2235,1.1,0.3,10705,4376,1.6,0.7,57736,4878,8.9,0.7,535611,9050,82.1,0.8
FL,Florida,12,605983,7435,540706,7524,89.2,0.6,27926,2239,4.6,0.4,13016,1890,2.1,0.3,NA,NA,NA,NA,NA,NA,NA,NA,10067,2600,1.7,0.4,11346,2101,1.9,0.3,64029,3622,10.6,0.5,490925,6354,81,0.6
FL,Florida,13,584889,8338,479723,6863,82,0.5,68348,2629,11.7,0.4,15854,2129,2.7,0.4,NA,NA,NA,NA,NA,NA,NA,NA,5689,1814,1,0.3,12961,2482,2.2,0.4,46059,3237,7.9,0.5,444148,6696,75.9,0.6
FL,Florida,14,534225,9792,381218,10117,71.4,1.2,95829,5405,17.9,1,17872,2123,3.3,0.4,NA,NA,NA,NA,NA,NA,NA,NA,16749,3106,3.1,0.6,21164,3206,4,0.6,138740,7273,26,1.1,273612,8067,51.2,1.3
FL,Florida,15,578715,14070,451431,11945,78,1.3,84991,8075,14.7,1.3,11201,2125,1.9,0.4,NA,NA,NA,NA,NA,NA,NA,NA,14806,4157,2.6,0.7,13386,2252,2.3,0.4,103755,7899,17.9,1.3,370973,12659,64.1,1.7
FL,Florida,16,638769,8875,552361,8513,86.5,0.8,52433,4585,8.2,0.7,10649,1738,1.7,0.3,NA,NA,NA,NA,NA,NA,NA,NA,10954,2987,1.7,0.5,10038,2163,1.6,0.3,74228,5709,11.6,0.8,493256,7844,77.2,1
FL,Florida,17,615104,10351,552198,10944,89.8,0.8,39303,4217,6.4,0.7,5455,1297,0.9,0.2,NA,NA,NA,NA,NA,NA,NA,NA,9332,2913,1.5,0.5,7256,4424,1.2,0.7,69215,5578,11.3,0.8,494198,8865,80.3,0.9
FL,Florida,18,599873,10324,493892,8582,82.3,0.9,70096,5149,11.7,0.8,10417,2349,1.7,0.4,NA,NA,NA,NA,NA,NA,NA,NA,10979,2640,1.8,0.4,14063,3159,2.3,0.5,75180,4730,12.5,0.7,434724,7755,72.5,1
FL,Florida,19,631233,11072,560813,9848,88.8,0.8,40700,4013,6.4,0.6,10868,1394,1.7,0.2,NA,NA,NA,NA,NA,NA,NA,NA,11983,3336,1.9,0.5,5755,1417,0.9,0.2,82220,6258,13,0.9,493017,7789,78.1,0.9
FL,Florida,20,507613,13423,194989,11765,38.4,2,267487,11332,52.7,1.9,16424,4174,3.2,0.8,NA,NA,NA,NA,NA,NA,NA,NA,13700,4139,2.7,0.8,13644,2631,2.7,0.5,112325,8748,22.1,1.5,106176,7080,20.9,1.3
FL,Florida,21,546101,11927,442544,10775,81,1.2,70166,6996,12.8,1.2,14383,2308,2.6,0.4,NA,NA,NA,NA,NA,NA,NA,NA,7997,2110,1.5,0.4,9671,1980,1.8,0.4,92844,5891,17,0.9,362151,8810,66.3,1.3
FL,Florida,22,534846,11346,424475,10076,79.4,1.6,73958,7844,13.8,1.3,12221,2676,2.3,0.5,NA,NA,NA,NA,NA,NA,NA,NA,12100,2933,2.3,0.5,10285,3000,1.9,0.6,90007,6565,16.8,1.1,350850,9579,65.6,1.7
FL,Florida,23,510212,9952,376188,11316,73.7,1.8,69090,7453,13.5,1.4,22271,3817,4.4,0.7,NA,NA,NA,NA,NA,NA,NA,NA,23434,4782,4.6,0.9,15871,3266,3.1,0.6,183434,8884,36,1.6,227022,8430,44.5,1.5
FL,Florida,24,477697,12311,198070,10295,41.5,1.5,237909,7519,49.8,1.4,6483,1954,1.4,0.4,NA,NA,NA,NA,NA,NA,NA,NA,26447,5179,5.5,1.1,8322,2001,1.7,0.4,178950,10840,37.5,1.6,58894,4268,12.3,0.9
FL,Florida,25,453055,14226,407167,13721,89.9,1,25858,3589,5.7,0.8,4428,1485,1,0.3,NA,NA,NA,NA,NA,NA,NA,NA,9990,2500,2.2,0.6,4862,1506,1.1,0.3,308446,11409,68.1,1.6,116776,7560,25.8,1.3
FL,Florida,26,476033,12380,380877,12113,80,1.8,54631,5911,11.5,1.2,7742,1989,1.6,0.4,NA,NA,NA,NA,NA,NA,NA,NA,21939,4842,4.6,1,7931,2299,1.7,0.5,321023,11811,67.4,1.3,91978,3970,19.3,0.9
FL,Florida,27,464604,13439,405950,13066,87.4,1.3,26293,4304,5.7,0.9,9428,2182,2,0.5,NA,NA,NA,NA,NA,NA,NA,NA,15750,4067,3.4,0.9,6918,1663,1.5,0.4,316284,13931,68.1,1.5,113859,5327,24.5,1.3
GA,Georgia,1,550713,4548,360901,3934,65.5,0.6,162854,3356,29.6,0.5,5574,1210,1,0.2,NA,NA,NA,NA,NA,NA,NA,NA,5324,1922,1,0.3,14172,4974,2.6,0.9,23879,1904,4.3,0.3,347055,3550,63,0.6
GA,Georgia,2,498322,5387,223803,4103,44.9,0.6,254868,4030,51.1,0.6,4892,1384,1,0.3,NA,NA,NA,NA,NA,NA,NA,NA,5125,1417,1,0.3,7955,1891,1.6,0.4,15046,1635,3,0.3,217005,3803,43.5,0.6
GA,Georgia,3,548941,6659,385375,5140,70.2,0.9,139499,6027,25.4,0.9,7484,1320,1.4,0.2,NA,NA,NA,NA,NA,NA,NA,NA,6806,1969,1.2,0.4,7837,4046,1.4,0.7,21966,2742,4,0.5,372018,4610,67.8,0.8
GA,Georgia,4,527938,10870,157491,6460,29.8,1.1,337809,9153,64,1,16867,2950,3.2,0.6,NA,NA,NA,NA,NA,NA,NA,NA,7049,2225,1.3,0.4,8048,4042,1.5,0.8,22637,3145,4.3,0.6,146089,5613,27.7,1
GA,Georgia,5,587385,11293,200392,7268,34.1,1.2,348231,11916,59.3,1.4,15960,1955,2.7,0.3,NA,NA,NA,NA,NA,NA,NA,NA,7847,2092,1.3,0.4,13397,2341,2.3,0.4,22830,3290,3.9,0.6,187309,6889,31.9,1.1
GA,Georgia,6,496468,9646,366714,8976,73.9,1.4,68087,6862,13.7,1.3,43350,4224,8.7,0.8,3345,1178,0.7,0.2,NA,NA,NA,NA,4973,2059,1,0.4,9663,1899,1.9,0.4,28564,3950,5.8,0.8,346894,8780,69.9,1.5
GA,Georgia,7,486845,13303,294388,9063,60.5,1.5,107049,7875,22,1.4,55935,4665,11.5,0.9,NA,NA,NA,NA,NA,NA,NA,NA,15465,3445,3.2,0.7,11137,2310,2.3,0.5,52988,5212,10.9,1,261236,7375,53.7,1.4
GA,Georgia,8,527338,5981,340231,4200,64.5,0.7,166078,4230,31.5,0.7,7188,2371,1.4,0.4,NA,NA,NA,NA,NA,NA,NA,NA,4882,1809,0.9,0.3,6963,2145,1.3,0.4,17792,2980,3.4,0.5,330423,3324,62.7,0.7
GA,Georgia,9,556967,6033,498528,5271,89.5,0.7,36889,2950,6.6,0.5,4721,1063,0.8,0.2,NA,NA,NA,NA,NA,NA,NA,NA,6713,2008,1.2,0.4,9132,3206,1.6,0.6,32477,3669,5.8,0.6,473612,3942,85,0.7
GA,Georgia,10,565803,9414,395688,7916,69.9,1,144717,6487,25.6,1,9737,2149,1.7,0.4,NA,NA,NA,NA,NA,NA,NA,NA,5767,1935,1,0.3,8866,4050,1.6,0.7,18640,2554,3.3,0.4,383243,7508,67.7,1
GA,Georgia,11,559687,9450,427917,6893,76.5,0.8,92086,5171,16.5,0.8,15665,2486,2.8,0.4,NA,NA,NA,NA,NA,NA,NA,NA,9017,2443,1.6,0.4,13161,2976,2.4,0.5,34432,3787,6.2,0.6,405549,6028,72.5,1
GA,Georgia,12,540482,5219,326120,4532,60.3,0.6,187815,3308,34.7,0.5,7116,1521,1.3,0.3,NA,NA,NA,NA,NA,NA,NA,NA,7063,2385,1.3,0.4,11619,4261,2.1,0.8,23019,1948,4.3,0.3,313309,3692,58,0.5
GA,Georgia,13,523476,12223,161110,6577,30.8,1.1,323677,11389,61.8,1.5,11623,2862,2.2,0.5,NA,NA,NA,NA,NA,NA,NA,NA,13914,3890,2.7,0.7,12495,5882,2.4,1.1,33506,4886,6.4,0.9,144641,6004,27.6,1.1
GA,Georgia,14,516434,4331,451500,3849,87.4,0.4,49867,2349,9.7,0.4,NA,NA,NA,NA,NA,NA,NA,NA,NA,NA,NA,NA,2401,1047,0.5,0.2,8668,3907,1.7,0.8,27224,3079,5.3,0.6,427598,2438,82.8,0.6
HI,Hawaii,1,509992,8672,100905,4440,19.8,0.9,13731,1451,2.7,0.3,259843,6686,51,1.1,NA,NA,NA,NA,29853,3408,5.9,0.7,NA,NA,NA,NA,100095,5646,19.6,1,41023,2732,8,0.5,90409,3681,17.7,0.7
HI,Hawaii,2,506514,7345,183246,4485,36.2,0.8,9689,2103,1.9,0.4,131542,5495,26,1,NA,NA,NA,NA,61480,4186,12.1,0.8,6185,1583,1.2,0.3,112582,5764,22.2,1.1,47808,2950,9.4,0.6,167099,4092,33,0.8
ID,Idaho,1,661724,6207,609100,6730,92,0.6,NA,NA,NA,NA,8316,1825,1.3,0.3,9659,2304,1.5,0.3,NA,NA,NA,NA,13001,2771,2,0.4,16656,4824,2.5,0.7,45043,2980,6.8,0.4,582075,6291,88,0.5
ID,Idaho,2,590690,6236,548624,6091,92.9,0.6,NA,NA,NA,NA,7651,1229,1.3,0.2,6653,2377,1.1,0.4,NA,NA,NA,NA,10710,2135,1.8,0.4,13900,3842,2.4,0.6,54863,3389,9.3,0.5,508999,5355,86.2,0.6
IL,Illinois,1,524114,13385,224647,6879,42.9,1.3,274362,11319,52.3,1.2,8218,1846,1.6,0.4,NA,NA,NA,NA,NA,NA,NA,NA,9689,2767,1.8,0.5,6902,1656,1.3,0.3,38099,4395,7.3,0.8,197642,6186,37.7,1.1
IL,Illinois,2,497132,10186,184077,7446,37,1.4,286699,9371,57.7,1.3,3837,1182,0.8,0.2,NA,NA,NA,NA,NA,NA,NA,NA,13687,2811,2.8,0.6,8271,2655,1.7,0.5,47560,4852,9.6,0.9,152127,5816,30.6,1.2
IL,Illinois,3,479004,11273,388095,9201,81,1.3,28953,4271,6,0.9,18100,2921,3.8,0.6,NA,NA,NA,NA,NA,NA,NA,NA,33685,5201,7,1,8549,1968,1.8,0.4,119520,7393,25,1.3,307829,7614,64.3,1.5
IL,Illinois,4,410804,10402,263899,9551,64.2,1.8,21445,3225,5.2,0.8,15798,2723,3.8,0.7,NA,NA,NA,NA,NA,NA,NA,NA,94954,7289,23.1,1.6,11535,2346,2.8,0.6,235867,9283,57.4,1.6,136168,6841,33.1,1.4
IL,Illinois,5,545831,13594,451514,10639,82.7,1.2,17468,2884,3.2,0.5,40455,4691,7.4,0.8,NA,NA,NA,NA,NA,NA,NA,NA,21802,4308,4,0.7,13489,2346,2.5,0.4,85662,7556,15.7,1.2,392080,9733,71.8,1.3
IL,Illinois,6,523796,7397,453389,7798,86.6,1.2,13529,2679,2.6,0.5,40400,4579,7.7,0.9,NA,NA,NA,NA,NA,NA,NA,NA,8646,2509,1.7,0.5,7143,1619,1.4,0.3,36875,3833,7,0.7,426440,8498,81.4,1.2
IL,Illinois,7,522767,13446,204321,7298,39.1,1.1,255621,10661,48.9,1.5,30224,4037,5.8,0.8,NA,NA,NA,NA,NA,NA,NA,NA,22351,4665,4.3,0.9,9244,1800,1.8,0.3,61198,7225,11.7,1.3,168814,7116,32.3,1.3
IL,Illinois,8,442009,9089,319860,10353,72.4,1.8,24958,3950,5.6,0.9,52467,5745,11.9,1.3,2941,1247,0.7,0.3,NA,NA,NA,NA,31933,5958,7.2,1.3,8978,1840,2,0.4,83841,7577,19,1.6,272278,9552,61.6,1.9
IL,Illinois,9,498242,10167,378283,8425,75.9,1.1,40709,4369,8.2,0.8,53819,4390,10.8,0.9,NA,NA,NA,NA,NA,NA,NA,NA,9728,2518,2,0.5,13558,2791,2.7,0.5,40177,4497,8.1,0.9,350915,7917,70.4,1.2
IL,Illinois,10,468255,7926,359174,7960,76.7,1.1,32093,2136,6.9,0.5,40923,3994,8.7,0.9,NA,NA,NA,NA,NA,NA,NA,NA,23646,4053,5,0.9,9998,1918,2.1,0.4,69857,5590,14.9,1.1,317181,6101,67.7,1
IL,Illinois,11,472244,8696,350208,8920,74.2,1.5,56989,5013,12.1,1,28548,3080,6,0.6,NA,NA,NA,NA,NA,NA,NA,NA,21801,4031,4.6,0.8,12108,2172,2.6,0.5,90099,6836,19.1,1.3,285959,7255,60.6,1.4
IL,Illinois,12,528398,3128,425034,3365,80.4,0.4,87619,4213,16.6,0.8,4299,789,0.8,0.1,NA,NA,NA,NA,NA,NA,NA,NA,2915,902,0.6,0.2,7612,3208,1.4,0.6,11072,1665,2.1,0.3,417471,3306,79,0.4
IL,Illinois,13,539012,6187,457815,5266,84.9,0.6,55609,2909,10.3,0.5,12809,1784,2.4,0.3,NA,NA,NA,NA,NA,NA,NA,NA,3085,986,0.6,0.2,9002,3069,1.7,0.6,13293,1316,2.5,0.2,447847,4860,83.1,0.6
IL,Illinois,14,525729,7412,472453,8429,89.9,0.9,19037,3699,3.6,0.7,18027,2895,3.4,0.5,NA,NA,NA,NA,NA,NA,NA,NA,7266,1776,1.4,0.3,7879,1800,1.5,0.3,47421,5121,9,1,436299,8186,83,1.2
IL,Illinois,15,532371,4362,498724,4329,93.7,0.4,23257,1990,4.4,0.4,2379,741,0.4,0.1,NA,NA,NA,NA,NA,NA,NA,NA,NA,NA,NA,NA,5060,2359,1,0.4,8780,1057,1.6,0.2,492449,4054,92.5,0.4
IL,Illinois,16,520730,4681,481303,3850,92.4,0.5,18598,1996,3.6,0.4,4825,1063,0.9,0.2,NA,NA,NA,NA,NA,NA,NA,NA,6132,1327,1.2,0.3,8970,2606,1.7,0.5,34243,2406,6.6,0.4,455096,3349,87.4,0.6
IL,Illinois,17,512994,5263,436689,4695,85.1,0.7,56123,3085,10.9,0.6,3645,1199,0.7,0.2,NA,NA,NA,NA,NA,NA,NA,NA,5888,1510,1.1,0.3,9162,1782,1.8,0.3,30558,1864,6,0.3,414483,4135,80.8,0.6
IL,Illinois,18,531334,6741,492886,5977,92.8,0.6,20368,2578,3.8,0.5,7649,1402,1.4,0.3,NA,NA,NA,NA,NA,NA,NA,NA,1979,715,0.4,0.1,7367,2880,1.4,0.5,10712,1397,2,0.3,484911,5691,91.3,0.6
IN,Indiana,1,537218,2969,388801,3055,72.4,0.6,95275,1505,17.7,0.3,5621,1202,1,0.2,NA,NA,NA,NA,NA,NA,NA,NA,32900,3196,6.1,0.6,12837,4430,2.4,0.8,68346,2291,12.7,0.4,359444,1850,66.9,0.4
IN,Indiana,2,522778,3982,464810,3756,88.9,0.5,34112,3504,6.5,0.7,4240,710,0.8,0.1,NA,NA,NA,NA,NA,NA,NA,NA,8190,2160,1.6,0.4,10664,3612,2,0.7,30045,2291,5.7,0.4,444280,2798,85,0.5
IN,Indiana,3,540022,2746,485809,2515,90,0.3,31233,1801,5.8,0.3,7902,1231,1.5,0.2,NA,NA,NA,NA,NA,NA,NA,NA,4083,970,0.8,0.2,8785,1741,1.6,0.3,19057,1674,3.5,0.3,471761,1922,87.4,0.4
IN,Indiana,4,567094,4245,519827,4317,91.7,0.6,22611,1517,4,0.3,9335,1755,1.6,0.3,NA,NA,NA,NA,NA,NA,NA,NA,6323,2025,1.1,0.4,8502,3752,1.5,0.7,19357,2196,3.4,0.4,507113,3802,89.4,0.6
IN,Indiana,5,573500,6937,495800,6135,86.5,0.7,49657,4035,8.7,0.7,13525,1822,2.4,0.3,NA,NA,NA,NA,NA,NA,NA,NA,3287,1577,0.6,0.3,10171,2076,1.8,0.4,16793,2381,2.9,0.4,482778,5604,84.2,0.8
IN,Indiana,6,549035,2722,521923,2520,95.1,0.3,15390,2505,2.8,0.5,3001,1040,0.5,0.2,NA,NA,NA,NA,NA,NA,NA,NA,1555,746,0.3,0.1,7017,2880,1.3,0.5,7943,1151,1.4,0.2,516121,2325,94,0.3
IN,Indiana,7,521076,6956,334915,6123,64.3,1,153947,5241,29.5,0.9,9284,1940,1.8,0.4,NA,NA,NA,NA,NA,NA,NA,NA,8171,1993,1.6,0.4,13654,5488,2.6,1.1,27661,2766,5.3,0.5,317307,5139,60.9,0.8
IN,Indiana,8,549149,2287,513979,2287,93.6,0.2,24085,1452,4.4,0.3,2922,1054,0.5,0.2,NA,NA,NA,NA,NA,NA,NA,NA,NA,NA,NA,NA,6394,2433,1.2,0.4,6219,1294,1.1,0.2,509455,1978,92.8,0.3
IN,Indiana,9,575308,3657,537099,4268,93.4,0.4,17405,2580,3,0.4,9208,1821,1.6,0.3,NA,NA,NA,NA,NA,NA,NA,NA,2439,990,0.4,0.2,9017,3170,1.6,0.6,10686,1245,1.9,0.2,529111,4283,92,0.5
IA,Iowa,1,580187,2876,544059,2364,93.8,0.3,18913,1584,3.3,0.3,5771,1083,1,0.2,2913,988,0.5,0.2,NA,NA,NA,NA,2226,681,0.4,0.1,6003,3189,1,0.5,12775,1241,2.2,0.2,534607,1797,92.1,0.4
IA,Iowa,2,581525,2670,543484,2363,93.5,0.4,16740,2003,2.9,0.3,8292,1530,1.4,0.3,NA,NA,NA,NA,NA,NA,NA,NA,3287,974,0.6,0.2,7926,1564,1.4,0.3,22758,1425,3.9,0.2,525125,1727,90.3,0.4
IA,Iowa,3,601044,3898,557742,2864,92.8,0.5,18169,2128,3,0.3,10725,2120,1.8,0.3,NA,NA,NA,NA,NA,NA,NA,NA,3156,1202,0.5,0.2,9832,3786,1.6,0.6,24306,1926,4,0.3,537428,1922,89.4,0.5
IA,Iowa,4,564463,2859,538737,2127,95.4,0.4,7067,1044,1.3,0.2,6745,1027,1.2,0.2,NA,NA,NA,NA,NA,NA,NA,NA,2747,848,0.5,0.1,6482,2612,1.1,0.5,23431,1264,4.2,0.2,519370,1788,92,0.4
KS,Kansas,1,502712,3509,459774,3422,91.5,0.5,16454,1505,3.3,0.3,5479,1050,1.1,0.2,NA,NA,NA,NA,NA,NA,NA,NA,7033,1733,1.4,0.3,11137,3322,2.2,0.7,49522,2637,9.9,0.5,421084,1521,83.8,0.5
KS,Kansas,2,538594,2980,479401,2802,89,0.3,25593,2935,4.8,0.5,4770,981,0.9,0.2,9172,2047,1.7,0.4,NA,NA,NA,NA,3888,1009,0.7,0.2,16061,3533,3,0.7,25560,1781,4.7,0.3,462082,2227,85.8,0.4
KS,Kansas,3,534532,3744,453444,3286,84.8,0.5,43636,2537,8.2,0.5,17327,1329,3.2,0.2,NA,NA,NA,NA,NA,NA,NA,NA,5759,1421,1.1,0.3,12194,1664,2.3,0.3,33071,2422,6.2,0.4,429303,1501,80.3,0.5
KS,Kansas,4,515676,3192,437657,3079,84.9,0.5,35546,1747,6.9,0.3,11977,1940,2.3,0.4,6166,2213,1.2,0.4,NA,NA,NA,NA,10061,2295,2,0.4,14743,4583,2.9,0.9,38949,2757,7.6,0.5,412175,1278,79.9,0.4
KY,Kentucky,1,552530,3169,500034,2869,90.5,0.3,38384,3300,6.9,0.6,2432,1118,0.4,0.2,NA,NA,NA,NA,NA,NA,NA,NA,NA,NA,NA,NA,8582,3197,1.6,0.6,10548,1063,1.9,0.2,492760,2674,89.2,0.3
KY,Kentucky,2,577362,4615,530370,4037,91.9,0.4,28032,3529,4.9,0.6,4163,1292,0.7,0.2,NA,NA,NA,NA,NA,NA,NA,NA,2796,1232,0.5,0.2,9872,3684,1.7,0.6,10258,1331,1.8,0.2,524442,4114,90.8,0.4
KY,Kentucky,3,553926,3786,410943,3064,74.2,0.3,117485,2232,21.2,0.4,10669,1320,1.9,0.2,NA,NA,NA,NA,NA,NA,NA,NA,3796,1442,0.7,0.3,9967,4011,1.8,0.7,13047,2090,2.4,0.4,401441,2555,72.5,0.4
KY,Kentucky,4,565232,4216,532650,3875,94.2,0.4,19105,1992,3.4,0.3,3944,1090,0.7,0.2,NA,NA,NA,NA,NA,NA,NA,NA,1600,728,0.3,0.1,7153,3178,1.3,0.6,9796,1665,1.7,0.3,525001,3555,92.9,0.4
KY,Kentucky,5,537877,3689,525043,3824,97.6,0.3,7435,1753,1.4,0.3,NA,NA,NA,NA,NA,NA,NA,NA,NA,NA,NA,NA,NA,NA,NA,NA,NA,NA,NA,NA,2761,853,0.5,0.2,523013,3755,97.2,0.3
KY,Kentucky,6,581992,4750,510833,4925,87.8,0.5,50296,2596,8.6,0.4,6486,1040,1.1,0.2,NA,NA,NA,NA,NA,NA,NA,NA,2552,927,0.4,0.2,11851,3813,2,0.7,9886,1541,1.7,0.3,504284,4558,86.6,0.5
LA,Louisiana,1,594231,7375,481558,6999,81,0.9,83543,5021,14.1,0.8,10143,1635,1.7,0.3,7301,2882,1.2,0.5,NA,NA,NA,NA,4112,1142,0.7,0.2,7990,3920,1.3,0.7,32247,2597,5.4,0.4,456106,6586,76.8,0.9
LA,Louisiana,2,587115,8471,196226,5926,33.4,0.9,365548,8095,62.3,0.9,9691,1637,1.7,0.3,NA,NA,NA,NA,NA,NA,NA,NA,5976,1733,1,0.3,8638,3972,1.5,0.7,20855,2488,3.6,0.4,183058,5696,31.2,0.9
LA,Louisiana,3,577604,2928,420921,3022,72.9,0.2,140311,4926,24.3,0.8,4398,781,0.8,0.1,NA,NA,NA,NA,NA,NA,NA,NA,2350,844,0.4,0.1,8333,3597,1.4,0.6,14482,1674,2.5,0.3,409305,2417,70.9,0.3
LA,Louisiana,4,559310,2947,349404,2573,62.5,0.4,188481,2882,33.7,0.5,4016,844,0.7,0.2,NA,NA,NA,NA,NA,NA,NA,NA,4193,1221,0.7,0.2,9015,3308,1.6,0.6,15146,1136,2.7,0.2,340455,2405,60.9,0.3
LA,Louisiana,5,555804,4901,351763,4369,63.3,0.6,191610,8153,34.5,1.4,2581,1124,0.5,0.2,NA,NA,NA,NA,NA,NA,NA,NA,2772,1228,0.5,0.2,5996,3671,1.1,0.7,8930,1531,1.6,0.3,345989,4341,62.3,0.6
LA,Louisiana,6,585015,7251,427098,5510,73,0.9,135054,6889,23.1,1,7651,1669,1.3,0.3,NA,NA,NA,NA,NA,NA,NA,NA,2631,1234,0.4,0.2,9963,2507,1.7,0.4,13388,2518,2.3,0.4,417345,4893,71.3,0.9
ME,Maine,1,546625,3606,523065,3075,95.7,0.4,4832,1372,0.9,0.2,6318,814,1.2,0.2,NA,NA,NA,NA,NA,NA,NA,NA,NA,NA,NA,NA,9504,2679,1.7,0.5,9152,769,1.7,0.1,516350,2914,94.5,0.4
ME,Maine,2,524036,3159,504203,2892,96.2,0.2,3444,787,0.7,0.1,2111,675,0.4,0.1,4657,734,0.9,0.1,NA,NA,NA,NA,NA,NA,NA,NA,9244,2080,1.8,0.4,5918,674,1.1,0.1,500004,2663,95.4,0.3
MD,Maryland,1,567926,5943,479256,5981,84.4,0.6,67759,3436,11.9,0.6,8288,1392,1.5,0.2,NA,NA,NA,NA,NA,NA,NA,NA,2982,984,0.5,0.2,8731,1720,1.5,0.3,13559,1760,2.4,0.3,470557,5693,82.9,0.6
MD,Maryland,2,560167,10243,323003,7836,57.7,1.3,188784,9277,33.7,1.3,24835,3156,4.4,0.6,NA,NA,NA,NA,NA,NA,NA,NA,6579,2095,1.2,0.4,15272,2579,2.7,0.5,24317,3050,4.3,0.5,309612,7221,55.3,1.2
MD,Maryland,3,545892,12375,369823,8709,67.7,1.6,118047,9215,21.6,1.4,34330,3814,6.3,0.7,NA,NA,NA,NA,NA,NA,NA,NA,8064,2500,1.5,0.4,13885,2274,2.5,0.4,28000,4097,5.1,0.7,354564,8642,65,1.5
MD,Maryland,4,503398,11202,156560,6351,31.1,1.1,294846,9072,58.6,1.3,13788,1997,2.7,0.4,NA,NA,NA,NA,NA,NA,NA,NA,23279,3348,4.6,0.7,14139,3212,2.8,0.6,38317,3113,7.6,0.6,145950,5869,29,1
MD,Maryland,5,556897,9297,280604,5562,50.4,1,223875,7699,40.2,1,21240,1950,3.8,0.4,NA,NA,NA,NA,NA,NA,NA,NA,12694,2572,2.3,0.5,16235,2852,2.9,0.5,29866,4059,5.4,0.7,267368,4756,48,0.9
MD,Maryland,6,523698,8346,379330,7873,72.4,1.2,70654,5694,13.5,1.1,46840,3989,8.9,0.7,NA,NA,NA,NA,NA,NA,NA,NA,10979,2919,2.1,0.5,13954,2198,2.7,0.4,43603,4917,8.3,0.9,351139,6157,67,1.1
MD,Maryland,7,528398,10931,199610,6652,37.8,1.1,283515,8945,53.7,1.2,26141,2895,4.9,0.5,NA,NA,NA,NA,NA,NA,NA,NA,3712,1310,0.7,0.2,13432,2604,2.5,0.5,14254,2348,2.7,0.4,191424,6247,36.2,1.1
MD,Maryland,8,533774,9035,380121,7570,71.2,1.3,66901,4693,12.5,0.9,43419,3779,8.1,0.7,NA,NA,NA,NA,NA,NA,NA,NA,24354,5683,4.6,1,17589,2628,3.3,0.5,54337,5527,10.2,1,354289,7441,66.4,1.2
MA,Massachusetts,1,568024,5218,499193,5506,87.9,0.6,34587,2002,6.1,0.4,8899,1137,1.6,0.2,NA,NA,NA,NA,NA,NA,NA,NA,14892,2761,2.6,0.5,8920,1405,1.6,0.2,89732,2170,15.8,0.4,430962,4949,75.9,0.4
MA,Massachusetts,2,558962,8532,492821,8331,88.2,0.7,21037,1915,3.8,0.3,22444,2415,4,0.4,NA,NA,NA,NA,NA,NA,NA,NA,9865,2259,1.8,0.4,11041,1733,2,0.3,45931,3367,8.2,0.6,460130,7913,82.3,0.8
MA,Massachusetts,3,543580,9566,434252,11478,79.9,1.4,21573,3828,4,0.7,32981,3793,6.1,0.7,NA,NA,NA,NA,NA,NA,NA,NA,41121,4841,7.6,0.9,11848,1873,2.2,0.3,79786,5021,14.7,0.9,401996,11487,74,1.4
MA,Massachusetts,4,559943,7776,500494,8237,89.4,0.7,14662,2779,2.6,0.5,26307,2417,4.7,0.4,NA,NA,NA,NA,NA,NA,NA,NA,8756,2629,1.6,0.5,8668,1562,1.5,0.3,21613,2575,3.9,0.5,486415,8068,86.9,0.8
MA,Massachusetts,5,535109,10214,441170,9594,82.4,1,25571,3467,4.8,0.6,44109,3623,8.2,0.7,NA,NA,NA,NA,NA,NA,NA,NA,9309,2095,1.7,0.4,14385,2388,2.7,0.4,37051,3461,6.9,0.6,417609,9366,78,1.1
MA,Massachusetts,6,577241,6734,514726,8110,89.2,0.8,20886,2732,3.6,0.5,20960,3294,3.6,0.6,NA,NA,NA,NA,NA,NA,NA,NA,10401,2509,1.8,0.4,8878,2174,1.5,0.4,37241,3753,6.5,0.6,492977,8119,85.4,0.9
MA,Massachusetts,7,558430,11033,322232,9249,57.7,1.1,133572,5169,23.9,0.8,48466,4055,8.7,0.7,NA,NA,NA,NA,NA,NA,NA,NA,29098,3493,5.2,0.6,22095,3361,4,0.6,86346,5624,15.5,0.9,281804,7164,50.5,1
MA,Massachusetts,8,561241,10353,451130,9041,80.4,1,51412,3832,9.2,0.7,34006,3716,6.1,0.6,NA,NA,NA,NA,NA,NA,NA,NA,12980,2862,2.3,0.5,10407,2264,1.9,0.4,25380,3263,4.5,0.6,437245,8538,77.9,1
MA,Massachusetts,9,573274,7656,520971,7687,90.9,0.7,14079,2160,2.5,0.4,6223,1482,1.1,0.3,NA,NA,NA,NA,NA,NA,NA,NA,20564,2739,3.6,0.5,9796,1981,1.7,0.3,25238,2930,4.4,0.5,511335,7687,89.2,0.8
MI,Michigan,1,564858,1561,526005,1364,93.1,0.2,8008,1110,1.4,0.2,2318,534,0.4,0.1,13991,1843,2.5,0.3,NA,NA,NA,NA,NA,NA,NA,NA,12946,2286,2.3,0.4,7068,953,1.3,0.2,521391,1014,92.3,0.2
MI,Michigan,2,551323,4776,483612,4840,87.7,0.7,31227,2218,5.7,0.4,10108,1494,1.8,0.3,4143,1428,0.8,0.3,NA,NA,NA,NA,12026,3156,2.2,0.6,10915,3563,2,0.6,36598,2762,6.6,0.5,462160,4430,83.8,0.6
MI,Michigan,3,551028,4362,481704,4710,87.4,0.6,41431,2800,7.5,0.5,6985,1284,1.3,0.2,NA,NA,NA,NA,NA,NA,NA,NA,5726,1473,1,0.3,13090,4233,2.4,0.8,26456,2415,4.8,0.4,464680,4328,84.3,0.6
MI,Michigan,4,554938,2626,526676,2565,94.9,0.3,10988,1534,2,0.3,3224,762,0.6,0.1,NA,NA,NA,NA,NA,NA,NA,NA,NA,NA,NA,NA,7859,2155,1.4,0.4,15030,1099,2.7,0.2,515278,2623,92.9,0.3
MI,Michigan,5,520558,2700,415581,2551,79.8,0.3,86291,4439,16.6,0.8,3630,667,0.7,0.1,NA,NA,NA,NA,NA,NA,NA,NA,NA,NA,NA,NA,11210,3914,2.2,0.8,20993,866,4,0.2,399720,2574,76.8,0.2
MI,Michigan,6,541981,3071,473725,2705,87.4,0.4,41084,1728,7.6,0.3,5902,931,1.1,0.2,NA,NA,NA,NA,NA,NA,NA,NA,3935,1209,0.7,0.2,15409,3384,2.8,0.6,20545,1359,3.8,0.2,459777,2311,84.8,0.4
MI,Michigan,7,548462,2889,506913,3090,92.4,0.4,21043,1518,3.8,0.3,4514,1032,0.8,0.2,NA,NA,NA,NA,NA,NA,NA,NA,3757,1441,0.7,0.3,10629,2795,1.9,0.5,18784,1177,3.4,0.2,492488,2814,89.8,0.3
MI,Michigan,8,554462,5219,491959,4924,88.7,0.6,30808,2617,5.6,0.5,15727,1823,2.8,0.3,NA,NA,NA,NA,NA,NA,NA,NA,3539,1026,0.6,0.2,11053,3345,2,0.6,23746,1653,4.3,0.3,474565,4676,85.6,0.6
MI,Michigan,9,552114,6344,447958,6389,81.1,0.7,74602,3767,13.5,0.7,16366,2268,3,0.4,NA,NA,NA,NA,NA,NA,NA,NA,NA,NA,NA,NA,9518,2168,1.7,0.4,11679,1929,2.1,0.3,438566,6278,79.4,0.8
MI,Michigan,10,553804,5635,516738,5942,93.3,0.7,17298,3829,3.1,0.7,8270,2262,1.5,0.4,NA,NA,NA,NA,NA,NA,NA,NA,NA,NA,NA,NA,7652,1458,1.4,0.3,13094,1211,2.4,0.2,506372,5740,91.4,0.7
MI,Michigan,11,534817,6785,456915,7224,85.4,0.9,28362,3458,5.3,0.7,36706,2906,6.9,0.5,NA,NA,NA,NA,NA,NA,NA,NA,1984,788,0.4,0.1,9763,1875,1.8,0.3,10805,1779,2,0.3,447997,7056,83.8,0.9
MI,Michigan,12,526943,7440,427794,6999,81.2,0.8,57547,3880,10.9,0.7,20590,2112,3.9,0.4,NA,NA,NA,NA,NA,NA,NA,NA,5506,1746,1,0.3,13673,2176,2.6,0.4,25373,2584,4.8,0.5,408989,6862,77.6,0.8
MI,Michigan,13,474739,8475,189735,5679,40,1,263216,7131,55.4,1.1,4158,1417,0.9,0.3,NA,NA,NA,NA,NA,NA,NA,NA,7211,1993,1.5,0.4,8375,1724,1.8,0.4,20615,2626,4.3,0.5,178151,5714,37.5,1.1
MI,Michigan,14,512851,9342,184289,6693,35.9,1.1,296868,7939,57.9,1.1,15811,2503,3.1,0.5,NA,NA,NA,NA,NA,NA,NA,NA,3012,927,0.6,0.2,11358,2182,2.2,0.4,14057,2212,2.7,0.4,173468,6836,33.8,1.1
MN,Minnesota,1,500330,2914,468265,2417,93.6,0.4,10688,1127,2.1,0.2,9395,1049,1.9,0.2,NA,NA,NA,NA,NA,NA,NA,NA,4704,1380,0.9,0.3,5515,2659,1.1,0.5,17539,1817,3.5,0.3,456613,1682,91.3,0.4
MN,Minnesota,2,511914,3848,456311,3810,89.1,0.6,19080,2186,3.7,0.4,19304,1571,3.8,0.3,NA,NA,NA,NA,NA,NA,NA,NA,5480,1422,1.1,0.3,9119,3782,1.8,0.7,19926,1683,3.9,0.3,443431,3139,86.6,0.6
MN,Minnesota,3,517834,7590,444126,7574,85.8,0.8,30981,3782,6,0.7,28398,2651,5.5,0.5,NA,NA,NA,NA,NA,NA,NA,NA,3228,1028,0.6,0.2,10119,1706,2,0.3,11512,2007,2.2,0.4,436516,7866,84.3,0.9
MN,Minnesota,4,510862,5084,397340,3871,77.8,0.7,42928,2234,8.4,0.4,46885,2845,9.2,0.5,NA,NA,NA,NA,NA,NA,NA,NA,6263,1516,1.2,0.3,13954,1703,2.7,0.3,21515,1762,4.2,0.3,384868,3376,75.3,0.6
MN,Minnesota,5,517155,6617,395730,7891,76.5,0.9,68758,4352,13.3,0.8,21618,2750,4.2,0.5,6451,2492,1.2,0.5,NA,NA,NA,NA,7921,1650,1.5,0.3,16732,2000,3.2,0.4,21973,2190,4.2,0.4,384238,7701,74.3,0.9
MN,Minnesota,6,525551,4938,490648,4709,93.4,0.6,11041,1985,2.1,0.4,10362,1330,2,0.3,NA,NA,NA,NA,NA,NA,NA,NA,3251,1551,0.6,0.3,8516,3530,1.6,0.7,12087,1517,2.3,0.3,482683,4455,91.8,0.6
MN,Minnesota,7,495727,2489,464118,2173,93.6,0.3,5225,917,1.1,0.2,2580,558,0.5,0.1,11787,1847,2.4,0.4,NA,NA,NA,NA,4601,925,0.9,0.2,7435,1851,1.5,0.4,13527,1243,2.7,0.2,456881,1907,92.2,0.3
MN,Minnesota,8,527541,1381,496067,1195,94,0.2,5830,1009,1.1,0.2,3378,689,0.6,0.1,12081,1653,2.3,0.3,NA,NA,NA,NA,1031,551,0.2,0.1,9265,2477,1.8,0.5,6662,744,1.3,0.1,491785,1142,93.2,0.2
MS,Mississippi,1,577880,2748,402803,2445,69.7,0.4,160869,5915,27.8,1,2353,901,0.4,0.2,NA,NA,NA,NA,NA,NA,NA,NA,3551,1392,0.6,0.2,6912,3370,1.2,0.6,9613,1338,1.7,0.2,397756,2177,68.8,0.4
MS,Mississippi,2,523479,4699,177092,4348,33.8,0.7,340371,8187,65,1.5,NA,NA,NA,NA,NA,NA,NA,NA,NA,NA,NA,NA,NA,NA,NA,NA,NA,NA,NA,NA,5263,1306,1,0.2,174095,4112,33.3,0.7
MS,Mississippi,3,559913,5338,345797,4881,61.8,0.8,200767,8756,35.9,1.5,3288,895,0.6,0.2,5056,949,0.9,0.2,NA,NA,NA,NA,NA,NA,NA,NA,NA,NA,NA,NA,5431,1548,1,0.3,342068,4943,61.1,0.8
MS,Mississippi,4,579386,3131,426215,2904,73.6,0.4,135118,5936,23.3,1,6514,842,1.1,0.1,NA,NA,NA,NA,NA,NA,NA,NA,3910,1456,0.7,0.3,7129,4152,1.2,0.7,15661,1971,2.7,0.3,416172,2323,71.8,0.5
MO,Missouri,1,549361,6958,260192,5995,47.4,0.8,261201,4273,47.5,0.8,10437,1872,1.9,0.3,NA,NA,NA,NA,NA,NA,NA,NA,4424,1694,0.8,0.3,11462,3700,2.1,0.7,11442,1743,2.1,0.3,252875,5742,46,0.7
MO,Missouri,2,575828,8830,523122,8099,90.8,0.7,22595,5090,3.9,0.9,20250,2570,3.5,0.4,NA,NA,NA,NA,NA,NA,NA,NA,NA,NA,NA,NA,6756,3471,1.2,0.6,11665,1686,2,0.3,514031,8053,89.3,0.7
MO,Missouri,3,602748,6241,567355,5778,94.1,0.4,21213,3282,3.5,0.5,3000,1064,0.5,0.2,NA,NA,NA,NA,NA,NA,NA,NA,NA,NA,NA,NA,8782,2967,1.5,0.5,8947,1500,1.5,0.2,560137,5543,92.9,0.5
MO,Missouri,4,584925,4248,532568,3744,91,0.3,25895,1922,4.4,0.3,5980,1411,1,0.2,NA,NA,NA,NA,NA,NA,NA,NA,2765,974,0.5,0.2,13236,3768,2.3,0.6,16368,1180,2.8,0.2,519509,3678,88.8,0.3
MO,Missouri,5,573775,5681,421069,5255,73.4,0.7,120397,3462,21,0.6,6030,935,1.1,0.2,NA,NA,NA,NA,1284,274,0.2,0.1,9296,1874,1.6,0.3,13740,1716,2.4,0.3,33905,2635,5.9,0.4,398974,4568,69.5,0.6
MO,Missouri,6,583457,5275,535210,4449,91.7,0.6,26559,2881,4.6,0.5,5525,1124,0.9,0.2,NA,NA,NA,NA,NA,NA,NA,NA,2967,1057,0.5,0.2,10712,3385,1.8,0.6,16447,2352,2.8,0.4,523778,4368,89.8,0.6
MO,Missouri,7,595559,2710,554030,2478,93,0.3,12611,1300,2.1,0.2,5598,980,0.9,0.2,NA,NA,NA,NA,NA,NA,NA,NA,3458,962,0.6,0.2,12883,3282,2.2,0.6,18291,1411,3.1,0.2,541114,2168,90.9,0.3
MO,Missouri,8,567717,3947,528067,3934,93,0.3,25045,2597,4.4,0.5,NA,NA,NA,NA,NA,NA,NA,NA,NA,NA,NA,NA,NA,NA,NA,NA,8143,2816,1.4,0.5,6686,1513,1.2,0.3,522714,3553,92.1,0.3
MT,Montana,At-large,823668,2462,747646,2078,90.8,0.2,NA,NA,NA,NA,4509,685,0.5,0.1,43804,3344,5.3,0.4,NA,NA,NA,NA,3505,1099,0.4,0.1,19621,3837,2.4,0.5,24492,1571,3,0.2,729822,1284,88.6,0.2
NE,Nebraska,1,473676,3971,432846,3201,91.4,0.5,11693,1394,2.5,0.3,7877,993,1.7,0.2,5246,1250,1.1,0.3,NA,NA,NA,NA,4213,1104,0.9,0.2,11469,1592,2.4,0.3,27352,1812,5.8,0.4,412429,2781,87.1,0.5
NE,Nebraska,2,467041,4132,398060,3492,85.2,0.5,42207,1756,9,0.4,8924,1341,1.9,0.3,NA,NA,NA,NA,NA,NA,NA,NA,5956,1378,1.3,0.3,9518,1813,2,0.4,30190,2759,6.5,0.6,375412,2451,80.4,0.6
NE,Nebraska,3,439543,3065,415335,2818,94.5,0.4,4793,1161,1.1,0.3,1949,723,0.4,0.2,4072,1531,0.9,0.3,NA,NA,NA,NA,6623,1434,1.5,0.3,6948,2721,1.6,0.6,29497,2114,6.7,0.4,394655,1906,89.8,0.5
NV,Nevada,1,418811,10703,240100,8511,57.3,1.6,61200,5783,14.6,1.3,35413,4012,8.5,0.9,6037,1761,1.4,0.4,NA,NA,NA,NA,55335,4983,13.2,1.1,17732,2587,4.2,0.6,125193,5880,29.9,1.3,179068,7473,42.8,1.4
NV,Nevada,2,531489,4280,440975,4523,83,0.8,11815,2056,2.2,0.4,19573,1617,3.7,0.3,13474,2173,2.5,0.4,NA,NA,NA,NA,29893,3552,5.6,0.7,13627,2239,2.6,0.4,82341,3646,15.5,0.6,394263,1722,74.2,0.6
NV,Nevada,3,607915,11250,413307,11005,68,1.2,51247,5927,8.4,1,77180,4985,12.7,0.8,NA,NA,NA,NA,NA,NA,NA,NA,33388,5244,5.5,0.8,26261,3584,4.3,0.6,92471,6487,15.2,1,360201,10099,59.3,1.3
NV,Nevada,4,516951,10773,337862,10439,65.4,1.6,78071,5786,15.1,1.1,32696,5457,6.3,1,7291,2376,1.4,0.5,NA,NA,NA,NA,36795,5595,7.1,1.1,20134,2596,3.9,0.5,112161,7421,21.7,1.3,271379,8847,52.5,1.4
NH,New Hampshire,1,540224,4909,510514,5202,94.5,0.4,8240,1652,1.5,0.3,8736,1366,1.6,0.3,NA,NA,NA,NA,NA,NA,NA,NA,NA,NA,NA,NA,8689,2998,1.6,0.6,13975,1651,2.6,0.3,500722,5487,92.7,0.5
NH,New Hampshire,2,529588,4458,502531,5251,94.9,0.5,6668,1793,1.3,0.3,8458,1314,1.6,0.3,NA,NA,NA,NA,NA,NA,NA,NA,2377,858,0.4,0.2,7885,1772,1.5,0.3,17289,2254,3.3,0.4,489481,5705,92.4,0.6
NJ,New Jersey,1,542034,6191,384778,6774,71,0.9,94492,2713,17.4,0.5,25320,1463,4.7,0.3,NA,NA,NA,NA,NA,NA,NA,NA,25639,3690,4.7,0.7,11236,2262,2.1,0.4,57115,3003,10.5,0.5,361446,5236,66.7,0.7
NJ,New Jersey,2,531339,6456,417570,6554,78.6,0.7,64200,2778,12.1,0.5,17255,1535,3.2,0.3,NA,NA,NA,NA,NA,NA,NA,NA,19140,3186,3.6,0.6,11119,2254,2.1,0.4,59922,3554,11.3,0.6,382079,5649,71.9,0.7
NJ,New Jersey,3,570276,5881,470331,6389,82.5,0.6,62569,2454,11,0.4,16440,1733,2.9,0.3,NA,NA,NA,NA,NA,NA,NA,NA,7935,2167,1.4,0.4,11905,2314,2.1,0.4,36899,2638,6.5,0.4,445649,5790,78.1,0.7
NJ,New Jersey,4,539643,8273,472751,8399,87.6,0.7,32469,2381,6,0.4,23529,2186,4.4,0.4,NA,NA,NA,NA,NA,NA,NA,NA,5888,1803,1.1,0.3,4677,3223,0.9,0.6,40667,4265,7.5,0.8,439223,8283,81.4,0.9
NJ,New Jersey,5,527932,8667,436719,7341,82.7,0.8,27896,2794,5.3,0.5,44427,3298,8.4,0.6,NA,NA,NA,NA,NA,NA,NA,NA,6318,1783,1.2,0.3,11156,2765,2.1,0.5,58275,4560,11,0.8,389518,7198,73.8,1
NJ,New Jersey,6,502463,7651,344954,7734,68.7,1.1,59427,4087,11.8,0.8,65641,4580,13.1,0.9,NA,NA,NA,NA,NA,NA,NA,NA,17983,3501,3.6,0.7,11963,2879,2.4,0.6,97590,4713,19.4,0.9,271555,6889,54,1.1
NJ,New Jersey,7,527076,9094,435194,8283,82.6,0.8,27632,3385,5.2,0.6,45740,3314,8.7,0.6,NA,NA,NA,NA,NA,NA,NA,NA,9733,2354,1.8,0.4,7894,2458,1.5,0.5,49423,5002,9.4,0.9,399594,6931,75.8,1
NJ,New Jersey,8,425604,11139,256512,10006,60.3,1.7,49683,5296,11.7,1.2,31256,3228,7.3,0.7,NA,NA,NA,NA,NA,NA,NA,NA,69813,7571,16.4,1.7,16495,3291,3.9,0.8,206013,9597,48.4,1.7,139594,6011,32.8,1.3
NJ,New Jersey,9,481499,11594,311111,10580,64.6,1.5,50941,3485,10.6,0.7,54218,3705,11.3,0.7,NA,NA,NA,NA,NA,NA,NA,NA,53404,5878,11.1,1.2,10446,2120,2.2,0.4,153807,7289,31.9,1.2,219280,7583,45.5,1.2
NJ,New Jersey,10,496051,9959,157432,8413,31.7,1.4,265501,6431,53.5,1.3,28602,3060,5.8,0.6,NA,NA,NA,NA,NA,NA,NA,NA,34692,5310,7,1,8905,1728,1.8,0.3,82975,7426,16.7,1.4,113784,6493,22.9,1.2
NJ,New Jersey,11,548734,8988,467549,9141,85.2,0.8,21897,2780,4,0.5,43139,3167,7.9,0.6,NA,NA,NA,NA,NA,NA,NA,NA,6978,1790,1.3,0.3,8350,2000,1.5,0.4,54585,3859,9.9,0.7,423558,7791,77.2,0.9
NJ,New Jersey,12,505683,9993,319979,8426,63.3,1.3,97561,6382,19.3,1.1,61677,4946,12.2,1,NA,NA,NA,NA,NA,NA,NA,NA,14042,2870,2.8,0.6,10815,2483,2.1,0.5,59774,5487,11.8,1,281355,7678,55.6,1.4
NM,New Mexico,1,514775,6996,417352,7260,81.1,1,15860,2558,3.1,0.5,11369,1318,2.2,0.3,22993,2654,4.5,0.5,NA,NA,NA,NA,30972,4217,6,0.8,17324,2677,3.4,0.5,227966,6240,44.3,0.8,233565,3129,45.4,0.7
NM,New Mexico,2,484702,6155,410561,5583,84.7,0.8,13404,2365,2.8,0.5,3104,990,0.6,0.2,27930,3457,5.8,0.7,NA,NA,NA,NA,21768,3297,4.5,0.7,8709,3098,1.8,0.6,234915,5294,48.5,0.7,204305,2997,42.2,0.7
NM,New Mexico,3,507907,5741,347776,5733,68.5,0.9,7966,1343,1.6,0.3,5215,1076,1,0.2,93824,3905,18.5,0.7,NA,NA,NA,NA,41017,4174,8.1,0.8,11024,1544,2.2,0.3,184798,5357,36.4,0.8,213905,2895,42.1,0.6
NY,New York,1,530436,8854,469195,9385,88.5,1,29343,4132,5.5,0.8,18748,2914,3.5,0.5,NA,NA,NA,NA,NA,NA,NA,NA,5522,1699,1,0.3,6247,1382,1.2,0.3,55664,6080,10.5,1.1,421406,8404,79.4,1.2
NY,New York,2,515987,10089,421557,11136,81.7,1.3,47721,3554,9.2,0.7,13120,2764,2.5,0.5,NA,NA,NA,NA,NA,NA,NA,NA,20918,3931,4.1,0.8,10552,2277,2,0.4,87360,6685,16.9,1.2,360821,9932,69.9,1.4
NY,New York,3,521235,9204,408617,9304,78.4,1.2,17405,2952,3.3,0.6,74896,5419,14.4,1,NA,NA,NA,NA,NA,NA,NA,NA,12848,2846,2.5,0.5,7092,1713,1.4,0.3,42108,4383,8.1,0.8,380673,9152,73,1.3
NY,New York,4,506457,8321,350417,8189,69.2,1.4,81188,5016,16,0.9,32489,3572,6.4,0.7,2228,1345,0.4,0.3,NA,NA,NA,NA,29611,4968,5.8,1,10130,2046,2,0.4,73896,4911,14.6,0.9,313427,6420,61.9,1
NY,New York,5,501784,12659,95312,6190,19,1.2,269186,8153,53.6,1.4,63666,6704,12.7,1.2,NA,NA,NA,NA,NA,NA,NA,NA,54170,6466,10.8,1.2,16620,2902,3.3,0.6,74850,6566,14.9,1.2,68351,5276,13.6,1
NY,New York,6,448065,12825,228818,8462,51.1,1.7,22546,3488,5,0.7,147288,7225,32.9,1.3,NA,NA,NA,NA,NA,NA,NA,NA,32697,5485,7.3,1.2,13803,2775,3.1,0.6,84837,6878,18.9,1.4,183511,7627,41,1.5
NY,New York,7,446196,14230,242486,10344,54.3,1.6,54545,5202,12.2,1.1,63755,4737,14.3,1,NA,NA,NA,NA,NA,NA,NA,NA,61784,5936,13.8,1.2,20857,3762,4.7,0.8,162390,9000,36.4,1.5,163314,7394,36.6,1.2
NY,New York,8,540660,13211,182080,8392,33.7,1.2,277437,9398,51.3,1.4,31107,3765,5.8,0.7,NA,NA,NA,NA,NA,NA,NA,NA,32944,4380,6.1,0.8,16097,2817,3,0.5,83725,6121,15.5,1,149722,7272,27.7,1.1
NY,New York,9,486880,12651,184024,8087,37.8,1.2,233493,9189,48,1.4,35330,3483,7.3,0.7,NA,NA,NA,NA,NA,NA,NA,NA,19299,3008,4,0.6,13728,2309,2.8,0.5,49463,4673,10.2,0.9,165596,6832,34,1.1
NY,New York,10,473542,10788,350656,9789,74,1.4,19480,3055,4.1,0.7,75831,6609,16,1.3,NA,NA,NA,NA,NA,NA,NA,NA,12426,2506,2.6,0.5,13710,2665,2.9,0.5,51569,5366,10.9,1,318583,8968,67.3,1.4
NY,New York,11,500998,8100,368224,6840,73.5,1.1,38364,2591,7.7,0.5,65850,3687,13.1,0.7,NA,NA,NA,NA,NA,NA,NA,NA,19320,3943,3.9,0.8,8354,2078,1.7,0.4,75157,3849,15,0.7,319638,5860,63.8,0.9
NY,New York,12,530252,14243,405117,11334,76.4,1.3,28927,4208,5.5,0.7,61225,5342,11.5,1,NA,NA,NA,NA,NA,NA,NA,NA,19638,3654,3.7,0.7,13580,2670,2.6,0.5,59475,7157,11.2,1.2,369801,10163,69.7,1.5
NY,New York,13,505003,13783,143641,9415,28.4,1.6,167679,9100,33.2,1.7,19387,2928,3.8,0.6,NA,NA,NA,NA,NA,NA,NA,NA,137339,11174,27.2,2,29826,4848,5.9,1,245898,12118,48.7,1.6,86581,6193,17.1,1.1
NY,New York,14,392398,12236,187370,7322,47.7,1.6,58500,5370,14.9,1.3,59258,5239,15.1,1.2,2015,984,0.5,0.2,NA,NA,NA,NA,71750,7218,18.3,1.6,13505,2095,3.4,0.5,162309,9930,41.4,1.9,115010,4908,29.3,1.3
NY,New York,15,410819,11144,79708,6145,19.4,1.5,166569,9450,40.5,1.7,8258,1806,2,0.4,4016,1158,1,0.3,NA,NA,NA,NA,133968,7514,32.6,1.8,17008,3437,4.1,0.8,250878,8416,61.1,1.8,14264,2027,3.5,0.5
NY,New York,16,498243,10607,249916,8237,50.2,1.4,161995,7886,32.5,1.3,23001,3381,4.6,0.7,NA,NA,NA,NA,NA,NA,NA,NA,47451,5821,9.5,1.2,14310,2818,2.9,0.6,111353,7212,22.3,1.3,202591,6304,40.7,1.1
NY,New York,17,502861,6893,373395,6885,74.3,1.1,55706,4040,11.1,0.8,30787,2604,6.1,0.5,NA,NA,NA,NA,NA,NA,NA,NA,32269,4860,6.4,0.9,9914,1784,2,0.4,78084,4770,15.5,0.9,334031,5915,66.4,1
NY,New York,18,524373,5240,421348,6092,80.4,1,52016,2188,9.9,0.4,12453,1467,2.4,0.3,NA,NA,NA,NA,NA,NA,NA,NA,25176,5036,4.8,1,12195,2343,2.3,0.4,69835,4324,13.3,0.8,384776,5001,73.4,0.9
NY,New York,19,553713,5607,499819,5710,90.3,0.5,28573,2446,5.2,0.4,5960,929,1.1,0.2,NA,NA,NA,NA,NA,NA,NA,NA,7513,1915,1.4,0.3,10473,1657,1.9,0.3,31643,2468,5.7,0.4,479384,5238,86.6,0.6
NY,New York,20,557251,5438,463732,4988,83.2,0.5,48962,3261,8.8,0.6,17189,1773,3.1,0.3,NA,NA,NA,NA,NA,NA,NA,NA,9090,2155,1.6,0.4,15050,2256,2.7,0.4,32170,1609,5.8,0.3,447852,4615,80.4,0.5
NY,New York,21,551303,4192,510069,4121,92.5,0.3,18316,1631,3.3,0.3,5149,1259,0.9,0.2,NA,NA,NA,NA,NA,NA,NA,NA,6012,972,1.1,0.2,7425,1648,1.3,0.3,15403,1461,2.8,0.3,502575,3809,91.2,0.3
NY,New York,22,539437,3753,495348,3650,91.8,0.4,21123,1308,3.9,0.2,9748,1115,1.8,0.2,NA,NA,NA,NA,NA,NA,NA,NA,4461,1045,0.8,0.2,7574,2808,1.4,0.5,15948,1204,3,0.2,486757,3212,90.2,0.3
NY,New York,23,544564,3340,500861,3326,92,0.4,15759,1652,2.9,0.3,8850,1228,1.6,0.2,3285,855,0.6,0.2,NA,NA,NA,NA,7985,1450,1.5,0.3,7628,1463,1.4,0.3,18167,807,3.3,0.1,492224,2837,90.4,0.3
NY,New York,24,539797,2939,474013,2933,87.8,0.4,41560,1951,7.7,0.4,9619,1423,1.8,0.3,NA,NA,NA,NA,NA,NA,NA,NA,3618,1046,0.7,0.2,8527,1327,1.6,0.2,19512,1025,3.6,0.2,462060,2503,85.6,0.3
NY,New York,25,543698,4648,431515,4092,79.4,0.5,78070,2364,14.4,0.4,12161,2039,2.2,0.4,NA,NA,NA,NA,NA,NA,NA,NA,9689,1817,1.8,0.3,9827,1977,1.8,0.4,39989,1675,7.4,0.3,406885,3034,74.8,0.3
NY,New York,26,539694,5187,407858,5663,75.6,0.5,92005,2030,17,0.4,12470,1732,2.3,0.3,NA,NA,NA,NA,NA,NA,NA,NA,13261,1749,2.5,0.3,11702,2020,2.2,0.4,30730,1322,5.7,0.2,395376,5225,73.3,0.5
NY,New York,27,564383,5939,534723,5896,94.7,0.4,13687,2556,2.4,0.5,4589,1382,0.8,0.2,NA,NA,NA,NA,NA,NA,NA,NA,3707,1061,0.7,0.2,5114,2415,0.9,0.4,10931,1339,1.9,0.2,528120,5792,93.6,0.5
NC,North Carolina,1,566173,6735,280421,5231,49.5,0.7,254956,5398,45,0.8,7907,1437,1.4,0.2,4967,782,0.9,0.1,NA,NA,NA,NA,7051,1892,1.2,0.3,10620,1918,1.9,0.3,19273,2408,3.4,0.4,270264,5210,47.7,0.7
NC,North Carolina,2,601142,7863,444665,7273,74,1,119621,5471,19.9,0.8,9392,1669,1.6,0.3,NA,NA,NA,NA,NA,NA,NA,NA,9924,2278,1.7,0.4,14159,2986,2.4,0.5,30892,3629,5.1,0.6,426822,7324,71,1
NC,North Carolina,3,579504,4996,434029,4865,74.9,0.7,118178,6728,20.4,1.1,5943,1171,1,0.2,NA,NA,NA,NA,NA,NA,NA,NA,5875,1667,1,0.3,13032,5113,2.2,0.9,32821,2034,5.7,0.3,411242,4182,71,0.6
NC,North Carolina,4,624834,7413,411527,5994,65.9,0.9,146679,6677,23.5,1,35825,3038,5.7,0.5,NA,NA,NA,NA,NA,NA,NA,NA,10929,2178,1.7,0.4,17827,3361,2.9,0.5,33104,3837,5.3,0.6,393780,5499,63,0.9
NC,North Carolina,5,572721,3131,466868,3592,81.5,0.5,85452,1969,14.9,0.3,4699,936,0.8,0.2,NA,NA,NA,NA,NA,NA,NA,NA,5021,2248,0.9,0.4,7024,1594,1.2,0.3,19976,1944,3.5,0.3,452028,2909,78.9,0.5
NC,North Carolina,6,567392,5676,424602,5223,74.8,0.8,119618,5442,21.1,0.9,6507,1297,1.1,0.2,NA,NA,NA,NA,NA,NA,NA,NA,5973,1620,1.1,0.3,9115,3566,1.6,0.6,20646,2381,3.6,0.4,410991,4878,72.4,0.8
NC,North Carolina,7,613510,5769,469998,5281,76.6,0.5,118488,3397,19.3,0.5,5780,1001,0.9,0.2,NA,NA,NA,NA,NA,NA,NA,NA,5532,1813,0.9,0.3,9136,1874,1.5,0.3,23421,2724,3.8,0.4,453215,4367,73.9,0.5
NC,North Carolina,8,581896,5618,403599,4765,69.4,0.7,135482,3748,23.3,0.6,10986,1380,1.9,0.2,6373,1267,1.1,0.2,NA,NA,NA,NA,9366,1785,1.6,0.3,15169,5256,2.6,0.9,39927,2261,6.9,0.4,376894,3793,64.8,0.6
NC,North Carolina,9,561804,6951,372678,6088,66.3,0.9,114021,4765,20.3,0.8,12784,2235,2.3,0.4,46404,1575,8.3,0.3,NA,NA,NA,NA,5792,1698,1,0.3,10192,4004,1.8,0.7,22046,2803,3.9,0.5,360064,5739,64.1,0.8
NC,North Carolina,10,585102,4892,490630,4632,83.9,0.4,72610,1934,12.4,0.4,7352,1354,1.3,0.2,NA,NA,NA,NA,NA,NA,NA,NA,4876,1317,0.8,0.2,8227,3648,1.4,0.6,18328,2265,3.1,0.4,477282,4474,81.6,0.5
NC,North Carolina,11,604505,5083,558971,4425,92.5,0.4,19383,2661,3.2,0.4,5123,767,0.8,0.1,8500,1619,1.4,0.3,NA,NA,NA,NA,4014,1498,0.7,0.2,8761,2801,1.4,0.5,17019,2784,2.8,0.4,547147,3702,90.5,0.5
NC,North Carolina,12,591843,7234,300205,6197,50.7,0.8,241622,4740,40.8,0.7,18524,2388,3.1,0.4,NA,NA,NA,NA,NA,NA,NA,NA,15765,2756,2.7,0.5,13675,2407,2.3,0.4,39878,3457,6.7,0.6,281602,5875,47.6,0.8
NC,North Carolina,13,579274,7005,418093,6020,72.2,0.9,128571,5076,22.2,0.8,11668,1832,2,0.3,NA,NA,NA,NA,NA,NA,NA,NA,5810,1687,1,0.3,12172,4154,2.1,0.7,20610,2114,3.6,0.4,405021,5548,69.9,0.8
ND,North Dakota,At-large,567351,3196,507582,1979,89.5,0.5,13529,1952,2.4,0.3,3741,1125,0.7,0.2,26810,2682,4.7,0.5,NA,NA,NA,NA,NA,NA,NA,NA,9794,2804,1.7,0.5,16825,1096,3,0.2,497987,1596,87.8,0.4
OH,Ohio,1,541695,5990,408101,5269,75.3,0.7,110142,4545,20.3,0.8,9566,2027,1.8,0.4,NA,NA,NA,NA,NA,NA,NA,NA,1488,646,0.3,0.1,11816,4693,2.2,0.9,9240,1716,1.7,0.3,401223,5063,74.1,0.7
OH,Ohio,2,557971,6728,491315,6230,88.1,0.7,49326,3853,8.8,0.7,5822,1584,1,0.3,NA,NA,NA,NA,NA,NA,NA,NA,NA,NA,NA,NA,8794,3876,1.6,0.7,6748,1502,1.2,0.3,486127,6071,87.1,0.7
OH,Ohio,3,560963,8952,340692,6770,60.7,0.9,176124,4877,31.4,0.8,16451,3634,2.9,0.6,NA,NA,NA,NA,NA,NA,NA,NA,8231,1756,1.5,0.3,17728,3265,3.2,0.6,20280,2261,3.6,0.4,330269,6143,58.9,0.7
OH,Ohio,4,542874,4816,497072,4849,91.6,0.3,29506,3521,5.4,0.6,3577,1036,0.7,0.2,NA,NA,NA,NA,NA,NA,NA,NA,NA,NA,NA,NA,7578,3019,1.4,0.6,17159,1504,3.2,0.3,484081,4857,89.2,0.4
OH,Ohio,5,549171,4850,510516,4616,93,0.6,16042,3087,2.9,0.6,4916,1041,0.9,0.2,NA,NA,NA,NA,NA,NA,NA,NA,7476,1643,1.4,0.3,9328,3325,1.7,0.6,22718,1401,4.1,0.3,497742,4398,90.6,0.5
OH,Ohio,6,545803,4800,522541,4922,95.7,0.3,11949,2567,2.2,0.5,NA,NA,NA,NA,NA,NA,NA,NA,NA,NA,NA,NA,NA,NA,NA,NA,6885,2584,1.3,0.5,4139,765,0.8,0.1,519628,4897,95.2,0.3
OH,Ohio,7,557024,7057,524020,6957,94.1,0.4,19576,3354,3.5,0.6,2541,1040,0.5,0.2,NA,NA,NA,NA,NA,NA,NA,NA,NA,NA,NA,NA,8307,3871,1.5,0.7,7516,1518,1.3,0.3,517963,6852,93,0.5
OH,Ohio,8,546406,2927,495127,2069,90.6,0.3,31555,1843,5.8,0.3,7559,999,1.4,0.2,NA,NA,NA,NA,NA,NA,NA,NA,2046,871,0.4,0.2,9717,3630,1.8,0.7,9288,1695,1.7,0.3,488253,1753,89.4,0.4
OH,Ohio,9,545749,8394,429379,8536,78.7,0.9,80260,4460,14.7,0.8,6204,1695,1.1,0.3,NA,NA,NA,NA,NA,NA,NA,NA,11416,1824,2.1,0.3,15979,2545,2.9,0.5,52906,2742,9.7,0.5,396171,8802,72.6,0.9
OH,Ohio,10,552514,2402,439582,1803,79.6,0.3,87640,2297,15.9,0.4,8761,933,1.6,0.2,NA,NA,NA,NA,NA,NA,NA,NA,NA,NA,NA,NA,13259,4079,2.4,0.7,10696,1042,1.9,0.2,431513,1280,78.1,0.3
OH,Ohio,11,524803,8831,226407,7743,43.1,1,269913,5003,51.4,1,8086,1441,1.5,0.3,NA,NA,NA,NA,NA,NA,NA,NA,5232,2364,1,0.4,13329,2231,2.5,0.4,17237,2009,3.3,0.4,216076,7476,41.2,1
OH,Ohio,12,585940,7173,528755,6818,90.2,0.6,28752,2281,4.9,0.4,13546,2332,2.3,0.4,NA,NA,NA,NA,NA,NA,NA,NA,NA,NA,NA,NA,11981,1958,2,0.3,11415,1766,1.9,0.3,520414,6908,88.8,0.6
OH,Ohio,13,559931,7719,477923,6763,85.4,0.5,60746,3066,10.8,0.5,6651,1576,1.2,0.3,NA,NA,NA,NA,NA,NA,NA,NA,NA,NA,NA,NA,10148,3660,1.8,0.7,NA,NA,NA,NA,465719,6201,83.2,0.5
OH,Ohio,14,553668,6479,510204,5955,92.1,0.6,26638,3949,4.8,0.7,8399,1739,1.5,0.3,NA,NA,NA,NA,NA,NA,NA,NA,1973,942,0.4,0.2,6981,1527,1.3,0.3,11531,1638,2.1,0.3,500765,5935,90.4,0.7
OH,Ohio,15,586092,6358,534595,6068,91.2,0.6,27259,3079,4.7,0.5,10215,2086,1.7,0.4,NA,NA,NA,NA,NA,NA,NA,NA,NA,NA,NA,NA,11631,3408,2,0.6,8845,1541,1.5,0.3,528345,6079,90.1,0.6
OH,Ohio,16,553316,8332,518260,7758,93.7,0.6,17301,4516,3.1,0.8,8248,1489,1.5,0.3,NA,NA,NA,NA,NA,NA,NA,NA,1542,967,0.3,0.2,7381,3537,1.3,0.6,9945,1511,1.8,0.3,510246,7663,92.2,0.6
OK,Oklahoma,1,565812,2986,430528,2635,76.1,0.3,47764,1449,8.4,0.3,10687,1140,1.9,0.2,35350,3266,6.2,0.6,NA,NA,NA,NA,6006,1194,1.1,0.2,35447,2055,6.3,0.4,34808,1749,6.2,0.3,403810,1914,71.4,0.3
OK,Oklahoma,2,564213,2174,395157,2009,70,0.3,19853,1371,3.5,0.2,2554,528,0.5,0.1,94348,3435,16.7,0.6,537,235,0.1,0.1,4477,955,0.8,0.2,47835,3978,8.5,0.7,17417,1125,3.1,0.2,386314,1835,68.5,0.3
OK,Oklahoma,3,571661,2631,470884,3263,82.4,0.5,24256,1414,4.2,0.2,5948,934,1,0.2,32025,3068,5.6,0.5,NA,NA,NA,NA,11938,1956,2.1,0.3,27206,4373,4.8,0.8,36389,1748,6.4,0.3,450725,2461,78.8,0.3
OK,Oklahoma,4,589702,4619,462131,3866,78.4,0.5,38683,2890,6.6,0.5,10100,1623,1.7,0.3,30259,3461,5.1,0.6,NA,NA,NA,NA,11086,1736,1.9,0.3,36816,5004,6.2,0.8,39832,1841,6.8,0.3,437276,3466,74.2,0.5
OK,Oklahoma,5,561277,5517,404896,4778,72.1,0.6,74608,3596,13.3,0.6,14329,1731,2.6,0.3,27296,3128,4.9,0.6,NA,NA,NA,NA,11351,2570,2,0.5,28839,3149,5.1,0.6,47050,3459,8.4,0.6,371767,3121,66.2,0.6
OR,Oregon,1,606198,6201,513567,4432,84.7,0.7,10563,1742,1.7,0.3,37244,2864,6.1,0.5,NA,NA,NA,NA,NA,NA,NA,NA,13522,2971,2.2,0.5,23694,3391,3.9,0.6,53395,3882,8.8,0.6,479351,3198,79.1,0.7
OR,Oregon,2,619186,4754,570566,4029,92.1,0.4,NA,NA,NA,NA,6561,1101,1.1,0.2,11251,1819,1.8,0.3,NA,NA,NA,NA,7035,1934,1.1,0.3,18083,2067,2.9,0.3,47200,2927,7.6,0.4,535491,2956,86.5,0.5
OR,Oregon,3,627716,5932,517373,5854,82.4,0.6,28243,2317,4.5,0.4,42605,2800,6.8,0.4,NA,NA,NA,NA,NA,NA,NA,NA,5724,1183,0.9,0.2,25522,2469,4.1,0.4,42055,3005,6.7,0.5,486378,4859,77.5,0.5
OR,Oregon,4,638548,5000,577889,4294,90.5,0.6,NA,NA,NA,NA,10379,1692,1.6,0.3,8751,2273,1.4,0.4,NA,NA,NA,NA,12109,2644,1.9,0.4,25058,2483,3.9,0.4,34726,2555,5.4,0.4,558470,3758,87.5,0.5
OR,Oregon,5,606523,6245,534933,6220,88.2,0.7,NA,NA,NA,NA,12700,1882,2.1,0.3,NA,NA,NA,NA,NA,NA,NA,NA,22572,4020,3.7,0.7,22413,2642,3.7,0.4,59285,3629,9.8,0.5,503966,4524,83.1,0.6
PA,Pennsylvania,1,544860,4939,485517,4178,89.1,0.5,18522,1508,3.4,0.3,28270,2954,5.2,0.5,NA,NA,NA,NA,NA,NA,NA,NA,4568,1362,0.8,0.3,7510,1663,1.4,0.3,21258,1738,3.9,0.3,470789,3610,86.4,0.6
PA,Pennsylvania,2,496510,12153,255993,8212,51.6,1.5,131605,8762,26.5,1.4,30679,3358,6.2,0.6,NA,NA,NA,NA,NA,NA,NA,NA,63238,5001,12.7,1,12957,2827,2.6,0.6,107789,4624,21.7,1,221042,7017,44.5,1.2
PA,Pennsylvania,3,564612,11678,208667,6516,37,0.9,307689,8873,54.5,1.2,24890,3048,4.4,0.5,NA,NA,NA,NA,NA,NA,NA,NA,5295,1398,0.9,0.2,16948,2793,3,0.5,23412,2626,4.1,0.5,196371,6542,34.8,0.9
PA,Pennsylvania,4,543723,4822,454586,4515,83.6,0.6,52262,2120,9.6,0.4,22373,2737,4.1,0.5,NA,NA,NA,NA,NA,NA,NA,NA,4705,1315,0.9,0.2,9628,3297,1.8,0.6,18783,1486,3.5,0.3,441795,4286,81.3,0.6
PA,Pennsylvania,5,519983,6115,363487,4541,69.9,0.8,118476,5288,22.8,0.9,24754,2699,4.8,0.5,NA,NA,NA,NA,NA,NA,NA,NA,NA,NA,NA,NA,9032,3853,1.7,0.7,17273,1517,3.3,0.3,352547,4189,67.8,0.8
PA,Pennsylvania,6,522912,4827,449691,4330,86,0.7,32287,1783,6.2,0.3,14144,1672,2.7,0.3,NA,NA,NA,NA,NA,NA,NA,NA,16911,2985,3.2,0.6,9541,1958,1.8,0.4,53752,3039,10.3,0.5,417509,3391,79.8,0.6
PA,Pennsylvania,7,552078,4662,469476,5243,85,0.9,34943,3137,6.3,0.6,13253,1772,2.4,0.3,NA,NA,NA,NA,NA,NA,NA,NA,20031,4086,3.6,0.7,12391,1948,2.2,0.4,80928,3033,14.7,0.5,419773,3419,76,0.6
PA,Pennsylvania,8,535133,5536,480360,4900,89.8,0.7,27511,3372,5.1,0.6,7691,1374,1.4,0.3,NA,NA,NA,NA,NA,NA,NA,NA,9335,2234,1.7,0.4,9552,2084,1.8,0.4,44055,2454,8.2,0.4,450419,3798,84.2,0.6
PA,Pennsylvania,9,555775,5005,518358,5086,93.3,0.5,15716,1907,2.8,0.3,5016,961,0.9,0.2,NA,NA,NA,NA,NA,NA,NA,NA,10844,2075,2,0.4,5481,2854,1,0.5,28993,1831,5.2,0.3,503528,4910,90.6,0.5
PA,Pennsylvania,10,552761,5816,460919,6333,83.4,0.6,56947,2134,10.3,0.4,13759,1453,2.5,0.3,NA,NA,NA,NA,NA,NA,NA,NA,7704,1868,1.4,0.3,12505,2298,2.3,0.4,33868,2154,6.1,0.4,441207,5431,79.8,0.5
PA,Pennsylvania,11,553568,5995,504688,5648,91.2,0.6,17933,1805,3.2,0.3,8037,1021,1.5,0.2,NA,NA,NA,NA,NA,NA,NA,NA,12607,3025,2.3,0.5,8659,3376,1.6,0.6,37151,2429,6.7,0.4,484533,5348,87.5,0.5
PA,Pennsylvania,12,551022,3977,526661,3644,95.6,0.2,11901,1785,2.2,0.3,4991,811,0.9,0.1,NA,NA,NA,NA,NA,NA,NA,NA,NA,NA,NA,NA,3925,1753,0.7,0.3,10742,1107,1.9,0.2,519347,3608,94.3,0.2
PA,Pennsylvania,13,545111,3919,516724,3728,94.8,0.4,16075,1739,2.9,0.3,2209,834,0.4,0.2,NA,NA,NA,NA,NA,NA,NA,NA,1840,762,0.3,0.1,8046,2735,1.5,0.5,8760,1633,1.6,0.3,511304,3489,93.8,0.4
PA,Pennsylvania,14,551164,2665,523728,2370,95,0.2,16477,2211,3,0.4,3505,592,0.6,0.1,NA,NA,NA,NA,NA,NA,NA,NA,NA,NA,NA,NA,6469,2274,1.2,0.4,6330,666,1.1,0.1,518637,2316,94.1,0.2
PA,Pennsylvania,15,548615,4573,526103,4275,95.9,0.3,NA,NA,NA,NA,2867,741,0.5,0.1,NA,NA,NA,NA,NA,NA,NA,NA,NA,NA,NA,NA,6280,1806,1.1,0.3,6687,715,1.2,0.1,522481,4124,95.2,0.3
PA,Pennsylvania,16,539710,2919,501628,3182,92.9,0.3,22529,1338,4.2,0.2,3902,830,0.7,0.2,NA,NA,NA,NA,NA,NA,NA,NA,NA,NA,NA,NA,7184,2834,1.3,0.5,10508,703,1.9,0.1,495236,2976,91.8,0.3
PA,Pennsylvania,17,559285,6462,508180,7442,90.9,0.6,31973,2787,5.7,0.5,9500,1546,1.7,0.3,NA,NA,NA,NA,NA,NA,NA,NA,1400,519,0.3,0.1,8279,3635,1.5,0.6,7321,1083,1.3,0.2,503418,7370,90,0.6
PA,Pennsylvania,18,544390,6168,427121,7037,78.5,0.7,90399,3301,16.6,0.6,12581,1501,2.3,0.3,NA,NA,NA,NA,NA,NA,NA,NA,NA,NA,NA,NA,11048,1770,2,0.3,9730,1132,1.8,0.2,420235,7118,77.2,0.7
RI,Rhode Island,1,395409,6058,323031,6031,81.7,1.3,27650,3167,7,0.8,9436,1611,2.4,0.4,NA,NA,NA,NA,NA,NA,NA,NA,22408,4104,5.7,1,11418,2134,2.9,0.5,52719,4441,13.3,1,293545,4518,74.2,1.2
RI,Rhode Island,2,407668,6982,361968,6860,88.8,1.1,16926,2885,4.2,0.7,10467,2182,2.6,0.5,NA,NA,NA,NA,NA,NA,NA,NA,8404,2890,2.1,0.7,7916,2930,1.9,0.7,38441,4853,9.4,1.1,334255,4729,82,1.3
SC,South Carolina,1,613912,6942,466500,5070,76,0.7,115167,4894,18.8,0.7,9064,1230,1.5,0.2,NA,NA,NA,NA,NA,NA,NA,NA,10198,2082,1.7,0.3,10966,2336,1.8,0.4,24809,2285,4,0.4,452570,4563,73.7,0.6
SC,South Carolina,2,537342,7030,385598,4734,71.8,0.8,130527,5196,24.3,0.8,7361,1236,1.4,0.2,NA,NA,NA,NA,NA,NA,NA,NA,4495,1431,0.8,0.3,8285,2868,1.5,0.5,20880,2046,3.9,0.4,370699,4327,69,0.8
SC,South Carolina,3,534772,4868,422270,4766,79,0.6,99145,5910,18.5,1.1,3035,1187,0.6,0.2,NA,NA,NA,NA,NA,NA,NA,NA,3722,1394,0.7,0.3,5957,3299,1.1,0.6,14388,1708,2.7,0.3,412561,4353,77.1,0.6
SC,South Carolina,4,533533,6329,405172,5606,75.9,0.6,102042,3402,19.1,0.6,10346,1672,1.9,0.3,NA,NA,NA,NA,NA,NA,NA,NA,4795,1287,0.9,0.2,10285,4247,1.9,0.8,18153,2343,3.4,0.4,393623,5317,73.8,0.7
SC,South Carolina,5,552247,4381,385649,4232,69.8,0.6,146617,3872,26.5,0.7,5308,894,1,0.2,NA,NA,NA,NA,NA,NA,NA,NA,3662,1201,0.7,0.2,8765,4057,1.6,0.7,14601,1987,2.6,0.3,375463,3593,68,0.5
SC,South Carolina,6,506843,10563,210650,6516,41.6,1.1,276661,8830,54.6,1.2,3846,1221,0.8,0.2,NA,NA,NA,NA,NA,NA,NA,NA,3026,1183,0.6,0.2,10764,4932,2.1,1,10092,1586,2,0.3,205293,6635,40.5,1.1
SC,South Carolina,7,571428,3454,403217,2674,70.6,0.4,151170,3382,26.5,0.5,4767,1011,0.8,0.2,NA,NA,NA,NA,NA,NA,NA,NA,3234,1667,0.6,0.3,4248,3508,0.7,0.6,12571,2191,2.2,0.4,394892,2307,69.1,0.4
SD,South Dakota,At-large,647089,2674,573199,1795,88.6,0.4,7602,1415,1.2,0.2,4301,1215,0.7,0.2,47766,3534,7.4,0.5,NA,NA,NA,NA,2976,1136,0.5,0.2,11750,4193,1.8,0.6,16770,1195,2.6,0.2,562090,1099,86.9,0.3
TN,Tennessee,1,563918,3157,540760,3037,95.9,0.3,12046,2475,2.1,0.4,NA,NA,NA,NA,NA,NA,NA,NA,NA,NA,NA,NA,1756,804,0.3,0.1,7097,2564,1.3,0.5,8717,1527,1.5,0.3,534862,2428,94.8,0.4
TN,Tennessee,2,583056,3129,530524,2841,91,0.3,34866,1318,6,0.2,6892,1325,1.2,0.2,NA,NA,NA,NA,NA,NA,NA,NA,2060,805,0.4,0.1,7260,3162,1.2,0.5,12772,1435,2.2,0.2,520933,2630,89.3,0.4
TN,Tennessee,3,571456,3926,494474,3784,86.5,0.3,58905,2018,10.3,0.4,5320,864,0.9,0.2,NA,NA,NA,NA,NA,NA,NA,NA,1619,829,0.3,0.1,9009,3073,1.6,0.5,11835,1873,2.1,0.3,485077,3504,84.9,0.3
TN,Tennessee,4,590540,4743,509128,4452,86.2,0.5,58521,2345,9.9,0.4,6539,1183,1.1,0.2,NA,NA,NA,NA,NA,NA,NA,NA,4177,1598,0.7,0.3,9871,4233,1.7,0.7,19562,2215,3.3,0.4,494574,3742,83.7,0.5
TN,Tennessee,5,563797,5435,396515,2997,70.3,0.6,135489,4622,24,0.7,12568,1621,2.2,0.3,NA,NA,NA,NA,NA,NA,NA,NA,7589,2542,1.3,0.5,10001,1528,1.8,0.3,20724,2526,3.7,0.4,382584,2523,67.9,0.6
TN,Tennessee,6,591603,3690,546480,3116,92.4,0.4,27006,1844,4.6,0.3,3122,1070,0.5,0.2,NA,NA,NA,NA,NA,NA,NA,NA,4599,1548,0.8,0.3,8624,3802,1.5,0.6,11050,1564,1.9,0.3,541137,2708,91.5,0.4
TN,Tennessee,7,578288,3700,494255,3602,85.5,0.4,58811,2405,10.2,0.4,7939,1596,1.4,0.3,NA,NA,NA,NA,NA,NA,NA,NA,NA,NA,NA,NA,9621,3358,1.7,0.6,20849,1687,3.6,0.3,479302,2766,82.9,0.4
TN,Tennessee,8,525277,4889,411730,5291,78.4,0.7,99356,3943,18.9,0.7,6453,1406,1.2,0.3,NA,NA,NA,NA,NA,NA,NA,NA,838,443,0.2,0.1,5701,3006,1.1,0.6,9750,1292,1.9,0.2,403854,5123,76.9,0.7
TN,Tennessee,9,507231,5835,143828,5495,28.4,0.9,347105,4176,68.4,0.8,6463,1428,1.3,0.3,NA,NA,NA,NA,NA,NA,NA,NA,2680,915,0.5,0.2,NA,NA,NA,NA,9765,1574,1.9,0.3,137622,5237,27.1,0.9
TX,Texas,1,511974,4743,398418,4681,77.8,0.5,95185,2172,18.6,0.4,5247,997,1,0.2,NA,NA,NA,NA,NA,NA,NA,NA,4255,1394,0.8,0.3,5901,3342,1.2,0.7,50490,3071,9.9,0.5,354220,3331,69.2,0.5
TX,Texas,2,520180,17389,374579,14623,72,1.7,67918,8195,13.1,1.5,36469,4204,7,0.8,NA,NA,NA,NA,NA,NA,NA,NA,28948,5560,5.6,1,10300,2090,2,0.4,116957,9257,22.5,1.4,291204,11334,56,1.5
TX,Texas,3,563318,7999,417000,6791,74,0.8,62190,3262,11,0.5,59788,4029,10.6,0.7,NA,NA,NA,NA,NA,NA,NA,NA,8533,2123,1.5,0.4,12224,2309,2.2,0.4,57426,3857,10.2,0.6,371559,5869,66,0.9
TX,Texas,4,543354,5315,450691,4708,82.9,0.7,62889,5833,11.6,1.1,4482,1142,0.8,0.2,NA,NA,NA,NA,NA,NA,NA,NA,13055,3304,2.4,0.6,8982,3261,1.7,0.6,48269,3641,8.9,0.6,417038,3792,76.8,0.7
TX,Texas,5,480610,7387,370826,6699,77.2,1.1,79554,5292,16.6,1.1,5214,1868,1.1,0.4,NA,NA,NA,NA,NA,NA,NA,NA,13173,2628,2.7,0.5,8061,1972,1.7,0.4,79549,5049,16.6,1,307171,5746,63.9,1
TX,Texas,6,554709,11109,373722,9912,67.4,1.3,119118,7782,21.5,1.3,22896,3297,4.1,0.6,NA,NA,NA,NA,NA,NA,NA,NA,17934,3616,3.2,0.6,16609,3100,3,0.5,95719,6120,17.3,0.9,303004,7752,54.6,1.2
TX,Texas,7,448262,17967,298130,13248,66.5,2.1,71129,9685,15.9,1.9,40651,4580,9.1,1,NA,NA,NA,NA,NA,NA,NA,NA,24145,5378,5.4,1.1,12320,3383,2.7,0.8,93548,9468,20.9,1.9,233445,10002,52.1,1.7
TX,Texas,8,584039,8995,500072,8466,85.6,0.8,51935,4097,8.9,0.7,10603,2708,1.8,0.5,NA,NA,NA,NA,NA,NA,NA,NA,8025,2138,1.4,0.4,11311,5399,1.9,0.9,87095,7899,14.9,1.2,424082,5610,72.6,1.2
TX,Texas,9,445634,16319,141641,10801,31.8,2.1,208780,11914,46.9,2.1,49557,5314,11.1,1.1,NA,NA,NA,NA,NA,NA,NA,NA,38209,5551,8.6,1.2,6091,2119,1.4,0.5,120680,10717,27.1,2.1,62693,6017,14.1,1.3
TX,Texas,10,593629,15051,452663,12510,76.3,1.5,68022,7854,11.5,1.2,30569,4152,5.1,0.7,NA,NA,NA,NA,NA,NA,NA,NA,24999,3874,4.2,0.6,13675,2662,2.3,0.4,115843,9319,19.5,1.4,367912,10312,62,1.6
TX,Texas,11,542570,6851,478019,7048,88.1,0.9,24543,3574,4.5,0.7,5006,1488,0.9,0.3,NA,NA,NA,NA,NA,NA,NA,NA,22550,4097,4.2,0.7,9672,3802,1.8,0.7,170218,5477,31.4,0.7,339067,3758,62.5,0.7
TX,Texas,12,572411,11504,472228,10511,82.5,1.2,52093,5266,9.1,0.9,16010,2482,2.8,0.4,NA,NA,NA,NA,NA,NA,NA,NA,16440,3457,2.9,0.6,12047,2011,2.1,0.3,98273,6369,17.2,1,394380,9107,68.9,1.4
TX,Texas,13,493390,5774,431065,5086,87.4,0.6,27053,1945,5.5,0.4,7620,1430,1.5,0.3,NA,NA,NA,NA,NA,NA,NA,NA,13323,2152,2.7,0.4,10264,3020,2.1,0.6,98343,4391,19.9,0.7,351529,2332,71.2,0.7
TX,Texas,14,532153,6811,384154,6479,72.2,0.8,112210,3663,21.1,0.7,13195,1601,2.5,0.3,NA,NA,NA,NA,NA,NA,NA,NA,11359,2727,2.1,0.5,10314,4297,1.9,0.8,97361,5099,18.3,0.9,302300,4701,56.8,0.7
TX,Texas,15,435170,10959,379943,10203,87.3,1.2,12712,2594,2.9,0.6,6649,2012,1.5,0.5,NA,NA,NA,NA,NA,NA,NA,NA,29321,4413,6.7,1,6426,3777,1.5,0.9,318150,10296,73.1,0.9,95665,3531,22,0.8
TX,Texas,16,458940,7531,368827,8663,80.4,1.4,18683,1640,4.1,0.4,5641,954,1.2,0.2,NA,NA,NA,NA,NA,NA,NA,NA,50117,6024,10.9,1.3,13062,2471,2.8,0.5,354559,7211,77.3,0.5,74701,1748,16.3,0.4
TX,Texas,17,550601,9229,438916,8836,79.7,1,71168,4571,12.9,0.8,21392,3122,3.9,0.5,NA,NA,NA,NA,NA,NA,NA,NA,6034,1271,1.1,0.2,10451,3153,1.9,0.6,104304,6300,18.9,1,346034,6805,62.8,1.1
TX,Texas,18,480387,17751,208568,11571,43.4,1.9,215580,11958,44.9,1.7,17534,2994,3.6,0.6,NA,NA,NA,NA,NA,NA,NA,NA,28717,5183,6,1.1,7835,2174,1.6,0.5,135295,9105,28.2,1.5,107589,6846,22.4,1.3
TX,Texas,19,509891,4649,429575,5280,84.2,0.8,29977,1790,5.9,0.3,5605,1309,1.1,0.3,NA,NA,NA,NA,NA,NA,NA,NA,29663,3401,5.8,0.7,10920,3979,2.1,0.8,158311,3756,31,0.6,306882,2888,60.2,0.5
TX,Texas,20,549483,15793,454208,14410,82.7,1.2,34008,3870,6.2,0.7,13058,2426,2.4,0.4,5751,3440,1,0.6,NA,NA,NA,NA,27207,4145,5,0.7,15763,2968,2.9,0.5,359225,12758,65.4,1.2,137455,7751,25,1.3
TX,Texas,21,622228,13955,545917,12805,87.7,0.9,26014,4869,4.2,0.8,14202,2674,2.3,0.4,NA,NA,NA,NA,NA,NA,NA,NA,16844,3099,2.7,0.5,18607,2577,3,0.4,152663,8959,24.5,1.3,418194,12102,67.2,1.5
TX,Texas,22,577164,14484,363663,11258,63,1.5,90540,8021,15.7,1.2,96189,6068,16.7,1.1,NA,NA,NA,NA,NA,NA,NA,NA,14120,3628,2.4,0.6,10331,2019,1.8,0.3,131296,9629,22.7,1.4,253902,7435,44,1.2
TX,Texas,23,507547,12255,432414,11743,85.2,1.1,22598,6667,4.5,1.3,9643,2329,1.9,0.5,NA,NA,NA,NA,NA,NA,NA,NA,33170,4491,6.5,0.8,7572,2038,1.5,0.4,323467,11316,63.7,1.2,149430,5887,29.4,1.1
TX,Texas,24,503766,10913,356984,10134,70.9,1.4,69184,6687,13.7,1.3,46929,4780,9.3,0.9,NA,NA,NA,NA,NA,NA,NA,NA,15268,3051,3,0.6,11265,2400,2.2,0.5,76490,6027,15.2,1.2,299672,10030,59.5,1.5
TX,Texas,25,570238,11587,477742,9089,83.8,0.9,47854,4946,8.4,0.8,16429,3078,2.9,0.5,NA,NA,NA,NA,NA,NA,NA,NA,11245,2180,2,0.4,14079,2228,2.5,0.4,85432,5923,15,0.9,411296,7727,72.1,1.1
TX,Texas,26,605249,8073,485828,7094,80.3,1.2,54444,4302,9,0.7,29495,5012,4.9,0.8,NA,NA,NA,NA,NA,NA,NA,NA,13496,3527,2.2,0.6,16226,2733,2.7,0.4,87452,5322,14.4,0.8,420675,7197,69.5,1.2
TX,Texas,27,517267,6497,450131,6307,87,0.7,30575,2060,5.9,0.4,6770,775,1.3,0.1,NA,NA,NA,NA,NA,NA,NA,NA,19945,3312,3.9,0.6,8192,3554,1.6,0.7,244288,5237,47.2,0.6,230403,3206,44.5,0.6
TX,Texas,28,434305,11134,380927,10251,87.7,1.3,22504,3848,5.2,0.9,NA,NA,NA,NA,NA,NA,NA,NA,NA,NA,NA,NA,17271,3797,4,0.8,10001,3727,2.3,0.9,308450,10041,71,1.2,95644,5524,22,1.2
TX,Texas,29,369239,12870,250530,11132,67.9,2,50559,5904,13.7,1.5,7339,2125,2,0.6,NA,NA,NA,NA,NA,NA,NA,NA,51102,5836,13.8,1.6,6742,2416,1.8,0.7,253013,10247,68.5,1.7,54124,4846,14.7,1.2
TX,Texas,30,479082,11936,199737,10585,41.7,1.7,246174,8855,51.4,1.6,9420,3740,2,0.8,NA,NA,NA,NA,NA,NA,NA,NA,12972,2594,2.7,0.5,9549,3307,2,0.7,108419,8537,22.6,1.5,106998,6654,22.3,1.3
TX,Texas,31,602236,5813,464041,5483,77.1,0.7,75995,3862,12.6,0.6,22112,2163,3.7,0.4,NA,NA,NA,NA,NA,NA,NA,NA,14600,2372,2.4,0.4,21722,2722,3.6,0.4,121927,4150,20.2,0.6,369505,3590,61.4,0.6
TX,Texas,32,505867,10389,368510,9903,72.8,1.4,64757,6455,12.8,1.3,39905,5064,7.9,1,NA,NA,NA,NA,NA,NA,NA,NA,17777,3930,3.5,0.8,10758,2355,2.1,0.5,81663,7926,16.1,1.5,307844,8962,60.9,1.5
TX,Texas,33,360226,12748,211253,9855,58.6,1.7,87623,6984,24.3,1.7,9130,2469,2.5,0.7,NA,NA,NA,NA,NA,NA,NA,NA,40240,4102,11.2,1.2,8759,2411,2.4,0.7,177006,9898,49.1,2,79751,5605,22.1,1.5
TX,Texas,34,424863,9876,394847,9853,92.9,0.8,NA,NA,NA,NA,NA,NA,NA,NA,NA,NA,NA,NA,NA,NA,NA,NA,17106,3541,4,0.8,3934,1048,0.9,0.2,337458,9587,79.4,0.8,77793,2813,18.3,0.7
TX,Texas,35,532967,13421,407887,12973,76.5,1.4,53412,5622,10,1.1,7645,1830,1.4,0.3,NA,NA,NA,NA,NA,NA,NA,NA,45363,5467,8.5,1,14093,2348,2.6,0.4,282126,11351,52.9,1.4,180731,7761,33.9,1.3
TX,Texas,36,519385,9934,434194,10218,83.6,1.1,55785,4520,10.7,0.9,7186,1874,1.4,0.4,NA,NA,NA,NA,NA,NA,NA,NA,8042,2302,1.5,0.4,10489,2017,2,0.4,97071,6608,18.7,1.1,350581,8144,67.5,1.1
UT,Utah,1,521517,4200,479166,4211,91.9,0.5,6697,773,1.3,0.1,7073,1281,1.4,0.2,4950,1585,0.9,0.3,NA,NA,NA,NA,9899,2519,1.9,0.5,11974,3048,2.3,0.6,49305,2497,9.5,0.5,443992,4144,85.1,0.5
UT,Utah,2,529608,7295,469567,8088,88.7,1,6167,1619,1.2,0.3,10348,1882,2,0.3,6580,1899,1.2,0.4,4405,1606,0.8,0.3,21509,3735,4.1,0.7,11119,1810,2.1,0.3,49995,4441,9.4,0.8,444107,7624,83.9,1
UT,Utah,3,517848,6002,477127,6405,92.1,0.5,2771,820,0.5,0.2,8430,1523,1.6,0.3,7996,1664,1.5,0.3,5263,958,1,0.2,5608,1376,1.1,0.3,11033,3341,2.1,0.6,35764,2941,6.9,0.6,448612,6209,86.6,0.7
UT,Utah,4,518368,8401,452383,8158,87.3,1,6601,1538,1.3,0.3,15171,2160,2.9,0.4,NA,NA,NA,NA,6179,1786,1.2,0.3,22264,4101,4.3,0.8,12652,2059,2.4,0.4,55184,4794,10.6,0.9,424024,8103,81.8,1.1
VT,Vermont,At-large,500274,2062,477697,1660,95.5,0.3,4621,878,0.9,0.2,6816,1108,1.4,0.2,NA,NA,NA,NA,NA,NA,NA,NA,1688,712,0.3,0.1,7971,2082,1.6,0.4,8387,962,1.7,0.2,471163,1376,94.2,0.3
VA,Virginia,1,590281,8602,443661,6949,75.2,0.9,100532,4836,17,0.8,14981,2542,2.5,0.4,NA,NA,NA,NA,NA,NA,NA,NA,12468,3269,2.1,0.5,16444,3251,2.8,0.5,46940,4419,8,0.7,413771,5392,70.1,0.8
VA,Virginia,2,559397,6204,390382,5376,69.8,0.8,113506,4556,20.3,0.7,26459,1774,4.7,0.3,NA,NA,NA,NA,NA,NA,NA,NA,8623,1770,1.5,0.3,18247,2270,3.3,0.4,35133,2694,6.3,0.4,368594,4264,65.9,0.8
VA,Virginia,3,559137,7090,263911,4949,47.2,0.8,255075,6483,45.6,0.9,12965,1915,2.3,0.3,NA,NA,NA,NA,NA,NA,NA,NA,6529,1455,1.2,0.3,18190,4629,3.3,0.8,23364,2389,4.2,0.4,250743,4709,44.8,0.8
VA,Virginia,4,579606,9665,311503,6522,53.7,0.9,238077,6933,41.1,0.9,9381,1579,1.6,0.3,NA,NA,NA,NA,NA,NA,NA,NA,5041,1425,0.9,0.2,14130,3821,2.4,0.7,19287,1959,3.3,0.3,300456,6501,51.8,0.9
VA,Virginia,5,578531,7084,443231,5945,76.6,0.6,111757,4291,19.3,0.7,7846,1362,1.4,0.2,NA,NA,NA,NA,NA,NA,NA,NA,NA,NA,NA,NA,12706,2232,2.2,0.4,10652,1655,1.8,0.3,435426,5434,75.3,0.7
VA,Virginia,6,582756,4662,496792,3780,85.2,0.4,63253,2858,10.9,0.5,8065,1950,1.4,0.3,NA,NA,NA,NA,NA,NA,NA,NA,2958,1000,0.5,0.2,10188,1905,1.7,0.3,17271,1552,3,0.3,485751,3597,83.4,0.4
VA,Virginia,7,588061,8567,428552,6320,72.9,0.9,120402,6516,20.5,0.9,20543,2084,3.5,0.4,NA,NA,NA,NA,NA,NA,NA,NA,5757,1802,1,0.3,10665,2191,1.8,0.4,22073,3054,3.8,0.5,415336,5369,70.6,0.9
VA,Virginia,8,533417,10149,364779,8267,68.4,1,80064,5218,15,0.9,55619,4227,10.4,0.8,NA,NA,NA,NA,NA,NA,NA,NA,11088,2381,2.1,0.4,20239,2381,3.8,0.4,57449,5441,10.8,0.9,325432,6037,61,0.9
VA,Virginia,9,567315,4437,521514,3716,91.9,0.5,30983,2836,5.5,0.5,5856,952,1,0.2,NA,NA,NA,NA,NA,NA,NA,NA,NA,NA,NA,NA,5571,2071,1,0.4,6719,1064,1.2,0.2,517463,3736,91.2,0.5
VA,Virginia,10,565197,8256,418603,7286,74.1,0.9,40263,3398,7.1,0.6,77765,4664,13.8,0.8,NA,NA,NA,NA,NA,NA,NA,NA,8192,1958,1.4,0.3,18856,3363,3.3,0.6,43842,4384,7.8,0.7,386646,6329,68.4,1
VA,Virginia,11,509988,10817,316427,7639,62,1.2,68574,5398,13.4,1,81213,5546,15.9,1,NA,NA,NA,NA,NA,NA,NA,NA,16601,2959,3.3,0.6,25252,3743,5,0.7,61024,5129,12,0.9,276078,6609,54.1,1.1
WA,Washington,1,519555,10068,439576,9899,84.6,1,7523,1602,1.4,0.3,38229,2781,7.4,0.5,6702,2213,1.3,0.4,NA,NA,NA,NA,9205,2722,1.8,0.5,17522,2404,3.4,0.5,29044,3850,5.6,0.7,422876,10331,81.4,1.1
WA,Washington,2,558321,7945,460962,7422,82.6,0.9,14808,2061,2.7,0.4,41006,3183,7.3,0.6,5897,2051,1.1,0.4,NA,NA,NA,NA,9674,2085,1.7,0.4,24402,2669,4.4,0.5,41083,3292,7.4,0.6,433913,6974,77.7,0.9
WA,Washington,3,544994,4118,484519,3938,88.9,0.6,7022,1056,1.3,0.2,15570,1153,2.9,0.2,5586,2405,1,0.4,NA,NA,NA,NA,8048,2246,1.5,0.4,22498,2152,4.1,0.4,28562,2149,5.2,0.4,466885,3200,85.7,0.5
WA,Washington,4,443137,5909,365274,5996,82.4,1,5862,911,1.3,0.2,7181,1502,1.6,0.3,14208,3201,3.2,0.7,NA,NA,NA,NA,36793,4070,8.3,0.9,14254,1999,3.2,0.5,102450,5260,23.1,0.9,307149,1926,69.3,0.9
WA,Washington,5,551532,3876,495255,3628,89.8,0.5,7413,1281,1.3,0.2,10342,1463,1.9,0.3,9288,2150,1.7,0.4,NA,NA,NA,NA,8437,1714,1.5,0.3,19289,4326,3.5,0.8,28282,1806,5.1,0.3,479564,2773,87,0.4
WA,Washington,6,570991,6932,477842,6035,83.7,0.8,19327,2699,3.4,0.5,22023,2419,3.9,0.4,10385,1905,1.8,0.3,NA,NA,NA,NA,5709,1472,1,0.3,31401,2902,5.5,0.5,31306,2777,5.5,0.5,457984,5184,80.2,0.7
WA,Washington,7,600321,11081,473192,10648,78.8,1.2,21442,3177,3.6,0.5,58953,4635,9.8,0.7,NA,NA,NA,NA,NA,NA,NA,NA,8241,1902,1.4,0.3,33448,4013,5.6,0.6,31156,3065,5.2,0.5,453579,10240,75.6,1.1
WA,Washington,8,522952,10928,426475,10830,81.6,1.3,15109,3947,2.9,0.8,36359,3645,7,0.7,6081,2333,1.2,0.4,NA,NA,NA,NA,14373,3151,2.7,0.6,21074,2774,4,0.5,34785,3966,6.7,0.7,410162,9906,78.4,1.2
WA,Washington,9,499184,11809,285686,8849,57.2,1.3,57935,4799,11.6,0.9,99253,6923,19.9,1.3,NA,NA,NA,NA,5952,1938,1.2,0.4,18848,3548,3.8,0.7,27340,3087,5.5,0.6,39942,3697,8,0.7,267759,8236,53.6,1.2
WA,Washington,10,544552,6928,420200,5927,77.2,0.8,35399,3066,6.5,0.5,35136,2985,6.5,0.5,7007,2016,1.3,0.4,9054,1309,1.7,0.2,9094,1982,1.7,0.4,28764,2893,5.3,0.5,43249,3129,7.9,0.5,392772,4959,72.1,0.7
WV,West Virginia,1,486327,3632,462081,3866,95,0.4,13371,1967,2.7,0.4,2775,909,0.6,0.2,NA,NA,NA,NA,NA,NA,NA,NA,NA,NA,NA,NA,6955,2042,1.4,0.4,NA,NA,NA,NA,458735,3740,94.3,0.4
WV,West Virginia,2,487208,3478,453599,3342,93.1,0.2,21858,1587,4.5,0.3,3418,740,0.7,0.2,NA,NA,NA,NA,NA,NA,NA,NA,1016,510,0.2,0.1,6118,2837,1.3,0.6,8296,1095,1.7,0.2,446953,3118,91.7,0.3
WV,West Virginia,3,457623,2050,430698,2098,94.1,0.3,19291,2126,4.2,0.5,NA,NA,NA,NA,NA,NA,NA,NA,NA,NA,NA,NA,NA,NA,NA,NA,5001,1372,1.1,0.3,NA,NA,NA,NA,428964,1824,93.7,0.2
WI,Wisconsin,1,539789,5165,487118,5925,90.2,0.6,27692,2061,5.1,0.4,7632,1179,1.4,0.2,NA,NA,NA,NA,NA,NA,NA,NA,6490,1970,1.2,0.4,8892,1711,1.6,0.3,35068,3009,6.5,0.5,460877,5601,85.4,0.7
WI,Wisconsin,2,577976,3636,522674,2840,90.4,0.4,23347,1708,4,0.3,15632,1847,2.7,0.3,NA,NA,NA,NA,NA,NA,NA,NA,4803,1424,0.8,0.2,8666,1592,1.5,0.3,20082,1803,3.5,0.3,508442,2317,88,0.5
WI,Wisconsin,3,566700,2657,538023,2656,94.9,0.3,6298,1429,1.1,0.3,10003,1189,1.8,0.2,NA,NA,NA,NA,NA,NA,NA,NA,2354,720,0.4,0.1,7533,2452,1.3,0.4,10272,695,1.8,0.1,530635,2283,93.6,0.3
WI,Wisconsin,4,493143,4985,277019,5952,56.2,0.9,159622,3058,32.4,0.7,12181,1773,2.5,0.4,NA,NA,NA,NA,NA,NA,NA,NA,26780,3232,5.4,0.7,15105,2065,3.1,0.4,58795,2475,11.9,0.5,248998,5198,50.5,0.8
WI,Wisconsin,5,558805,5239,521119,5357,93.3,0.5,15192,3574,2.7,0.6,11636,1497,2.1,0.3,NA,NA,NA,NA,NA,NA,NA,NA,3374,986,0.6,0.2,6724,2454,1.2,0.4,19530,2279,3.5,0.4,506808,5487,90.7,0.6
WI,Wisconsin,6,556485,2532,524716,2280,94.3,0.3,11267,1748,2,0.3,9340,1120,1.7,0.2,NA,NA,NA,NA,NA,NA,NA,NA,2436,955,0.4,0.2,5943,2775,1.1,0.5,16238,1022,2.9,0.2,511469,2259,91.9,0.3
WI,Wisconsin,7,552651,2556,522802,2404,94.6,0.2,3120,744,0.6,0.1,7622,648,1.4,0.1,9955,1429,1.8,0.3,NA,NA,NA,NA,1587,558,0.3,0.1,7380,1852,1.3,0.3,8268,912,1.5,0.2,517010,2166,93.6,0.2
WI,Wisconsin,8,556205,2262,516153,2147,92.8,0.3,7776,2113,1.4,0.4,8678,1373,1.6,0.2,13341,1499,2.4,0.3,NA,NA,NA,NA,3322,979,0.6,0.2,7892,3085,1.4,0.6,15514,1164,2.8,0.2,505294,1838,90.8,0.3
WY,Wyoming,At-large,433644,2221,404463,1936,93.3,0.5,NA,NA,NA,NA,2909,853,0.7,0.2,10144,1887,2.3,0.4,NA,NA,NA,NA,NA,NA,NA,NA,8188,2431,1.9,0.6,32683,1513,7.5,0.3,378267,1045,87.2,0.4
