State abbreviation,State name,Congressional district,Citizen voting-age population estimate,Citizen voting-age population MOE,Less grade 9 estimate,Less grade 9 MOE,Less grade 9 percent total,Less grade 9 percent MOE,Grade 9-12 no diploma estimate,Grade 9-12 no diploma MOE,Grade 9-12 no diploma percent total,Grade 9-12 no diploma percent MOE,High school graduate estimate,High school graduate MOE,High school graduate percent total,High school graduate percent MOE,Some college no degree estimate,Some college no degree MOE,Some college no degree percent total,Some college no degree percent MOE,Associate degree estimate,Associate degree MOE,Associate degree percent total,Associate degree percent MOE,Bachelor degree estimate,Bachelor degree MOE,Bachelor degree percent total,Bachelor degree percent MOE,Graduate degree estimate,Graduate degree MOE,Graduate degree percent total,Graduate degree percent MOE,High school or more estimate,High school or more MOE,High school or more percent total,High school or more percent MOE,Bachelor degree or more estimate,Bachelor degree or more MOE,Bachelor degree or more percent total,Bachelor degree or more percent MOE
AL,Alabama,1,544464,3424,13409,1845,2.5,0.3,57234,4433,10.5,0.8,185503,6968,34.1,1.2,122236,6275,22.5,1.2,42603,3561,7.8,0.6,82971,5147,15.2,1,40508,3710,7.4,0.7,473821,5794,87,0.9,123479,5614,22.7,1.1
AL,Alabama,2,516295,5674,18295,2059,3.5,0.4,53192,3981,10.3,0.8,172427,6215,33.4,1.1,119350,5038,23.1,1,45677,3467,8.8,0.7,69082,4208,13.4,0.8,38272,2888,7.4,0.6,444808,6761,86.2,0.9,107354,5009,20.8,1
AL,Alabama,3,543854,4099,19578,2504,3.6,0.5,56833,4646,10.5,0.9,174209,6786,32,1.2,142705,6806,26.2,1.2,45713,4020,8.4,0.7,63916,4810,11.8,0.9,40900,3656,7.5,0.7,467443,6717,86,1,104816,6147,19.3,1.1
AL,Alabama,4,515701,4678,24346,2997,4.7,0.6,57850,3966,11.2,0.8,175806,6423,34.1,1.3,121739,5447,23.6,1,51436,3866,10,0.7,52697,3625,10.2,0.7,31827,2643,6.2,0.5,433505,6247,84.1,1,84524,4487,16.4,0.8
AL,Alabama,5,551968,2121,14908,2282,2.7,0.4,43805,4016,7.9,0.7,151609,5046,27.5,0.9,123272,5616,22.3,1,45097,3977,8.2,0.7,113417,5380,20.5,1,59860,4136,10.8,0.8,493255,5090,89.4,0.8,173277,6244,31.4,1.1
AL,Alabama,6,535753,7635,11300,2173,2.1,0.4,36957,3501,6.9,0.6,140443,6392,26.2,1.2,123459,5862,23,1.1,40976,4277,7.6,0.8,117006,5281,21.8,0.9,65612,4420,12.2,0.8,487496,7970,91,0.8,182618,7144,34.1,1.2
AL,Alabama,7,504177,9052,16616,1923,3.3,0.4,55234,5319,11,1,168045,8111,33.3,1.5,133839,6148,26.5,1.2,39302,4144,7.8,0.8,59601,4532,11.8,0.9,31540,3102,6.3,0.6,432327,9322,85.7,1,91141,5542,18.1,1.1
AK,Alaska,At-large,532244,2539,10640,1693,2,0.3,26444,2293,5,0.4,160451,4824,30.1,0.9,148709,5567,27.9,1,41699,2807,7.8,0.5,89107,4177,16.7,0.8,55194,3489,10.4,0.6,495160,3690,93,0.5,144301,5756,27.1,1.1
AZ,Arizona,1,568661,9203,21704,2404,3.8,0.4,52527,4493,9.2,0.7,157867,6018,27.8,1,160634,6511,28.2,1.1,47496,4015,8.4,0.7,76331,4507,13.4,0.8,52102,3687,9.2,0.6,494430,9136,86.9,0.9,128433,6095,22.6,1
AZ,Arizona,2,550044,9439,11867,2153,2.2,0.4,34149,3129,6.2,0.6,129115,5605,23.5,1,155015,5947,28.2,1,51429,4005,9.3,0.7,100306,4702,18.2,0.7,68163,3691,12.4,0.7,504028,8964,91.6,0.7,168469,5996,30.6,0.9
AZ,Arizona,3,500787,12277,30121,3164,6,0.6,57088,4619,11.4,0.9,148104,6828,29.6,1.1,141914,7035,28.3,1.2,45173,4012,9,0.8,53824,4687,10.7,0.9,24563,2345,4.9,0.5,413578,11221,82.6,1.1,78387,5127,15.7,1
AZ,Arizona,4,633528,10386,17595,2673,2.8,0.4,52748,4620,8.3,0.7,192527,8294,30.4,1.1,192003,7582,30.3,1.1,59051,3879,9.3,0.6,77875,4756,12.3,0.8,41729,4298,6.6,0.7,563185,10488,88.9,0.8,119604,6482,18.9,1
AZ,Arizona,5,587681,10348,8798,1427,1.5,0.2,27681,3001,4.7,0.5,128346,6227,21.8,0.9,160076,6319,27.2,0.9,53374,3385,9.1,0.6,138201,5073,23.5,0.8,71205,4129,12.1,0.7,551202,10190,93.8,0.6,209406,7006,35.6,1.1
AZ,Arizona,6,577899,11084,8834,2083,1.5,0.4,25687,3262,4.4,0.6,107601,6297,18.6,1,139842,6539,24.2,1,47995,4750,8.3,0.8,158055,6563,27.3,1,89885,5570,15.6,1,543378,10780,94,0.6,247940,7979,42.9,1.2
AZ,Arizona,7,454957,12175,34537,3445,7.6,0.7,53791,5031,11.8,1.1,140351,8124,30.8,1.6,117031,7125,25.7,1.3,34665,3157,7.6,0.7,50781,5076,11.2,1.1,23801,2267,5.2,0.5,366629,11283,80.6,1.3,74582,5464,16.4,1.1
AZ,Arizona,8,599423,9645,13530,2168,2.3,0.4,31603,3488,5.3,0.6,155411,6641,25.9,1,167411,6664,27.9,1.1,56366,3794,9.4,0.6,111662,5550,18.6,0.9,63440,5056,10.6,0.8,554290,9874,92.5,0.7,175102,7454,29.2,1.1
AZ,Arizona,9,562791,12216,11269,2238,2,0.4,26068,3510,4.6,0.6,109598,7023,19.5,1.1,155775,6921,27.7,1.1,50960,3387,9.1,0.6,137924,5863,24.5,0.9,71197,4448,12.7,0.8,525454,11621,93.4,0.7,209121,7710,37.2,1.2
AR,Arkansas,1,548710,3198,24944,2456,4.5,0.4,53594,3380,9.8,0.6,208663,6721,38,1.2,128267,5179,23.4,0.9,44423,3099,8.1,0.6,60603,3739,11,0.7,28216,2302,5.1,0.4,470172,4824,85.7,0.8,88819,4346,16.2,0.8
AR,Arkansas,2,570220,3398,14879,2075,2.6,0.4,40792,3657,7.2,0.6,172669,6170,30.3,1.1,140151,6369,24.6,1.1,44106,4453,7.7,0.8,97692,5653,17.1,1,59931,4114,10.5,0.7,514549,4449,90.2,0.7,157623,6739,27.6,1.2
AR,Arkansas,3,573113,5357,18243,2593,3.2,0.5,38548,3445,6.7,0.6,183043,7062,31.9,1.2,147350,6195,25.7,1,37748,3411,6.6,0.6,94386,5477,16.5,0.9,53795,4188,9.4,0.7,516322,6923,90.1,0.9,148181,7041,25.9,1.2
AR,Arkansas,4,532069,4667,16826,1816,3.2,0.3,50608,4117,9.5,0.8,206160,5799,38.7,1,133473,6017,25.1,1.2,41122,3305,7.7,0.6,56921,3902,10.7,0.7,26959,2697,5.1,0.5,464635,5204,87.3,0.8,83880,4283,15.8,0.8
CA,California,1,553702,4675,10300,1697,1.9,0.3,36521,3026,6.6,0.6,139909,6331,25.3,1.1,179540,6253,32.4,1.1,60188,3984,10.9,0.7,86500,4734,15.6,0.8,40744,2646,7.4,0.5,506881,6150,91.5,0.6,127244,5168,23,0.9
CA,California,2,534951,6691,10337,2018,1.9,0.4,25985,2778,4.9,0.5,99851,5519,18.7,1,132042,5993,24.7,1.1,45775,3417,8.6,0.6,132589,6268,24.8,1.1,88372,4676,16.5,0.9,498629,6842,93.2,0.6,220961,6876,41.3,1.1
CA,California,3,504299,7222,18937,2116,3.8,0.4,36020,3122,7.1,0.6,125825,5776,25,1.1,155145,6125,30.8,1.2,46482,3791,9.2,0.7,73831,3943,14.6,0.7,48059,3055,9.5,0.6,449342,7380,89.1,0.7,121890,5183,24.2,1
CA,California,4,573118,5649,7430,1351,1.3,0.2,27012,3409,4.7,0.6,125409,4938,21.9,0.8,163654,5894,28.6,1,61487,4366,10.7,0.7,128333,5670,22.4,1,59793,3662,10.4,0.6,538676,6889,94,0.7,188126,6446,32.8,1.1
CA,California,5,508369,9829,15874,2339,3.1,0.4,23135,2969,4.6,0.6,106375,5394,20.9,1,143612,6764,28.2,1.2,57465,4187,11.3,0.8,107991,5391,21.2,1,53917,3686,10.6,0.7,469360,9738,92.3,0.8,161908,6309,31.8,1.1
CA,California,6,506434,10206,23007,2840,4.5,0.5,31946,3460,6.3,0.7,120347,6677,23.8,1.1,135756,6552,26.8,1.2,46478,3656,9.2,0.7,100008,5556,19.7,1,48892,2707,9.7,0.5,451481,10383,89.1,0.8,148900,6140,29.4,1.1
CA,California,7,537436,8063,15617,2241,2.9,0.4,26001,3269,4.8,0.6,110306,4863,20.5,0.9,154666,6368,28.8,1.1,58465,3487,10.9,0.6,116934,6260,21.8,1.1,55447,4095,10.3,0.8,495818,7602,92.3,0.7,172381,6779,32.1,1.1
CA,California,8,477512,10385,16654,2671,3.5,0.5,45292,4407,9.5,0.9,154981,7325,32.5,1.3,139316,6424,29.2,1.2,44583,4305,9.3,0.9,48542,3747,10.2,0.8,28144,3014,5.9,0.6,415566,10304,87,1.1,76686,4494,16.1,0.9
CA,California,9,482967,8819,22179,2618,4.6,0.5,38221,3322,7.9,0.7,147403,6681,30.5,1.2,126601,5216,26.2,1.1,51814,3832,10.7,0.8,68040,5218,14.1,1,28709,2756,5.9,0.6,422567,8816,87.5,0.8,96749,5852,20,1.1
CA,California,10,493409,7043,25293,2658,5.1,0.5,43288,3373,8.8,0.7,154120,7024,31.2,1.3,145033,6548,29.4,1.3,42682,3585,8.7,0.7,59753,4292,12.1,0.9,23240,2451,4.7,0.5,424828,7277,86.1,0.9,82993,5035,16.8,1
CA,California,11,508963,9040,12985,2448,2.6,0.5,21166,2906,4.2,0.6,86079,4743,16.9,0.9,115072,5889,22.6,1.1,41873,3626,8.2,0.7,142028,6164,27.9,1.2,89760,4557,17.6,0.9,474812,8403,93.3,0.7,231788,7393,45.5,1.4
CA,California,12,571300,7542,24369,2934,4.3,0.5,21283,2860,3.7,0.5,67565,4626,11.8,0.8,78296,5037,13.7,0.8,27093,2618,4.7,0.5,219245,7948,38.4,1.2,133449,6342,23.4,1.2,525648,8672,92,0.7,352694,7798,61.7,1.2
CA,California,13,536892,6882,16604,1923,3.1,0.4,24706,2454,4.6,0.5,88938,5713,16.6,1,108388,5543,20.2,0.9,33353,2916,6.2,0.5,151914,4946,28.3,0.9,112989,5220,21,1,495582,7089,92.3,0.6,264903,6758,49.3,1.3
CA,California,14,511049,8400,18871,3052,3.7,0.6,20813,2603,4.1,0.5,79470,5189,15.6,1,105663,6619,20.7,1.2,37951,2916,7.4,0.6,159360,6511,31.2,1.1,88921,4660,17.4,0.9,471365,8556,92.2,0.7,248281,7959,48.6,1.4
CA,California,15,503361,8070,13285,1736,2.6,0.3,23799,2789,4.7,0.5,105049,5447,20.9,1,115831,5728,23,1,34366,2971,6.8,0.6,134275,5472,26.7,1,76756,4307,15.2,0.9,466277,8199,92.6,0.6,211031,6211,41.9,1.2
CA,California,16,423147,10984,33543,3620,7.9,0.8,50462,4115,11.9,0.9,124002,7260,29.3,1.6,120993,6640,28.6,1.4,32787,3013,7.7,0.7,43302,3830,10.2,0.9,18058,1967,4.3,0.5,339142,8868,80.1,1.1,61360,4222,14.5,1
CA,California,17,438374,13412,13228,1948,3,0.4,19579,3123,4.5,0.7,69782,6291,15.9,1.2,81191,5362,18.5,1,33473,3583,7.6,0.7,128406,6402,29.3,1.5,92715,5091,21.1,1.2,405567,12414,92.5,0.8,221121,7200,50.4,1.8
CA,California,18,491580,9611,6902,1733,1.4,0.3,12128,1976,2.5,0.4,57910,4994,11.8,1,84970,5199,17.3,1,28246,2606,5.7,0.5,158493,6681,32.2,1.3,142931,5510,29.1,1.1,472550,8977,96.1,0.5,301424,8271,61.3,1.5
CA,California,19,482363,9857,28909,2802,6,0.6,31052,3049,6.4,0.6,89585,5394,18.6,1,109884,5391,22.8,1.1,43770,3489,9.1,0.7,119763,5863,24.8,1.1,59400,3775,12.3,0.8,422402,9489,87.6,0.9,179163,6867,37.1,1.2
CA,California,20,434889,8953,19397,2540,4.5,0.6,26214,3201,6,0.7,91612,5339,21.1,1.1,123963,6425,28.5,1.3,41687,2714,9.6,0.6,79665,4472,18.3,1,52351,3932,12,0.9,389278,8560,89.5,0.9,132016,6286,30.4,1.4
CA,California,21,354669,11267,30382,3155,8.6,0.8,49482,4397,14,1.1,114452,5915,32.3,1.2,96588,5750,27.2,1.5,26041,2550,7.3,0.7,27414,2801,7.7,0.8,10310,1934,2.9,0.5,274805,9317,77.5,1.4,37724,3402,10.6,0.9
CA,California,22,483064,10845,20958,2472,4.3,0.5,33175,3692,6.9,0.8,113960,5931,23.6,1.1,138342,7117,28.6,1.3,53000,4607,11,0.9,80429,4707,16.6,0.9,43200,3735,8.9,0.8,428931,10521,88.8,0.9,123629,6358,25.6,1.2
CA,California,23,490446,10566,19789,2966,4,0.6,51116,4945,10.4,1,136106,6805,27.8,1.2,144489,6778,29.5,1.2,45193,4465,9.2,0.9,59122,3821,12.1,0.8,34631,3128,7.1,0.6,419541,9473,85.5,1,93753,4809,19.1,1
CA,California,24,508333,5576,12493,1763,2.5,0.3,22428,2626,4.4,0.5,100200,6397,19.7,1.2,157352,5754,31,1.1,46880,3743,9.2,0.7,106787,6206,21,1.2,62193,4250,12.2,0.9,473412,6190,93.1,0.6,168980,6609,33.2,1.3
CA,California,25,482964,10876,19148,2664,4,0.5,40232,4098,8.3,0.8,113657,6954,23.5,1.3,128561,6295,26.6,1.2,49777,3978,10.3,0.8,89036,4928,18.4,1,42553,3672,8.8,0.7,423584,9942,87.7,1,131589,6491,27.2,1.3
CA,California,26,480928,6034,20235,2425,4.2,0.5,24094,2682,5,0.6,101186,5011,21,1,130031,5290,27,1,49476,4236,10.3,0.9,97939,3976,20.4,0.8,57967,3481,12.1,0.7,436599,5988,90.8,0.6,155906,5122,32.4,1.1
CA,California,27,471963,11108,29513,2893,6.3,0.6,23456,2631,5,0.5,82256,5170,17.4,1.1,100069,5385,21.2,0.9,39294,3212,8.3,0.7,122862,6230,26,1.2,74513,4472,15.8,0.9,418994,10088,88.8,0.7,197375,6849,41.8,1.2
CA,California,28,502971,13353,18412,2529,3.7,0.5,17960,2255,3.6,0.4,82496,5890,16.4,1,106049,6464,21.1,1.1,46643,4973,9.3,1,155739,6117,31,1.1,75672,5083,15,0.9,466599,12641,92.8,0.6,231411,8081,46,1.4
CA,California,29,402898,11545,36869,3268,9.2,0.8,38058,2867,9.4,0.7,101848,5918,25.3,1.2,105890,6112,26.3,1.2,30540,2546,7.6,0.7,69161,4759,17.2,1,20532,2258,5.1,0.6,327971,10181,81.4,1,89693,5186,22.3,1.1
CA,California,30,529846,14610,19105,2787,3.6,0.5,23003,2414,4.3,0.4,87198,5800,16.5,0.9,127319,7209,24,1.1,40343,3417,7.6,0.6,155101,6823,29.3,1.2,77777,4162,14.7,0.8,487738,13946,92.1,0.7,232878,7762,44,1.3
CA,California,31,482081,9659,18582,2266,3.9,0.5,45590,3761,9.5,0.8,133160,7060,27.6,1.3,128296,5563,26.6,1.1,41316,3619,8.6,0.7,72149,5270,15,1,42988,4523,8.9,0.9,417909,10479,86.7,1,115137,8077,23.9,1.5
CA,California,32,449452,11398,34351,3439,7.6,0.7,34156,3004,7.6,0.7,124345,6002,27.7,1.2,121048,5858,26.9,1.1,36250,2927,8.1,0.6,71065,4711,15.8,1,28237,2093,6.3,0.5,380945,9914,84.8,0.9,99302,5576,22.1,1.2
CA,California,33,517251,10427,5748,1313,1.1,0.3,12703,2873,2.5,0.5,55109,4340,10.7,0.8,98470,5610,19,1,29721,3746,5.7,0.7,183848,7820,35.5,1.3,131652,6003,25.5,1.2,498800,10236,96.4,0.6,315500,8554,61,1.3
CA,California,34,425520,11922,43810,4007,10.3,0.9,37570,2984,8.8,0.6,89614,5580,21.1,1.1,94176,5098,22.1,1,24198,2563,5.7,0.6,96927,5909,22.8,1.2,39225,3334,9.2,0.8,344140,11012,80.9,1.1,136152,7031,32,1.4
CA,California,35,450565,12666,32600,3789,7.2,0.8,46007,3974,10.2,0.8,126690,6904,28.1,1.3,128310,6833,28.5,1.2,36590,3034,8.1,0.7,60612,4791,13.5,1,19756,2328,4.4,0.5,371958,10984,82.6,1.1,80368,5002,17.8,1
CA,California,36,536333,9648,22723,3035,4.2,0.6,39828,3393,7.4,0.6,183900,8637,34.3,1.5,134038,5417,25,1,42824,3987,8,0.7,68798,4346,12.8,0.7,44222,3738,8.2,0.7,473782,9739,88.3,0.8,113020,6723,21.1,1.1
CA,California,37,468463,13452,25297,2779,5.4,0.6,30477,2997,6.5,0.6,78851,5462,16.8,1,110517,6905,23.6,1.2,28063,3152,6,0.7,125134,6692,26.7,1.2,70124,3951,15,0.8,412689,12295,88.1,0.8,195258,7649,41.7,1.2
CA,California,38,481296,10991,30376,2812,6.3,0.5,35106,3062,7.3,0.6,136716,7229,28.4,1.3,126053,5748,26.2,1,39276,2762,8.2,0.6,81103,4869,16.9,1,32666,2462,6.8,0.5,415814,9570,86.4,0.8,113769,5787,23.6,1.1
CA,California,39,486713,10190,13837,1826,2.8,0.4,22452,2570,4.6,0.5,91136,5997,18.7,1.1,121947,6232,25.1,1.2,44311,4146,9.1,0.8,135432,6079,27.8,1.2,57598,3449,11.8,0.7,450424,9419,92.5,0.6,193030,7169,39.7,1.4
CA,California,40,340435,9624,43948,3522,12.9,1,40368,3291,11.9,1,98979,5418,29.1,1.3,90081,5572,26.5,1.4,22031,2133,6.5,0.6,33112,3005,9.7,0.8,11916,1691,3.5,0.5,256119,9383,75.2,1.4,45028,3621,13.2,0.9
CA,California,41,478613,8532,29445,3316,6.2,0.7,43330,4594,9.1,1,152838,6125,31.9,1.2,138115,7129,28.9,1.3,34599,3353,7.2,0.7,52557,4054,11,0.8,27729,3216,5.8,0.7,405838,10068,84.8,1.2,80286,5230,16.8,1
CA,California,42,538265,9226,17647,2836,3.3,0.5,30484,3390,5.7,0.6,151598,7169,28.2,1.3,155168,7082,28.8,1.2,50397,3680,9.4,0.7,89357,5373,16.6,0.9,43614,3202,8.1,0.6,490134,9670,91.1,0.8,132971,5852,24.7,1
CA,California,43,454185,11440,24838,2649,5.5,0.6,37427,3351,8.2,0.8,101686,5680,22.4,1,122622,6870,27,1.3,37325,3891,8.2,0.8,91995,5798,20.3,1.2,38292,3278,8.4,0.7,391920,12131,86.3,1,130287,6545,28.7,1.3
CA,California,44,395819,8661,36450,2834,9.2,0.7,48320,3589,12.2,0.9,118351,6164,29.9,1.2,112113,5460,28.3,1.3,24915,2447,6.3,0.6,39798,3580,10.1,0.9,15872,2227,4,0.6,311049,8329,78.6,1.1,55670,3838,14.1,1
CA,California,45,532802,12285,8523,1576,1.6,0.3,17150,2726,3.2,0.5,68372,5040,12.8,0.8,118194,7171,22.2,1.1,44550,3813,8.4,0.7,172817,6598,32.4,1.3,103196,6472,19.4,1.1,507129,12931,95.2,0.7,276013,9071,51.8,1.5
CA,California,46,408633,10145,35485,3640,8.7,0.8,36525,3606,8.9,0.9,106524,5796,26.1,1.2,113914,5617,27.9,1.2,28646,2969,7,0.7,65341,5179,16,1.2,22198,2516,5.4,0.6,336623,9429,82.4,1.2,87539,6019,21.4,1.3
CA,California,47,491712,10923,30115,3184,6.1,0.6,29772,3505,6.1,0.7,91523,6506,18.6,1.2,140344,6377,28.5,1.3,41173,3851,8.4,0.8,108005,6181,22,1.2,50780,3421,10.3,0.7,431825,10509,87.8,0.9,158785,6896,32.3,1.2
CA,California,48,529832,8764,19342,3015,3.7,0.6,22208,2557,4.2,0.5,86247,4646,16.3,0.8,120132,4675,22.7,0.8,41982,3215,7.9,0.6,153100,6423,28.9,1,86821,4096,16.4,0.8,488282,9351,92.2,0.7,239921,6829,45.3,1
CA,California,49,519302,10212,12881,3008,2.5,0.6,20673,2853,4,0.6,96500,5503,18.6,1,127415,7035,24.5,1.2,44026,3629,8.5,0.7,133953,6051,25.8,1,83854,5972,16.1,1.1,485748,11070,93.5,0.8,217807,8524,41.9,1.3
CA,California,50,513522,11367,16294,2589,3.2,0.5,27775,2869,5.4,0.5,124514,6551,24.2,1.1,156195,6809,30.4,1.2,47178,3340,9.2,0.7,91516,5104,17.8,0.9,50050,4051,9.7,0.8,469453,10403,91.4,0.7,141566,6708,27.6,1.2
CA,California,51,445034,11226,38878,4348,8.7,1,50724,4509,11.4,1,123014,6104,27.6,1.2,129769,6129,29.2,1.3,31732,3330,7.1,0.7,51404,5137,11.6,1,19513,3017,4.4,0.6,355432,11612,79.9,1.3,70917,6310,15.9,1.2
CA,California,52,546843,12471,10373,1993,1.9,0.4,13673,1899,2.5,0.3,73004,5859,13.4,1,112056,7680,20.5,1.2,38826,3387,7.1,0.6,171061,7352,31.3,1.1,127850,5737,23.4,1.1,522797,12116,95.6,0.5,298911,8823,54.7,1.4
CA,California,53,563962,15636,14869,2252,2.6,0.4,25197,2822,4.5,0.5,110391,8542,19.6,1.3,158624,8111,28.1,1.2,51232,3870,9.1,0.7,135825,7990,24.1,1.3,67824,4814,12,0.8,523896,15054,92.9,0.6,203649,9340,36.1,1.4
CO,Colorado,1,619349,5507,13793,2340,2.2,0.4,32499,4057,5.2,0.6,104087,5366,16.8,0.8,119160,6707,19.2,1.1,35245,3383,5.7,0.5,196881,5572,31.8,0.9,117684,6602,19,1.1,573057,6371,92.5,0.7,314565,6157,50.8,1
CO,Colorado,2,619285,6451,4237,1519,0.7,0.2,15601,2585,2.5,0.4,97110,5380,15.7,0.8,143708,6550,23.2,1,44309,3548,7.2,0.6,191323,6166,30.9,1,122997,5808,19.9,0.9,599447,6989,96.8,0.5,314320,7436,50.8,1.2
CO,Colorado,3,565901,5796,12223,1936,2.2,0.3,37687,3242,6.7,0.6,158596,6277,28,1.1,141449,5879,25,1,46311,3841,8.2,0.7,113999,5786,20.1,1,55636,3710,9.8,0.6,515991,6199,91.2,0.6,169635,7507,30,1.3
CO,Colorado,4,598599,5986,13104,1862,2.2,0.3,32566,2944,5.4,0.5,146395,5206,24.5,0.8,148746,5569,24.8,0.9,55953,3380,9.3,0.6,139737,5728,23.3,0.9,62098,3414,10.4,0.6,552929,7224,92.4,0.6,201835,6514,33.7,1
CO,Colorado,5,603967,3639,9193,1673,1.5,0.3,29318,2915,4.9,0.5,135266,5366,22.4,0.8,161139,6188,26.7,1,63094,4337,10.4,0.7,125883,4801,20.8,0.8,80074,4392,13.3,0.7,565456,4995,93.6,0.6,205957,5723,34.1,0.9
CO,Colorado,6,567801,9080,9462,1973,1.7,0.3,22659,2916,4,0.5,126885,6187,22.3,1,123362,5120,21.7,0.8,52458,4048,9.2,0.7,150079,5369,26.4,0.9,82896,4306,14.6,0.7,535680,9308,94.3,0.6,232975,6445,41,1.1
CO,Colorado,7,576138,8222,14180,2203,2.5,0.4,39124,3729,6.8,0.6,148551,6997,25.8,1.2,132222,6119,22.9,1,43442,2948,7.5,0.5,129777,4980,22.5,0.8,68842,4308,11.9,0.8,522834,8023,90.7,0.7,198619,5864,34.5,0.9
CT,Connecticut,1,523004,7034,14315,2191,2.7,0.4,31958,3228,6.1,0.6,148797,6068,28.5,1.1,102532,4970,19.6,0.9,43400,3273,8.3,0.6,105117,4734,20.1,0.8,76885,4635,14.7,0.9,476731,6982,91.2,0.6,182002,6521,34.8,1.1
CT,Connecticut,2,548572,5593,7574,1485,1.4,0.3,27150,2743,4.9,0.5,156233,5797,28.5,1,129221,4968,23.6,0.8,47580,3564,8.7,0.6,106314,6225,19.4,1.1,74500,4178,13.6,0.8,513848,6212,93.7,0.6,180814,6779,33,1.2
CT,Connecticut,3,535024,7312,14528,2712,2.7,0.5,27752,3087,5.2,0.6,167980,7556,31.4,1.4,107489,5629,20.1,1,38650,3386,7.2,0.6,96740,5237,18.1,0.9,81885,4420,15.3,0.8,492744,7251,92.1,0.6,178625,7110,33.4,1.2
CT,Connecticut,4,496370,6476,14385,2062,2.9,0.4,22152,2826,4.5,0.6,98469,5189,19.8,1,84003,4361,16.9,0.8,29367,2667,5.9,0.5,140769,5315,28.4,1,107225,4796,21.6,0.9,459833,6854,92.6,0.7,247994,6339,50,1.2
CT,Connecticut,5,511395,9390,15558,2461,3,0.5,31159,3490,6.1,0.7,143865,5978,28.1,1.1,102341,5585,20,1,40031,3319,7.8,0.6,106028,5481,20.7,1.1,72413,4527,14.2,0.9,464678,8370,90.9,0.9,178441,6025,34.9,1.3
DE,Delaware,At-large,720867,3971,16821,2525,2.3,0.3,47602,4095,6.6,0.6,244349,8651,33.9,1.2,149356,6794,20.7,1,54332,3645,7.5,0.5,125319,5648,17.4,0.8,83088,4580,11.5,0.6,656444,5756,91.1,0.7,208407,7270,28.9,1
DC,District of Columbia,At-large,526393,4612,11472,1871,2.2,0.4,24872,2936,4.7,0.6,99438,5562,18.9,1,81020,5679,15.4,1.1,13643,2427,2.6,0.5,137112,5794,26,1.1,158836,4922,30.2,0.9,490049,5079,93.1,0.6,295948,5303,56.2,0.8
FL,Florida,1,601423,2752,11473,2096,1.9,0.3,41396,3797,6.9,0.6,167806,8269,27.9,1.4,157209,5481,26.1,0.9,66005,5263,11,0.9,102192,6095,17,1,55342,4139,9.2,0.7,548554,4887,91.2,0.7,157534,7396,26.2,1.2
FL,Florida,2,573718,6050,19297,2515,3.4,0.4,49011,5196,8.5,0.9,200868,6904,35,1.2,132355,5900,23.1,1,51171,4391,8.9,0.8,77524,4343,13.5,0.7,43492,3706,7.6,0.6,505410,7356,88.1,0.9,121016,5158,21.1,0.8
FL,Florida,3,579993,6726,17474,2511,3,0.4,44257,4918,7.6,0.8,173145,7084,29.9,1.1,136650,6914,23.6,1.2,62348,5057,10.7,0.9,93558,6095,16.1,1,52561,4512,9.1,0.8,518262,6961,89.4,0.9,146119,7236,25.2,1.2
FL,Florida,4,614794,10052,9782,2132,1.6,0.3,30169,3964,4.9,0.6,146569,9020,23.8,1.4,135337,7289,22,1.1,61260,4938,10,0.8,145911,6981,23.7,1.2,85766,6706,14,1.1,574843,9856,93.5,0.7,231677,10181,37.7,1.6
FL,Florida,5,541992,11225,17187,2530,3.2,0.5,60577,4549,11.2,0.9,187964,8004,34.7,1.2,130734,5897,24.1,0.9,51138,4103,9.4,0.7,64654,4307,11.9,0.8,29738,2650,5.5,0.5,464228,11566,85.7,0.9,94392,5416,17.4,1
FL,Florida,6,621566,6917,15372,3021,2.5,0.5,44728,3700,7.2,0.6,193189,8521,31.1,1.4,154251,7564,24.8,1.1,71867,5270,11.6,0.8,95029,5473,15.3,0.9,47130,3368,7.6,0.5,561466,8100,90.3,0.7,142159,6712,22.9,1
FL,Florida,7,581583,10621,14057,2821,2.4,0.5,28613,3317,4.9,0.6,131277,7090,22.6,1.1,132231,6563,22.7,1,63569,4785,10.9,0.8,137499,6533,23.6,1.1,74337,4987,12.8,0.8,538913,10678,92.7,0.7,211836,8084,36.4,1.3
FL,Florida,8,610604,4145,11745,2741,1.9,0.4,42814,4943,7,0.8,175186,7960,28.7,1.3,135964,6575,22.3,1.1,69417,4780,11.4,0.8,110923,5790,18.2,0.9,64555,4962,10.6,0.8,556045,5996,91.1,0.8,175478,7079,28.7,1.1
FL,Florida,9,644898,15477,22249,3919,3.5,0.6,64916,7251,10.1,1.1,198755,10421,30.8,1.5,142215,8550,22.1,1.2,70018,6432,10.9,1,94758,5851,14.7,0.9,51987,5098,8.1,0.8,557733,14884,86.5,1.3,146745,7351,22.8,1
FL,Florida,10,546157,12769,16662,2266,3.1,0.4,43165,4865,7.9,0.9,146227,8979,26.8,1.4,116142,6408,21.3,1,52596,4737,9.6,0.9,118889,7228,21.8,1.3,52476,4542,9.6,0.8,486330,12294,89,0.9,171365,8530,31.4,1.5
FL,Florida,11,652135,10786,19364,2912,3,0.4,57118,4858,8.8,0.7,232153,8978,35.6,1.2,149365,6893,22.9,1,62744,5169,9.6,0.8,83135,6414,12.7,1,48256,4247,7.4,0.6,575653,10793,88.3,0.8,131391,7665,20.1,1.1
FL,Florida,12,605983,7435,12341,2221,2,0.4,39989,4054,6.6,0.7,191626,6880,31.6,1.1,133079,6226,22,0.9,65873,4062,10.9,0.7,107550,6181,17.7,1,55525,3806,9.2,0.6,553653,7795,91.4,0.8,163075,7471,26.9,1.2
FL,Florida,13,584889,8338,12754,2466,2.2,0.4,37677,3346,6.4,0.6,175088,7681,29.9,1.2,131092,5346,22.4,0.9,55287,4025,9.5,0.7,114308,5689,19.5,0.9,58683,3589,10,0.6,534458,8445,91.4,0.7,172991,6970,29.6,1.1
FL,Florida,14,534225,9792,15219,2252,2.8,0.4,34575,3728,6.5,0.7,138443,7048,25.9,1.2,106706,6194,20,1.1,47826,3922,9,0.7,123207,5632,23.1,1,68249,4649,12.8,0.8,484431,10190,90.7,0.9,191456,6686,35.8,1.1
FL,Florida,15,578715,14070,16064,2498,2.8,0.4,46447,4552,8,0.7,195588,10683,33.8,1.5,126432,6510,21.8,1,56395,4062,9.7,0.7,96290,5364,16.6,0.9,41499,4116,7.2,0.7,516204,13036,89.2,0.8,137789,6832,23.8,1.2
FL,Florida,16,638769,8875,14980,2726,2.3,0.4,36259,3984,5.7,0.6,187530,8244,29.4,1.2,139674,7141,21.9,1,61955,4687,9.7,0.7,116874,5396,18.3,0.8,81497,4470,12.8,0.7,587530,9568,92,0.8,198371,6692,31.1,1
FL,Florida,17,615104,10351,15762,2262,2.6,0.4,53658,4477,8.7,0.7,226865,8695,36.9,1.2,132619,6703,21.6,1,55929,4438,9.1,0.7,82747,4817,13.5,0.8,47524,3835,7.7,0.6,545684,10394,88.7,0.8,130271,5595,21.2,0.9
FL,Florida,18,599873,10324,15985,2888,2.7,0.5,39311,6009,6.6,1,152802,7789,25.5,1.2,133636,7596,22.3,1.2,62729,5095,10.5,0.8,121878,5696,20.3,0.9,73532,4762,12.3,0.8,544577,9729,90.8,1,195410,6414,32.6,1.1
FL,Florida,19,631233,11072,15013,2932,2.4,0.5,31918,3723,5.1,0.6,179026,8199,28.4,1.2,132446,5656,21,0.8,57669,4484,9.1,0.7,133020,7024,21.1,1,82141,5071,13,0.8,584302,11839,92.6,0.7,215161,8314,34.1,1.1
FL,Florida,20,507613,13423,22815,3513,4.5,0.7,51653,5014,10.2,1,164095,9419,32.3,1.5,121596,7691,24,1.3,49310,4121,9.7,0.8,65181,4218,12.8,0.8,32963,3452,6.5,0.7,433145,12494,85.3,1,98144,5680,19.3,1.1
FL,Florida,21,546101,11927,15920,2612,2.9,0.5,29421,3718,5.4,0.7,131770,6969,24.1,1.2,122330,6876,22.4,1.1,49903,4516,9.1,0.8,123034,6579,22.5,1.1,73723,5037,13.5,0.9,500760,12183,91.7,0.8,196757,7101,36,1.1
FL,Florida,22,534846,11346,11245,2030,2.1,0.4,25420,3409,4.8,0.6,126205,7215,23.6,1.2,108666,6208,20.3,1.1,47172,4381,8.8,0.8,132374,6715,24.7,1.2,83764,5402,15.7,1,498181,10854,93.1,0.7,216138,7796,40.4,1.3
FL,Florida,23,510212,9952,13523,2573,2.7,0.5,25571,3550,5,0.7,115797,6508,22.7,1.2,111399,6338,21.8,1.1,54768,5129,10.7,1,113290,5951,22.2,1.1,75864,5601,14.9,1.1,471118,10417,92.3,0.8,189154,8270,37.1,1.6
FL,Florida,24,477697,12311,33910,3464,7.1,0.7,47123,4961,9.9,1,149787,7080,31.4,1.3,97159,7074,20.3,1.4,48600,4834,10.2,1,67893,5382,14.2,1.1,33225,3461,7,0.7,396664,10655,83,1.1,101118,5698,21.2,1.1
FL,Florida,25,453055,14226,37112,3606,8.2,0.8,44368,4670,9.8,1,123628,8513,27.3,1.5,81421,5714,18,1.1,47705,5508,10.5,1.1,75738,4749,16.7,1,43083,4155,9.5,0.9,371575,13940,82,1.2,118821,6439,26.2,1.4
FL,Florida,26,476033,12380,26938,2491,5.7,0.5,38441,3834,8.1,0.8,122547,6915,25.7,1.3,103109,7016,21.7,1.4,53290,5665,11.2,1.1,91031,5894,19.1,1.2,40677,3397,8.5,0.7,410654,11700,86.3,0.9,131708,6427,27.7,1.2
FL,Florida,27,464604,13439,26237,3286,5.6,0.7,19467,3365,4.2,0.7,94714,6845,20.4,1.3,79566,5664,17.1,1.1,42066,4721,9.1,1,115805,5895,24.9,1.1,86749,5725,18.7,1.2,418900,12065,90.2,0.9,202554,8212,43.6,1.5
GA,Georgia,1,550713,4548,13076,2167,2.4,0.4,51187,4596,9.3,0.8,178303,7137,32.4,1.3,135737,6494,24.6,1.1,43746,3691,7.9,0.7,78779,4564,14.3,0.8,49885,3589,9.1,0.7,486450,6645,88.3,0.9,128664,5642,23.4,1
GA,Georgia,2,498322,5387,20248,2610,4.1,0.5,66390,4523,13.3,0.9,169049,5958,33.9,1.1,124627,6414,25,1.3,39880,4025,8,0.8,47500,3269,9.5,0.7,30628,2495,6.1,0.5,411684,6961,82.6,1,78128,3717,15.7,0.7
GA,Georgia,3,548941,6659,12870,1982,2.3,0.4,53250,4604,9.7,0.8,171215,6849,31.2,1.2,134661,6180,24.5,1.1,41191,4062,7.5,0.7,88304,5143,16.1,0.9,47450,3614,8.6,0.7,482821,8103,88,0.9,135754,6066,24.7,1.1
GA,Georgia,4,527938,10870,12326,2468,2.3,0.5,34628,3409,6.6,0.6,144760,8531,27.4,1.4,119360,6537,22.6,1.2,50992,4520,9.7,0.8,105484,7249,20,1.4,60388,4788,11.4,0.9,480984,11135,91.1,0.9,165872,8050,31.4,1.5
GA,Georgia,5,587385,11293,9840,2135,1.7,0.4,40514,4331,6.9,0.7,143570,8322,24.4,1.3,123885,7816,21.1,1.1,33289,3613,5.7,0.6,140361,7575,23.9,1.3,95926,5224,16.3,0.9,537031,11944,91.4,0.9,236287,8134,40.2,1.4
GA,Georgia,6,496468,9646,3838,1149,0.8,0.2,13518,2098,2.7,0.4,62535,4500,12.6,0.9,82370,4975,16.6,0.9,26140,2731,5.3,0.6,192675,7928,38.8,1.3,115392,5061,23.2,1,479112,9397,96.5,0.5,308067,9020,62.1,1.3
GA,Georgia,7,486845,13303,11997,2362,2.5,0.5,27262,3307,5.6,0.7,98384,7295,20.2,1.2,105666,6385,21.7,1.1,40771,4492,8.4,0.9,129421,6882,26.6,1.5,73344,4621,15.1,1,447586,12586,91.9,0.8,202765,7222,41.6,1.6
GA,Georgia,8,527338,5981,16772,2500,3.2,0.5,52109,4640,9.9,0.9,180436,8503,34.2,1.5,120469,6040,22.8,1.2,50294,4069,9.5,0.8,65626,5239,12.4,1,41632,4087,7.9,0.8,458457,7378,86.9,1,107258,6990,20.3,1.3
GA,Georgia,9,556967,6033,20915,3153,3.8,0.5,58839,4756,10.6,0.8,176199,6414,31.6,1.1,129920,5878,23.3,1.1,42938,3695,7.7,0.7,79230,4277,14.2,0.8,48926,3586,8.8,0.6,477213,6171,85.7,0.9,128156,5351,23,1
GA,Georgia,10,565803,9414,16236,2039,2.9,0.4,54417,3813,9.6,0.7,178589,7392,31.6,1.2,140567,7073,24.8,1.1,38035,3213,6.7,0.5,84014,4965,14.8,0.9,53945,3738,9.5,0.6,495150,9482,87.5,0.8,137959,6870,24.4,1.2
GA,Georgia,11,559687,9450,12223,2603,2.2,0.5,28369,4115,5.1,0.7,126635,6923,22.6,1.2,129341,7789,23.1,1.3,40561,3964,7.2,0.7,146772,6511,26.2,1.1,75786,4718,13.5,0.8,519095,9720,92.7,0.9,222558,7978,39.8,1.3
GA,Georgia,12,540482,5219,18105,2798,3.3,0.5,64330,4919,11.9,0.9,182860,8451,33.8,1.5,127517,6330,23.6,1.2,44276,4398,8.2,0.8,64104,4478,11.9,0.8,39290,3663,7.3,0.7,458047,7349,84.7,1,103394,5961,19.1,1.1
GA,Georgia,13,523476,12223,14231,2585,2.7,0.5,32325,3731,6.2,0.7,155629,9118,29.7,1.6,120674,7454,23.1,1.3,52827,5312,10.1,1,93323,7252,17.8,1.3,54467,5049,10.4,0.9,476920,12334,91.1,1,147790,9175,28.2,1.6
GA,Georgia,14,516434,4331,20663,2899,4,0.6,61089,5186,11.8,1,185972,7256,36,1.4,119974,6251,23.2,1.2,40531,4032,7.8,0.8,59489,4958,11.5,1,28716,2829,5.6,0.5,434682,6771,84.2,1.1,88205,5864,17.1,1.1
HI,Hawaii,1,509992,8672,18207,2250,3.6,0.5,19349,2081,3.8,0.4,126402,5637,24.8,1,109925,5684,21.6,1,58055,4098,11.4,0.8,118497,5384,23.2,0.9,59557,3107,11.7,0.6,472436,9291,92.6,0.6,178054,6489,34.9,1.1
HI,Hawaii,2,506514,7345,10572,1889,2.1,0.4,20387,2541,4,0.5,157455,7290,31.1,1.3,122896,6261,24.3,1.2,53696,3770,10.6,0.7,92114,4617,18.2,0.9,49394,3635,9.8,0.7,475555,7291,93.9,0.6,141508,5880,27.9,1.1
ID,Idaho,1,661724,6207,12452,2118,1.9,0.3,41976,3677,6.3,0.6,205140,8967,31,1.3,183158,8125,27.7,1.2,59297,4939,9,0.8,110571,6731,16.7,1,49130,4531,7.4,0.7,607296,7086,91.8,0.6,159701,7519,24.1,1.1
ID,Idaho,2,590690,6236,12020,2305,2,0.4,36656,3502,6.2,0.6,159307,6560,27,1.1,162494,5742,27.5,0.9,59596,4147,10.1,0.7,109434,4704,18.5,0.8,51183,3891,8.7,0.6,542014,6866,91.8,0.7,160617,5956,27.2,0.9
IL,Illinois,1,524114,13385,13382,2247,2.6,0.4,36079,4650,6.9,0.8,141235,7774,26.9,1.3,147033,6985,28.1,1.1,42550,4255,8.1,0.8,88916,4964,17,0.9,54919,3903,10.5,0.8,474653,12259,90.6,0.9,143835,6670,27.4,1.2
IL,Illinois,2,497132,10186,15982,2525,3.2,0.5,37616,2866,7.6,0.6,154265,6809,31,1.2,144163,8070,29,1.4,38427,3697,7.7,0.7,65329,5217,13.1,1,41350,3509,8.3,0.8,443534,10363,89.2,0.8,106679,5886,21.5,1.2
IL,Illinois,3,479004,11273,20411,3230,4.3,0.7,31844,2818,6.6,0.6,138119,7736,28.8,1.3,113600,6240,23.7,1.2,36894,3217,7.7,0.6,86940,4567,18.2,0.9,51196,3773,10.7,0.8,426749,10971,89.1,0.8,138136,5183,28.8,1
IL,Illinois,4,410804,10402,31711,3422,7.7,0.8,31795,3386,7.7,0.8,116237,6408,28.3,1.3,86500,5107,21.1,1.2,26307,3098,6.4,0.7,79404,4521,19.3,1,38850,3272,9.5,0.8,347298,9713,84.5,1.3,118254,5570,28.8,1.2
IL,Illinois,5,545831,13594,13658,2482,2.5,0.4,20600,2628,3.8,0.5,88159,5051,16.2,0.9,86996,5725,15.9,0.9,30022,3703,5.5,0.7,190524,6916,34.9,1.1,115872,5355,21.2,0.9,511573,12581,93.7,0.7,306396,8722,56.1,1.3
IL,Illinois,6,523796,7397,5724,1080,1.1,0.2,14778,2032,2.8,0.4,92688,5215,17.7,0.9,104221,5072,19.9,0.9,42065,3557,8,0.7,163509,4955,31.2,0.9,100811,4663,19.2,0.9,503294,7387,96.1,0.5,264320,5929,50.5,1.2
IL,Illinois,7,522767,13446,19914,3280,3.8,0.6,44571,4958,8.5,0.9,126591,6488,24.2,1.1,97863,6379,18.7,1.1,29955,2993,5.7,0.5,114874,5576,22,1,88999,5831,17,1,458282,12713,87.7,1.1,203873,7772,39,1.2
IL,Illinois,8,442009,9089,14574,2157,3.3,0.5,25703,2764,5.8,0.6,112359,5277,25.4,1.1,104972,5727,23.7,1.2,36554,3297,8.3,0.7,101932,5431,23.1,1.1,45915,3160,10.4,0.7,401732,9219,90.9,0.8,147847,6809,33.4,1.4
IL,Illinois,9,498242,10167,12446,2164,2.5,0.4,18151,2284,3.6,0.5,75642,4438,15.2,0.8,89548,5245,18,0.9,25709,2228,5.2,0.5,158190,6599,31.7,1.1,118556,4498,23.8,0.9,467645,10180,93.9,0.6,276746,8081,55.5,1.2
IL,Illinois,10,468255,7926,11965,1726,2.6,0.4,23059,2531,4.9,0.5,103944,5443,22.2,1.1,94552,4538,20.2,0.9,28798,2727,6.2,0.6,120239,5506,25.7,1,85698,4206,18.3,0.9,433231,7909,92.5,0.7,205937,6431,44,1.2
IL,Illinois,11,472244,8696,17113,2608,3.6,0.6,25704,2773,5.4,0.6,122116,7231,25.9,1.3,112340,5630,23.8,1.1,38441,3241,8.1,0.7,102807,5138,21.8,1.1,53723,3946,11.4,0.8,429427,8768,90.9,0.8,156530,6025,33.1,1.2
IL,Illinois,12,528398,3128,13675,2270,2.6,0.4,43253,3183,8.2,0.6,158926,5377,30.1,1,138129,5640,26.1,1.1,58073,4031,11,0.8,70358,4237,13.3,0.8,45984,3110,8.7,0.6,471470,4487,89.2,0.8,116342,4980,22,0.9
IL,Illinois,13,539012,6187,8353,1334,1.5,0.2,36483,3381,6.8,0.6,159955,5539,29.7,1.1,150405,5842,27.9,1,44338,3176,8.2,0.6,87182,4230,16.2,0.8,52296,3326,9.7,0.6,494176,5852,91.7,0.7,139478,5570,25.9,1
IL,Illinois,14,525729,7412,7422,1713,1.4,0.3,19212,2036,3.7,0.4,124492,6896,23.7,1.3,117595,6445,22.4,1.2,46380,3522,8.8,0.7,132966,7023,25.3,1.2,77662,4916,14.8,0.9,499095,7229,94.9,0.5,210628,7709,40.1,1.3
IL,Illinois,15,532371,4362,17323,1875,3.3,0.4,36130,2574,6.8,0.5,182687,4705,34.3,0.8,131779,4969,24.8,0.9,65834,3459,12.4,0.6,65766,4014,12.4,0.7,32852,2648,6.2,0.5,478918,5610,90,0.6,98618,4494,18.5,0.8
IL,Illinois,16,520730,4681,11612,1759,2.2,0.3,35477,2740,6.8,0.5,173370,5377,33.3,1,131365,4856,25.2,0.9,51308,3286,9.9,0.6,77192,4544,14.8,0.9,40406,2802,7.8,0.5,473641,5057,91,0.6,117598,5191,22.6,1
IL,Illinois,17,512994,5263,12791,1552,2.5,0.3,41460,3308,8.1,0.6,180323,5453,35.2,1,135030,5001,26.3,0.9,49490,2812,9.6,0.5,64298,3550,12.5,0.7,29602,2741,5.8,0.5,458743,5957,89.4,0.6,93900,4777,18.3,0.9
IL,Illinois,18,531334,6741,7398,1182,1.4,0.2,26188,2022,4.9,0.4,161404,5310,30.4,0.9,123574,5221,23.3,0.9,51059,3169,9.6,0.6,103186,4567,19.4,0.8,58525,3124,11,0.6,497748,6569,93.7,0.5,161711,5115,30.4,0.9
IN,Indiana,1,537218,2969,15827,2673,2.9,0.5,39082,3590,7.3,0.7,203110,6687,37.8,1.2,119820,5306,22.3,1,42828,3416,8,0.6,75903,4632,14.1,0.8,40648,3184,7.6,0.6,482309,4609,89.8,0.8,116551,5485,21.7,1
IN,Indiana,2,522778,3982,21594,2540,4.1,0.5,47509,3628,9.1,0.7,184043,5217,35.2,1,114242,4013,21.9,0.7,41276,2990,7.9,0.6,74939,3557,14.3,0.7,39175,2467,7.5,0.5,453675,5455,86.8,0.8,114114,4405,21.8,0.8
IN,Indiana,3,540022,2746,24962,3092,4.6,0.6,39506,3677,7.3,0.7,181653,5625,33.6,1,118858,4564,22,0.8,54516,3339,10.1,0.6,80216,4033,14.9,0.8,40311,3028,7.5,0.6,475554,4914,88.1,0.9,120527,4951,22.3,0.9
IN,Indiana,4,567094,4245,10609,2017,1.9,0.4,44664,4314,7.9,0.8,185184,6418,32.7,1.1,144319,5640,25.4,1,42189,4078,7.4,0.7,94729,4994,16.7,0.9,45400,3406,8,0.6,511821,6190,90.3,0.8,140129,5562,24.7,1
IN,Indiana,5,573500,6937,7874,1442,1.4,0.3,31757,3104,5.5,0.5,132283,5741,23.1,1,111666,5427,19.5,0.9,41307,3766,7.2,0.6,159493,7132,27.8,1.2,89120,5082,15.5,0.9,533869,7309,93.1,0.6,248613,7376,43.4,1.2
IN,Indiana,6,549035,2722,14539,2027,2.6,0.4,44936,3442,8.2,0.6,211907,7232,38.6,1.3,123259,6092,22.5,1.1,46997,3654,8.6,0.7,70573,5074,12.9,0.9,36824,3687,6.7,0.7,489560,4391,89.2,0.7,107397,6257,19.6,1.1
IN,Indiana,7,521076,6956,19219,3018,3.7,0.6,55057,4532,10.6,0.8,165068,6261,31.7,1.1,121074,6991,23.2,1.3,39679,3429,7.6,0.7,83617,4933,16,1,37362,3174,7.2,0.6,446800,7521,85.7,1,120979,6071,23.2,1.2
IN,Indiana,8,549149,2287,13854,1708,2.5,0.3,44235,2919,8.1,0.5,199238,6520,36.3,1.1,126328,5668,23,1,55295,3494,10.1,0.6,74429,4732,13.6,0.9,35770,3261,6.5,0.6,491060,4113,89.4,0.6,110199,5755,20.1,1.1
IN,Indiana,9,575308,3657,13440,2280,2.3,0.4,45094,3561,7.8,0.6,184388,6497,32.1,1.1,136666,5557,23.8,0.9,51280,3647,8.9,0.6,93652,5138,16.3,0.9,50788,4181,8.8,0.7,516774,5194,89.8,0.7,144440,6565,25.1,1.1
IA,Iowa,1,580187,2876,10403,1605,1.8,0.3,31841,2501,5.5,0.4,186334,4930,32.1,0.8,139524,5188,24,0.9,66233,3357,11.4,0.6,103434,4441,17.8,0.8,42418,2561,7.3,0.4,537943,3750,92.7,0.5,145852,5252,25.1,0.9
IA,Iowa,2,581525,2670,14502,2100,2.5,0.4,32181,3024,5.5,0.5,181637,5240,31.2,0.9,138368,5425,23.8,0.9,62570,3692,10.8,0.6,100403,4470,17.3,0.7,51864,3259,8.9,0.6,534842,5127,92,0.7,152267,5266,26.2,0.9
IA,Iowa,3,601044,3898,10445,1527,1.7,0.3,27957,3024,4.7,0.5,165086,6343,27.5,1,130362,4734,21.7,0.8,67070,4197,11.2,0.7,143505,5866,23.9,1,56619,4372,9.4,0.7,562642,4497,93.6,0.5,200124,7170,33.3,1.2
IA,Iowa,4,564463,2859,13685,1812,2.4,0.3,26732,2215,4.7,0.4,181685,4626,32.2,0.8,142529,4629,25.3,0.8,71368,3375,12.6,0.6,92602,4094,16.4,0.7,35862,2091,6.4,0.4,524046,3835,92.8,0.5,128464,4779,22.8,0.8
KS,Kansas,1,502712,3509,12442,1704,2.5,0.3,31720,3075,6.3,0.6,141894,4827,28.2,0.9,148118,5315,29.5,1.1,49034,2920,9.8,0.6,79479,4777,15.8,1,40025,2595,8,0.5,458550,3785,91.2,0.7,119504,5525,23.8,1.1
KS,Kansas,2,538594,2980,10243,1712,1.9,0.3,29071,2675,5.4,0.5,166239,5081,30.9,0.9,145338,5039,27,0.9,44292,2938,8.2,0.5,89919,4631,16.7,0.9,53492,3793,9.9,0.7,499280,3701,92.7,0.5,143411,5119,26.6,0.9
KS,Kansas,3,534532,3744,6396,1033,1.2,0.2,21154,2400,4,0.4,103781,4491,19.4,0.8,110692,4573,20.7,0.8,44127,2558,8.3,0.5,160373,5699,30,1.1,88009,4472,16.5,0.9,506982,3835,94.8,0.5,248382,5628,46.5,1.1
KS,Kansas,4,515676,3192,12731,1770,2.5,0.3,29123,2724,5.6,0.5,141880,5600,27.5,1.1,136403,5941,26.5,1.1,51216,4244,9.9,0.8,93325,4588,18.1,0.9,50998,3388,9.9,0.7,473822,3729,91.9,0.6,144323,5367,28,1
KY,Kentucky,1,552530,3169,26266,2487,4.8,0.5,50054,4440,9.1,0.8,213537,5985,38.6,1.1,125821,4937,22.8,0.9,45881,3281,8.3,0.6,55668,4176,10.1,0.7,35303,2745,6.4,0.5,476210,6102,86.2,0.9,90971,5413,16.5,1
KY,Kentucky,2,577362,4615,22663,2176,3.9,0.4,45724,4063,7.9,0.7,208390,6311,36.1,1.1,137329,5020,23.8,0.9,52998,4238,9.2,0.7,67449,4313,11.7,0.7,42809,2850,7.4,0.5,508975,6101,88.2,0.8,110258,5171,19.1,0.8
KY,Kentucky,3,553926,3786,14480,2197,2.6,0.4,38084,3585,6.9,0.6,148675,6642,26.8,1.2,132071,5379,23.8,1,46423,3770,8.4,0.7,106700,5214,19.3,0.9,67493,3905,12.2,0.7,501362,5459,90.5,0.8,174193,6445,31.4,1.2
KY,Kentucky,4,565232,4216,16810,2260,3,0.4,35959,2918,6.4,0.5,179790,5347,31.8,0.9,131274,5743,23.2,1,46361,2934,8.2,0.5,95591,4571,16.9,0.8,59447,3435,10.5,0.6,512463,5834,90.7,0.7,155038,5128,27.4,0.9
KY,Kentucky,5,537877,3689,50910,4204,9.5,0.8,62212,3921,11.6,0.7,210309,6448,39.1,1.1,107623,5484,20,1,38928,3192,7.2,0.6,36855,3197,6.9,0.6,31040,2909,5.8,0.5,424755,6259,79,1,67895,4621,12.6,0.9
KY,Kentucky,6,581992,4750,18838,2502,3.2,0.4,40094,3647,6.9,0.6,165357,6133,28.4,1,140327,5910,24.1,1,47850,3406,8.2,0.6,101591,4498,17.5,0.8,67935,4457,11.7,0.8,523060,6335,89.9,0.6,169526,6110,29.1,1.1
LA,Louisiana,1,594231,7375,22976,3215,3.9,0.5,46326,3707,7.8,0.6,181597,8281,30.6,1.3,133569,6806,22.5,1.2,37836,3414,6.4,0.6,113783,6149,19.1,1,58144,3772,9.8,0.6,524929,7623,88.3,0.8,171927,6946,28.9,1.1
LA,Louisiana,2,587115,8471,18967,2427,3.2,0.4,72122,5123,12.3,0.8,187613,8534,32,1.4,144049,6417,24.5,1.1,33507,3290,5.7,0.5,84066,4436,14.3,0.7,46791,3597,8,0.6,496026,8942,84.5,1,130857,5083,22.3,0.8
LA,Louisiana,3,577604,2928,28375,3231,4.9,0.6,61411,4719,10.6,0.8,212519,7251,36.8,1.3,128338,6608,22.2,1.1,31824,3252,5.5,0.6,81119,4193,14,0.7,34018,2906,5.9,0.5,487818,6243,84.5,1.1,115137,4701,19.9,0.8
LA,Louisiana,4,559310,2947,19471,2411,3.5,0.4,60020,4469,10.7,0.8,216739,7500,38.8,1.3,118730,5772,21.2,1,43715,3597,7.8,0.6,67763,5082,12.1,0.9,32872,3370,5.9,0.6,479819,5258,85.8,0.9,100635,5984,18,1.1
LA,Louisiana,5,555804,4901,26500,2383,4.8,0.4,70036,5023,12.6,0.9,217657,6740,39.2,1.2,125996,6409,22.7,1.1,29380,3163,5.3,0.6,58938,4297,10.6,0.8,27297,2645,4.9,0.5,459268,6544,82.6,1,86235,5304,15.5,0.9
LA,Louisiana,6,585015,7251,16394,2792,2.8,0.5,40897,4332,7,0.7,183341,8545,31.3,1.4,145679,8060,24.9,1.3,35651,3424,6.1,0.6,107690,6342,18.4,1.1,55363,4124,9.5,0.7,527724,6928,90.2,0.8,163053,6800,27.9,1.2
ME,Maine,1,546625,3606,9218,1729,1.7,0.3,21182,2484,3.9,0.5,148584,6006,27.2,1.1,118434,5266,21.7,0.9,49043,3093,9,0.6,125615,4788,23,0.9,74549,4019,13.6,0.7,516225,4663,94.4,0.6,200164,5976,36.6,1.1
ME,Maine,2,524036,3159,15382,2345,2.9,0.4,31342,2366,6,0.5,193922,5762,37,1.1,118291,4583,22.6,0.8,50258,3171,9.6,0.6,79583,3360,15.2,0.6,35258,2357,6.7,0.5,477312,4701,91.1,0.6,114841,4004,21.9,0.8
MD,Maryland,1,567926,5943,11726,1731,2.1,0.3,37787,3154,6.7,0.6,177042,5468,31.2,1,127075,5805,22.4,1,41891,2608,7.4,0.4,105136,5471,18.5,0.9,67269,4064,11.8,0.7,518413,6945,91.3,0.6,172405,7027,30.4,1.1
MD,Maryland,2,560167,10243,16574,3142,3,0.6,34985,3004,6.2,0.5,161499,8116,28.8,1.2,129727,6047,23.2,0.9,41263,3300,7.4,0.6,101022,5364,18,1,75097,4949,13.4,0.9,508608,10033,90.8,0.7,176119,6098,31.4,1.2
MD,Maryland,3,545892,12375,10209,2011,1.9,0.4,25162,3147,4.6,0.6,111377,6692,20.4,1.1,105942,6473,19.4,1.1,34241,3619,6.3,0.6,143984,6659,26.4,1,114977,5638,21.1,1,510521,11922,93.5,0.6,258961,8640,47.4,1.3
MD,Maryland,4,503398,11202,11427,1893,2.3,0.4,27961,2799,5.6,0.6,129278,5948,25.7,1.2,123933,7119,24.6,1.1,34678,3077,6.9,0.6,106875,6797,21.2,1.1,69246,4734,13.8,1,464010,11428,92.2,0.7,176121,7126,35,1.2
MD,Maryland,5,556897,9297,9108,1710,1.6,0.3,26920,3257,4.8,0.6,150696,6428,27.1,1.1,140038,6103,25.1,1,39331,2949,7.1,0.5,113166,5583,20.3,0.9,77638,3928,13.9,0.7,520869,10330,93.5,0.7,190804,7161,34.3,1.1
MD,Maryland,6,523698,8346,11779,2244,2.2,0.4,27784,2807,5.3,0.6,131280,5985,25.1,1.1,104816,5888,20,1,41238,3349,7.9,0.6,114476,5223,21.9,0.9,92325,5066,17.6,0.9,484135,9101,92.4,0.7,206801,7840,39.5,1.3
MD,Maryland,7,528398,10931,14993,1924,2.8,0.4,42520,3366,8,0.7,138110,7854,26.1,1.3,111925,6074,21.2,1,31056,2932,5.9,0.5,103203,5525,19.5,0.9,86591,5067,16.4,0.9,470885,11934,89.1,0.8,189794,7995,35.9,1.3
MD,Maryland,8,533774,9035,12011,2075,2.3,0.4,22567,3106,4.2,0.6,89808,4914,16.8,0.8,87569,5070,16.4,0.8,30438,2121,5.7,0.4,138741,5845,26,1.1,152640,5318,28.6,1,499196,8636,93.5,0.7,291381,6286,54.6,1.1
MA,Massachusetts,1,568024,5218,21501,2407,3.8,0.4,47878,3858,8.4,0.7,168513,6328,29.7,1.1,119025,5650,21,1,51702,3733,9.1,0.6,98511,5292,17.3,0.9,60894,3386,10.7,0.6,498645,5527,87.8,0.8,159405,5839,28.1,1
MA,Massachusetts,2,558962,8532,10877,1805,1.9,0.3,27394,2964,4.9,0.5,142691,5816,25.5,1,128700,5409,23,0.9,45337,3421,8.1,0.6,122005,5495,21.8,0.9,81958,4562,14.7,0.8,520691,9194,93.2,0.6,203963,6998,36.5,1
MA,Massachusetts,3,543580,9566,19912,2375,3.7,0.4,35924,3188,6.6,0.6,140895,6848,25.9,1.1,107707,5585,19.8,1,41539,3190,7.6,0.6,117417,5123,21.6,0.8,80186,4247,14.8,0.8,487744,9451,89.7,0.7,197603,7258,36.4,1.2
MA,Massachusetts,4,559943,7776,11369,1780,2,0.3,24581,2766,4.4,0.5,121145,5964,21.6,1.1,96416,5342,17.2,0.9,38926,3539,7,0.6,140418,5929,25.1,1,127088,6429,22.7,1.1,523993,7812,93.6,0.6,267506,6666,47.8,1
MA,Massachusetts,5,535109,10214,10528,1927,2,0.4,15012,2446,2.8,0.5,98703,5355,18.4,1,75536,4335,14.1,0.7,28827,2649,5.4,0.5,159445,6599,29.8,1,147058,5770,27.5,1,509569,10673,95.2,0.6,306503,8881,57.3,1.3
MA,Massachusetts,6,577241,6734,12735,2012,2.2,0.3,22809,2965,4,0.5,140305,6522,24.3,1.1,101221,5394,17.5,0.9,44564,3272,7.7,0.6,152611,5786,26.4,1,102996,4304,17.8,0.8,541697,6468,93.8,0.5,255607,7508,44.3,1.3
MA,Massachusetts,7,558430,11033,25821,3393,4.6,0.6,31702,3724,5.7,0.7,103504,6125,18.5,1.1,123204,6642,22.1,1.1,26449,3066,4.7,0.5,143773,6315,25.7,1,103977,5236,18.6,0.9,500907,11534,89.7,0.9,247750,8244,44.4,1.2
MA,Massachusetts,8,561241,10353,14964,2559,2.7,0.4,22735,2906,4.1,0.5,119668,6194,21.3,1,98794,4616,17.6,0.8,42482,3521,7.6,0.6,156558,6884,27.9,1.1,106040,4980,18.9,0.9,523542,8996,93.3,0.6,262598,7854,46.8,1.2
MA,Massachusetts,9,573274,7656,20503,2528,3.6,0.4,32699,3091,5.7,0.5,162931,6494,28.4,1.1,110891,6356,19.3,1.1,50771,3826,8.9,0.6,118636,5407,20.7,0.9,76843,4196,13.4,0.7,520072,7138,90.7,0.7,195479,7352,34.1,1.3
MI,Michigan,1,564858,1561,9793,1224,1.7,0.2,36336,2294,6.4,0.4,186144,5157,33,0.9,139849,5007,24.8,0.9,56267,2953,10,0.5,89162,3406,15.8,0.6,47307,2491,8.4,0.4,518729,2940,91.8,0.5,136469,4121,24.2,0.7
MI,Michigan,2,551323,4776,9933,1392,1.8,0.3,31859,3169,5.8,0.6,174642,6847,31.7,1.2,146931,5959,26.7,1.1,52975,3401,9.6,0.6,93328,4089,16.9,0.8,41655,3376,7.6,0.6,509531,5382,92.4,0.6,134983,4982,24.5,0.9
MI,Michigan,3,551028,4362,8238,1524,1.5,0.3,30859,2694,5.6,0.5,156293,5245,28.4,0.9,136932,5041,24.9,0.9,51216,3121,9.3,0.6,112209,4560,20.4,0.8,55281,2976,10,0.5,511931,4637,92.9,0.6,167490,5232,30.4,0.9
MI,Michigan,4,554938,2626,12192,1502,2.2,0.3,38199,3067,6.9,0.6,191898,4657,34.6,0.8,149293,4319,26.9,0.8,54823,3065,9.9,0.5,67991,3513,12.3,0.6,40542,2650,7.3,0.5,504547,4200,90.9,0.6,108533,4385,19.6,0.8
MI,Michigan,5,520558,2700,15810,2346,3,0.5,40216,3387,7.7,0.7,176679,6197,33.9,1.1,138006,4917,26.5,0.9,53758,3253,10.3,0.6,63145,4335,12.1,0.8,32944,2487,6.3,0.5,464532,4998,89.2,0.8,96089,5149,18.5,1
MI,Michigan,6,541981,3071,12744,1548,2.4,0.3,35945,2931,6.6,0.5,159576,5238,29.4,1,142047,5226,26.2,0.9,51155,3421,9.4,0.6,89738,4461,16.6,0.8,50776,3082,9.4,0.6,493292,4063,91,0.6,140514,5335,25.9,1
MI,Michigan,7,548462,2889,9235,1480,1.7,0.3,34581,3145,6.3,0.6,177551,5598,32.4,1,144184,4879,26.3,0.9,52211,3144,9.5,0.6,84659,3528,15.4,0.7,46041,2844,8.4,0.5,504646,3767,92,0.6,130700,4323,23.8,0.8
MI,Michigan,8,554462,5219,7238,1114,1.3,0.2,24262,2417,4.4,0.4,126429,5210,22.8,0.9,151037,4746,27.2,0.9,48014,3325,8.7,0.6,122938,5092,22.2,0.9,74544,4143,13.4,0.7,522962,5417,94.3,0.5,197482,6117,35.6,1
MI,Michigan,9,552114,6344,13567,1733,2.5,0.3,37795,3550,6.8,0.6,152491,6399,27.6,1,138059,4921,25,0.8,49408,3639,8.9,0.7,102506,4686,18.6,0.9,58288,3936,10.6,0.7,500752,6610,90.7,0.7,160794,6120,29.1,1.2
MI,Michigan,10,553804,5635,13316,1662,2.4,0.3,33455,3002,6,0.5,175993,4877,31.8,0.7,145237,5093,26.2,0.9,61063,2892,11,0.5,81127,3827,14.6,0.7,43613,2735,7.9,0.5,507033,6291,91.6,0.6,124740,5278,22.5,0.9
MI,Michigan,11,534817,6785,6943,1298,1.3,0.2,18181,1954,3.4,0.4,106280,4743,19.9,0.9,119626,5042,22.4,0.9,45347,3027,8.5,0.6,146777,4847,27.4,0.9,91663,4212,17.1,0.7,509693,6162,95.3,0.4,238440,6549,44.6,1.1
MI,Michigan,12,526943,7440,12059,1620,2.3,0.3,31508,3036,6,0.6,132700,5304,25.2,1,143023,5880,27.1,1,40587,2751,7.7,0.5,93822,4744,17.8,0.9,73244,3811,13.9,0.7,483376,6985,91.7,0.6,167066,5791,31.7,1
MI,Michigan,13,474739,8475,16791,2130,3.5,0.4,56117,3881,11.8,0.8,171156,6984,36.1,1.2,124222,6010,26.2,1.2,34310,3613,7.2,0.8,48351,3492,10.2,0.7,23792,2304,5,0.5,401831,7960,84.6,0.8,72143,4144,15.2,0.9
MI,Michigan,14,512851,9342,13291,2212,2.6,0.4,50257,4663,9.8,0.9,130078,5145,25.4,0.9,132529,5700,25.8,1,38470,3746,7.5,0.7,84144,4753,16.4,0.8,64082,3593,12.5,0.7,449303,9643,87.6,1,148226,5776,28.9,1
MN,Minnesota,1,500330,2914,11191,1278,2.2,0.3,25623,2117,5.1,0.4,145731,4576,29.1,0.9,117157,4202,23.4,0.9,62200,3156,12.4,0.6,95022,4189,19,0.8,43406,3120,8.7,0.6,463516,3545,92.6,0.5,138428,4454,27.7,0.9
MN,Minnesota,2,511914,3848,6801,1615,1.3,0.3,19991,2149,3.9,0.4,115471,4987,22.6,1,114408,4507,22.3,0.9,64360,3547,12.6,0.7,136504,5074,26.7,1,54379,3383,10.6,0.7,485122,4175,94.8,0.6,190883,5890,37.3,1.1
MN,Minnesota,3,517834,7590,6990,1780,1.3,0.3,14392,1938,2.8,0.4,92869,4854,17.9,0.9,103178,5321,19.9,0.9,47633,3297,9.2,0.6,169886,5769,32.8,1.1,82886,3924,16,0.8,496452,7692,95.9,0.5,252772,5751,48.8,1
MN,Minnesota,4,510862,5084,14355,2043,2.8,0.4,20873,2050,4.1,0.4,103156,4155,20.2,0.8,108603,5156,21.3,0.9,46707,3260,9.1,0.6,136824,4810,26.8,1,80344,4134,15.7,0.8,475634,5416,93.1,0.5,217168,4665,42.5,1
MN,Minnesota,5,517155,6617,11079,1728,2.1,0.3,20949,2009,4.1,0.4,94215,4490,18.2,0.8,113435,4481,21.9,0.8,39172,2994,7.6,0.6,157619,4749,30.5,0.8,80686,4251,15.6,0.8,485127,7028,93.8,0.5,238305,5869,46.1,0.9
MN,Minnesota,6,525551,4938,7139,1378,1.4,0.3,21214,2334,4,0.4,147962,5568,28.2,1,131594,5000,25,0.9,69220,3965,13.2,0.8,103398,4422,19.7,0.8,45024,3054,8.6,0.6,497198,5181,94.6,0.5,148422,5713,28.2,1.1
MN,Minnesota,7,495727,2489,10746,1392,2.2,0.3,26785,1897,5.4,0.4,159672,3903,32.2,0.8,121783,3570,24.6,0.7,73217,2872,14.8,0.6,75070,2893,15.1,0.6,28454,1689,5.7,0.3,458196,3265,92.4,0.4,103524,3572,20.9,0.7
MN,Minnesota,8,527541,1381,6488,912,1.2,0.2,32123,2069,6.1,0.4,164070,4274,31.1,0.8,141250,4377,26.8,0.8,66648,3047,12.6,0.6,81173,3477,15.4,0.7,35789,2172,6.8,0.4,488930,2638,92.7,0.4,116962,3763,22.2,0.7
MS,Mississippi,1,577880,2748,25710,3115,4.4,0.5,61515,4934,10.6,0.8,178253,6171,30.8,1.1,148330,5978,25.7,1,53761,4125,9.3,0.7,73625,4267,12.7,0.7,36686,3257,6.3,0.6,490655,6099,84.9,1,110311,5684,19.1,1
MS,Mississippi,2,523479,4699,27158,2654,5.2,0.5,61742,4747,11.8,0.9,156611,6212,29.9,1.1,134088,6126,25.6,1.1,49979,4244,9.5,0.8,61189,3902,11.7,0.7,32712,3037,6.2,0.6,434579,6537,83,1,93901,4546,17.9,0.9
MS,Mississippi,3,559913,5338,18828,2818,3.4,0.5,50887,3969,9.1,0.7,157990,7284,28.2,1.3,133449,6984,23.8,1.2,55055,4154,9.8,0.8,86826,5179,15.5,0.9,56878,3610,10.2,0.6,490198,6698,87.5,0.8,143704,6421,25.7,1.1
MS,Mississippi,4,579386,3131,21770,2925,3.8,0.5,49267,5407,8.5,0.9,176706,8330,30.5,1.4,144554,7545,24.9,1.3,66264,4102,11.4,0.7,76361,4914,13.2,0.8,44464,3781,7.7,0.7,508349,6880,87.7,1,120825,6539,20.9,1.1
MO,Missouri,1,549361,6958,12310,1956,2.2,0.4,43630,4346,7.9,0.8,145273,7150,26.4,1.2,139298,6824,25.4,1.2,42877,3982,7.8,0.7,99489,4233,18.1,0.8,66484,4062,12.1,0.7,493421,7733,89.8,0.8,165973,6059,30.2,1.1
MO,Missouri,2,575828,8830,5743,1149,1,0.2,22150,2250,3.8,0.4,112586,5665,19.6,0.9,121714,5891,21.1,1,46557,3324,8.1,0.6,157696,6511,27.4,1.1,109382,4128,19,0.7,547935,9091,95.2,0.4,267078,7126,46.4,1.1
MO,Missouri,3,602748,6241,12247,1544,2,0.3,42874,3649,7.1,0.6,192787,7024,32,1.1,148492,4997,24.6,0.8,54942,4267,9.1,0.7,99269,5177,16.5,0.9,52137,3993,8.6,0.6,547627,6408,90.9,0.6,151406,6650,25.1,1.1
MO,Missouri,4,584925,4248,17240,2390,2.9,0.4,39370,2766,6.7,0.5,192692,6024,32.9,1,159060,5979,27.2,1,45652,3227,7.8,0.5,82367,4592,14.1,0.8,48544,3784,8.3,0.6,528315,4751,90.3,0.6,130911,5276,22.4,0.9
MO,Missouri,5,573775,5681,11163,1799,1.9,0.3,37919,3546,6.6,0.6,181971,6542,31.7,1.1,146002,5644,25.4,1,41360,2901,7.2,0.5,101080,4532,17.6,0.8,54280,3983,9.5,0.7,524693,5961,91.4,0.7,155360,5946,27.1,1
MO,Missouri,6,583457,5275,12999,1822,2.2,0.3,38361,2934,6.6,0.5,191683,6604,32.9,1.1,141271,6134,24.2,1,44012,2930,7.5,0.5,103472,4418,17.7,0.7,51659,3514,8.9,0.6,532097,6730,91.2,0.6,155131,5544,26.6,0.9
MO,Missouri,7,595559,2710,16583,2335,2.8,0.4,44724,3325,7.5,0.6,190912,5720,32.1,1,164558,6385,27.6,1,48250,3603,8.1,0.6,86385,4889,14.5,0.8,44147,3338,7.4,0.6,534252,4487,89.7,0.7,130532,5504,21.9,0.9
MO,Missouri,8,567717,3947,25839,2643,4.6,0.5,61909,4350,10.9,0.7,217973,5912,38.4,1,125854,4939,22.2,0.8,44447,3087,7.8,0.5,57370,3924,10.1,0.7,34325,3182,6,0.6,479969,5722,84.5,0.8,91695,4765,16.2,0.9
MT,Montana,At-large,823668,2462,13693,1776,1.7,0.2,43308,2994,5.3,0.4,235406,6595,28.6,0.8,213870,7215,26,0.9,75647,4384,9.2,0.5,161452,4929,19.6,0.6,80292,3973,9.7,0.5,766667,4096,93.1,0.4,241744,6030,29.3,0.7
NE,Nebraska,1,473676,3971,9660,1562,2,0.3,19293,2228,4.1,0.5,124712,5087,26.3,1,118501,4351,25,0.9,55985,3546,11.8,0.8,99467,5081,21,1.1,46058,3257,9.7,0.7,444723,4378,93.9,0.6,145525,5583,30.7,1.2
NE,Nebraska,2,467041,4132,10190,1517,2.2,0.3,22645,2048,4.8,0.4,100349,4203,21.5,0.8,115551,4440,24.7,0.9,38525,2431,8.2,0.5,118383,4143,25.3,0.9,61398,3667,13.1,0.8,434206,4417,93,0.6,179781,4905,38.5,1.1
NE,Nebraska,3,439543,3065,12722,1833,2.9,0.4,26245,2262,6,0.5,139853,3959,31.8,0.9,115467,4456,26.3,1,50287,2851,11.4,0.7,66060,2888,15,0.7,28909,2125,6.6,0.5,400576,3913,91.1,0.6,94969,3946,21.6,0.9
NV,Nevada,1,418811,10703,19852,2585,4.7,0.6,47042,3896,11.2,0.8,142383,6274,34,1.2,113629,6267,27.1,1.3,30519,3091,7.3,0.7,45994,3337,11,0.8,19392,1850,4.6,0.4,351917,9937,84,1,65386,3931,15.6,0.9
NV,Nevada,2,531489,4280,11462,2013,2.2,0.4,31568,3169,5.9,0.6,143551,5454,27,1,154908,5628,29.1,1,53108,3801,10,0.7,88411,4576,16.6,0.9,48481,3234,9.1,0.6,488459,4817,91.9,0.7,136892,5704,25.8,1.1
NV,Nevada,3,607915,11250,8687,1758,1.4,0.3,29939,3437,4.9,0.6,158850,8385,26.1,1.2,170118,8115,28,1.1,51956,3683,8.5,0.6,121177,5583,19.9,0.9,67188,4127,11.1,0.7,569289,11424,93.6,0.7,188365,6380,31,1.1
NV,Nevada,4,516951,10773,14955,2180,2.9,0.4,45162,3993,8.7,0.8,163158,6709,31.6,1.2,144930,7012,28,1.1,42552,3094,8.2,0.6,69252,4723,13.4,0.9,36942,3183,7.1,0.6,456834,10385,88.4,0.8,106194,5851,20.5,1.1
NH,New Hampshire,1,540224,4909,10894,2091,2,0.4,25623,2860,4.7,0.5,148958,6829,27.6,1.2,116840,5465,21.6,1,54784,3413,10.1,0.6,116183,5490,21.5,1,66942,3331,12.4,0.6,503707,5837,93.2,0.7,183125,6052,33.9,1.1
NH,New Hampshire,2,529588,4458,10705,1986,2,0.4,25258,2658,4.8,0.5,158217,5570,29.9,1,106418,4796,20.1,0.9,47940,3308,9.1,0.6,111299,5228,21,1,69751,4112,13.2,0.8,493625,5733,93.2,0.6,181050,5839,34.2,1.1
NJ,New Jersey,1,542034,6191,16319,2754,3,0.5,31520,2731,5.8,0.5,165958,5841,30.6,1,123582,6556,22.8,1.1,41164,3478,7.6,0.6,107091,4539,19.8,0.8,56400,4034,10.4,0.7,494195,7111,91.2,0.7,163491,5856,30.2,1
NJ,New Jersey,2,531339,6456,19139,3004,3.6,0.6,35455,3023,6.7,0.6,179700,6493,33.8,1.2,111411,5655,21,1,44933,3348,8.5,0.6,92001,4208,17.3,0.7,48700,3533,9.2,0.7,476745,6808,89.7,0.7,140701,5348,26.5,1
NJ,New Jersey,3,570276,5881,11036,1569,1.9,0.3,28728,2799,5,0.5,171625,5905,30.1,1,125890,4710,22.1,0.8,46323,3024,8.1,0.5,124314,5112,21.8,0.9,62360,3378,10.9,0.6,530512,5715,93,0.5,186674,5805,32.7,1
NJ,New Jersey,4,539643,8273,7426,1739,1.4,0.3,22922,2943,4.2,0.5,138907,5880,25.7,1,101856,6389,18.9,1.1,42616,3218,7.9,0.6,146774,6037,27.2,1,79142,4049,14.7,0.8,509295,8943,94.4,0.6,225916,6670,41.9,1.2
NJ,New Jersey,5,527932,8667,9640,1697,1.8,0.3,18646,2199,3.5,0.4,120924,5463,22.9,1,95213,4816,18,0.8,38861,3646,7.4,0.6,156892,6551,29.7,1.1,87756,4805,16.6,0.9,499646,8881,94.6,0.5,244648,7353,46.3,1.2
NJ,New Jersey,6,502463,7651,18190,2310,3.6,0.5,27793,3246,5.5,0.6,138084,5391,27.5,1,112318,4987,22.4,0.9,34698,2764,6.9,0.5,110548,5672,22,1.1,60832,3760,12.1,0.7,456480,8229,90.8,0.7,171380,6716,34.1,1.3
NJ,New Jersey,7,527076,9094,8590,1270,1.6,0.2,18428,2204,3.5,0.4,104521,5935,19.8,1,88756,5448,16.8,1,30510,3026,5.8,0.6,160373,5919,30.4,1.1,115898,5518,22,1,500058,9554,94.9,0.5,276271,7384,52.4,1.3
NJ,New Jersey,8,425604,11139,32045,3727,7.5,0.8,30291,2942,7.1,0.7,114505,6188,26.9,1.3,75754,5252,17.8,1.1,22620,2517,5.3,0.6,98333,5741,23.1,1.1,52056,3664,12.2,0.8,363268,10229,85.4,0.9,150389,7141,35.3,1.4
NJ,New Jersey,9,481499,11594,24204,2647,5,0.6,28993,3373,6,0.7,141341,7503,29.4,1.3,97275,6333,20.2,1.1,25967,2723,5.4,0.6,113494,7008,23.6,1.4,50225,3767,10.4,0.8,428302,11484,89,0.9,163719,7625,34,1.5
NJ,New Jersey,10,496051,9959,21327,3070,4.3,0.6,36289,3809,7.3,0.7,149163,7360,30.1,1.4,109164,5188,22,1,30408,2567,6.1,0.5,99333,6693,20,1.2,50367,3437,10.2,0.7,438435,8877,88.4,0.9,149700,8045,30.2,1.5
NJ,New Jersey,11,548734,8988,8304,1197,1.5,0.2,17079,2051,3.1,0.4,114551,5883,20.9,1,81464,4174,14.8,0.7,32798,2890,6,0.5,173542,6636,31.6,1,120996,4792,22.1,0.9,523351,9399,95.4,0.4,294538,7671,53.7,1.1
NJ,New Jersey,12,505683,9993,12226,2219,2.4,0.4,25121,2940,5,0.6,116442,6395,23,1.2,94601,5844,18.7,1,30934,2947,6.1,0.6,131616,6297,26,1.1,94743,3803,18.7,0.8,468336,10058,92.6,0.7,226359,7428,44.8,1.3
NM,New Mexico,1,514775,6996,14575,2505,2.8,0.5,38448,3951,7.5,0.7,123565,7057,24,1.2,134273,5737,26.1,1.1,37779,3345,7.3,0.7,91242,4569,17.7,0.9,74893,4264,14.5,0.9,461752,6651,89.7,0.9,166135,5728,32.3,1.2
NM,New Mexico,2,484702,6155,25613,2874,5.3,0.6,50753,4266,10.5,0.9,144472,6878,29.8,1.3,130910,5923,27,1.2,37556,3679,7.7,0.8,59184,4214,12.2,0.9,36214,3148,7.5,0.6,408336,6881,84.2,0.9,95398,5492,19.7,1.1
NM,New Mexico,3,507907,5741,16244,1739,3.2,0.3,45208,3316,8.9,0.7,138477,5979,27.3,1.1,133972,5349,26.4,1,44223,2826,8.7,0.6,75882,4285,14.9,0.8,53901,3717,10.6,0.7,446455,6473,87.9,0.7,129783,5143,25.6,0.9
NY,New York,1,530436,8854,11716,1852,2.2,0.4,22721,3263,4.3,0.6,146227,6557,27.6,1.1,108727,5503,20.5,1,54503,4455,10.3,0.8,107773,6454,20.3,1.2,78769,4806,14.8,0.9,495999,9231,93.5,0.8,186542,7338,35.2,1.3
NY,New York,2,515987,10089,14938,1869,2.9,0.4,24165,2555,4.7,0.5,163159,7118,31.6,1.3,101117,5176,19.6,0.9,48398,3500,9.4,0.7,96309,4901,18.7,0.9,67901,4574,13.2,0.8,476884,9947,92.4,0.6,164210,6382,31.8,1
NY,New York,3,521235,9204,12083,1912,2.3,0.4,15479,2411,3,0.4,92304,4581,17.7,0.8,80942,5600,15.5,1,38732,2766,7.4,0.5,149877,5120,28.8,1,131818,4970,25.3,0.9,493673,8615,94.7,0.7,281695,7275,54,1.3
NY,New York,4,506457,8321,14448,2026,2.9,0.4,19140,2517,3.8,0.5,119211,5725,23.5,1,93213,4983,18.4,0.9,41524,3681,8.2,0.7,123603,5961,24.4,1.1,95318,4384,18.8,0.9,472869,8656,93.4,0.6,218921,7350,43.2,1.3
NY,New York,5,501784,12659,30580,3381,6.1,0.6,40856,3649,8.1,0.7,140344,6663,28,1.1,114537,6009,22.8,1.1,40504,3771,8.1,0.7,89820,5116,17.9,1,45143,3101,9,0.6,430348,11075,85.8,0.9,134963,5792,26.9,1.1
NY,New York,6,448065,12825,22673,2901,5.1,0.6,25120,2873,5.6,0.6,100527,6812,22.4,1.3,78484,4904,17.5,0.9,40118,4140,9,0.9,111528,5958,24.9,1.2,69615,4832,15.5,1.1,400272,12047,89.3,1,181143,8271,40.4,1.6
NY,New York,7,446196,14230,41149,4214,9.2,0.8,45605,4200,10.2,0.8,99671,7357,22.3,1.4,65023,5052,14.6,1.1,22128,2789,5,0.6,107616,6021,24.1,1.2,65004,4452,14.6,1,359442,11120,80.6,1.1,172620,6978,38.7,1.4
NY,New York,8,540660,13211,27000,3366,5,0.6,41189,3634,7.6,0.6,156102,8156,28.9,1.1,92901,5545,17.2,0.9,36933,3512,6.8,0.6,116774,5418,21.6,1.1,69761,3359,12.9,0.6,472471,12238,87.4,0.9,186535,6109,34.5,1.2
NY,New York,9,486880,12651,22883,2671,4.7,0.5,35096,3535,7.2,0.7,118321,6350,24.3,1.1,87241,5437,17.9,0.9,29969,2933,6.2,0.6,113807,5819,23.4,1.1,79563,4814,16.3,1,428901,11281,88.1,0.8,193370,7092,39.7,1.2
NY,New York,10,473542,10788,19000,2520,4,0.5,20070,2557,4.2,0.5,71311,4835,15.1,0.9,58966,4958,12.5,1,17104,2672,3.6,0.5,156063,7182,33,1.4,131028,6556,27.7,1.3,434472,10610,91.7,0.8,287091,8048,60.6,1.3
NY,New York,11,500998,8100,23412,2462,4.7,0.5,31674,3262,6.3,0.6,146260,6696,29.2,1.3,84487,4912,16.9,0.9,33972,2517,6.8,0.5,113826,5737,22.7,1.1,67367,4301,13.4,0.8,445912,8653,89,0.8,181193,6842,36.2,1.2
NY,New York,12,530252,14243,9944,1928,1.9,0.4,11765,2067,2.2,0.4,58965,5602,11.1,1,54444,5098,10.3,0.9,18603,2732,3.5,0.5,213640,8931,40.3,1.4,162891,7932,30.7,1.3,508543,13564,95.9,0.5,376531,10412,71,1.2
NY,New York,13,505003,13783,45480,4183,9,0.8,52923,4871,10.5,0.9,116625,8557,23.1,1.5,97645,6394,19.3,1,27711,3529,5.5,0.7,101544,6046,20.1,1.2,63075,5057,12.5,1,406600,11914,80.5,1,164619,7384,32.6,1.4
NY,New York,14,392398,12236,28934,3053,7.4,0.8,34023,3590,8.7,0.9,103936,6725,26.5,1.4,68842,4718,17.5,1,38092,3947,9.7,0.9,77500,4435,19.8,1.1,41071,3209,10.5,0.8,329441,11480,84,1.1,118571,5207,30.2,1.2
NY,New York,15,410819,11144,43443,4299,10.6,1.1,63045,4668,15.3,1.1,120551,8216,29.3,1.7,88448,6030,21.5,1.3,35746,4239,8.7,1,44672,4676,10.9,1,14914,2000,3.6,0.5,304331,12133,74.1,1.5,59586,4792,14.5,1.1
NY,New York,16,498243,10607,22025,2957,4.4,0.6,44135,4120,8.9,0.8,110388,6386,22.2,1.2,86548,6246,17.4,1.2,35996,3719,7.2,0.7,104749,6166,21,1.2,94402,4390,18.9,0.8,432083,9839,86.7,1,199151,7583,40,1.4
NY,New York,17,502861,6893,15011,2302,3,0.5,27055,3015,5.4,0.6,103228,5875,20.5,1.1,89675,5113,17.8,1,31641,2597,6.3,0.5,124810,6002,24.8,1.1,111441,4123,22.2,0.8,460795,7670,91.6,0.8,236251,7152,47,1.2
NY,New York,18,524373,5240,13184,2235,2.5,0.4,33335,3554,6.4,0.7,138460,7154,26.4,1.3,108005,5907,20.6,1.1,54987,4298,10.5,0.8,99202,4254,18.9,0.8,77200,4159,14.7,0.8,477854,5841,91.1,0.7,176402,5322,33.6,1
NY,New York,19,553713,5607,12382,1810,2.2,0.3,38099,3046,6.9,0.5,180308,6204,32.6,1.1,109863,4438,19.8,0.8,61407,3258,11.1,0.6,86884,4231,15.7,0.8,64770,3658,11.7,0.7,503232,6111,90.9,0.7,151654,5256,27.4,0.9
NY,New York,20,557251,5438,11855,2398,2.1,0.4,30341,2998,5.4,0.5,144020,6973,25.8,1.2,108879,5072,19.5,0.9,64695,4689,11.6,0.8,108983,5054,19.6,0.9,88478,4939,15.9,0.9,515055,6750,92.4,0.6,197461,6649,35.4,1.1
NY,New York,21,551303,4192,16698,2345,3,0.4,38600,3175,7,0.6,194736,5011,35.3,0.9,112276,4901,20.4,0.8,63520,3557,11.5,0.6,70568,3218,12.8,0.6,54905,3489,10,0.6,496005,5642,90,0.8,125473,4785,22.8,0.9
NY,New York,22,539437,3753,14642,1663,2.7,0.3,36008,3000,6.7,0.6,179578,5520,33.3,1,119746,4114,22.2,0.7,65355,3493,12.1,0.6,70741,3805,13.1,0.7,53367,3762,9.9,0.7,488787,4458,90.6,0.6,124108,4912,23,0.9
NY,New York,23,544564,3340,18587,2065,3.4,0.4,37095,3381,6.8,0.6,179495,5662,33,1,118875,3997,21.8,0.7,63438,3188,11.6,0.6,70304,3587,12.9,0.6,56770,3487,10.4,0.6,488882,5115,89.8,0.8,127074,5007,23.3,0.9
NY,New York,24,539797,2939,11763,1541,2.2,0.3,37238,3379,6.9,0.6,158002,5422,29.3,1,114039,4331,21.1,0.8,63677,3499,11.8,0.6,88030,3799,16.3,0.7,67048,3358,12.4,0.6,490796,4349,90.9,0.7,155078,5220,28.7,0.9
NY,New York,25,543698,4648,14162,1831,2.6,0.3,35686,3108,6.6,0.6,126748,5193,23.3,0.9,108770,4164,20,0.7,59614,3752,11,0.7,112460,4379,20.7,0.8,86258,3617,15.9,0.7,493850,5140,90.8,0.6,198718,5350,36.5,1
NY,New York,26,539694,5187,14560,1992,2.7,0.4,38176,3421,7.1,0.6,146000,5895,27.1,1,114829,5238,21.3,1,57892,3553,10.7,0.6,98034,4747,18.2,0.8,70203,3897,13,0.7,486958,6623,90.2,0.8,168237,6133,31.2,1.1
NY,New York,27,564383,5939,8541,1549,1.5,0.3,29189,2830,5.2,0.5,170217,6117,30.2,1,112414,4604,19.9,0.8,77305,4037,13.7,0.7,92489,4645,16.4,0.8,74228,4182,13.2,0.8,526653,6260,93.3,0.6,166717,5507,29.5,1
NC,North Carolina,1,566173,6735,20304,2524,3.6,0.4,51413,4416,9.1,0.8,164037,6864,29,1.2,132054,6685,23.3,1.1,48077,3062,8.5,0.5,91176,5389,16.1,0.9,59112,3845,10.4,0.7,494456,7444,87.3,0.8,150288,6703,26.5,1.2
NC,North Carolina,2,601142,7863,10786,1679,1.8,0.3,37067,3201,6.2,0.5,145278,6102,24.2,1,135285,6528,22.5,1.1,63189,5236,10.5,0.9,141071,6407,23.5,1,68466,4342,11.4,0.7,553289,8094,92,0.6,209537,7412,34.9,1.2
NC,North Carolina,3,579504,4996,17246,2516,3,0.4,43953,3661,7.6,0.6,175802,5407,30.3,0.9,152531,7157,26.3,1.2,61442,3914,10.6,0.7,85929,4838,14.8,0.8,42601,3160,7.4,0.5,518305,6614,89.4,0.7,128530,5920,22.2,1
NC,North Carolina,4,624834,7413,7044,1559,1.1,0.2,25433,3689,4.1,0.6,93039,5193,14.9,0.8,128496,7222,20.6,1.1,43302,3911,6.9,0.6,203436,7326,32.6,1.2,124084,5379,19.9,0.8,592357,8221,94.8,0.7,327520,6940,52.4,1.1
NC,North Carolina,5,572721,3131,18306,1995,3.2,0.3,51302,3920,9,0.7,163139,6406,28.5,1.1,143164,5611,25,1,54965,3946,9.6,0.7,93622,4847,16.3,0.8,48223,3554,8.4,0.6,503113,5331,87.8,0.8,141845,6132,24.8,1
NC,North Carolina,6,567392,5676,17938,1909,3.2,0.3,46521,4007,8.2,0.7,162821,5972,28.7,1,142372,5585,25.1,1,61424,3976,10.8,0.7,92441,5877,16.3,1,43875,3292,7.7,0.6,502933,6547,88.6,0.8,136316,6409,24,1.1
NC,North Carolina,7,613510,5769,14702,2222,2.4,0.4,49951,4230,8.1,0.7,171600,6800,28,1.1,157945,6903,25.7,1.1,65470,5267,10.7,0.9,104727,6225,17.1,1,49115,3566,8,0.6,548857,7671,89.5,0.9,153842,7457,25.1,1.2
NC,North Carolina,8,581896,5618,15442,2226,2.7,0.4,43292,3632,7.4,0.6,165047,6961,28.4,1.2,150451,6252,25.9,1.1,61657,4043,10.6,0.7,96263,5098,16.5,0.9,49744,4048,8.5,0.7,523162,5635,89.9,0.7,146007,6129,25.1,1
NC,North Carolina,9,561804,6951,16889,1892,3,0.3,45406,3468,8.1,0.6,142144,5571,25.3,1,122465,5624,21.8,1,45150,2992,8,0.5,127162,4573,22.6,0.8,62588,3464,11.1,0.6,499509,7612,88.9,0.7,189750,5654,33.8,0.9
NC,North Carolina,10,585102,4892,17667,2374,3,0.4,52820,3632,9,0.6,175345,6578,30,1.1,137346,6432,23.5,1.1,62071,3676,10.6,0.6,95374,4925,16.3,0.8,44479,2895,7.6,0.5,514615,5851,88,0.7,139853,5954,23.9,1
NC,North Carolina,11,604505,5083,19136,2524,3.2,0.4,53301,3947,8.8,0.7,177956,6505,29.4,1,141325,6495,23.4,1,61958,3874,10.2,0.6,96127,5937,15.9,1,54702,4300,9,0.7,532068,6605,88,0.8,150829,7850,25,1.3
NC,North Carolina,12,591843,7234,10567,2333,1.8,0.4,36235,3758,6.1,0.6,111910,7238,18.9,1.2,146130,6044,24.7,1,51052,3828,8.6,0.6,162829,7472,27.5,1.2,73120,4702,12.4,0.8,545041,6733,92.1,0.7,235949,8267,39.9,1.4
NC,North Carolina,13,579274,7005,14751,2380,2.5,0.4,48189,4334,8.3,0.7,158035,7335,27.3,1.2,147984,6531,25.5,1.1,54321,3733,9.4,0.7,106577,5801,18.4,0.9,49417,3250,8.5,0.6,516334,7852,89.1,0.8,155994,6034,26.9,1
ND,North Dakota,At-large,567351,3196,15546,1962,2.7,0.3,25287,2319,4.5,0.4,148841,4703,26.2,0.8,144944,5756,25.5,1,82195,4951,14.5,0.9,115082,5434,20.3,0.9,35456,2636,6.2,0.5,526518,4853,92.8,0.6,150538,5721,26.5,1
OH,Ohio,1,541695,5990,12480,2295,2.3,0.4,37906,3357,7,0.6,159131,6407,29.4,1.2,112921,5559,20.8,1,42517,3675,7.8,0.7,109523,6126,20.2,1.1,67217,3662,12.4,0.7,491309,6550,90.7,0.7,176740,7113,32.6,1.2
OH,Ohio,2,557971,6728,12806,1861,2.3,0.3,38836,3207,7,0.6,179331,6748,32.1,1.2,115407,5221,20.7,0.9,42885,3259,7.7,0.6,107448,5569,19.3,1,61258,3919,11,0.7,506329,7709,90.7,0.7,168706,6978,30.2,1.1
OH,Ohio,3,560963,8952,12033,1993,2.1,0.3,46819,3810,8.3,0.7,162352,5526,28.9,0.8,149107,7214,26.6,1.3,41456,3854,7.4,0.7,102291,5664,18.2,0.9,46905,4356,8.4,0.8,502111,8458,89.5,0.7,149196,6450,26.6,1.1
OH,Ohio,4,542874,4816,8396,1384,1.5,0.3,40645,2787,7.5,0.5,227241,5621,41.9,0.9,118829,5132,21.9,0.9,54698,3153,10.1,0.6,61147,3424,11.3,0.6,31918,2505,5.9,0.5,493833,5356,91,0.6,93065,4105,17.1,0.8
OH,Ohio,5,549171,4850,8179,1438,1.5,0.3,33024,2841,6,0.5,194792,6011,35.5,1.1,126171,4842,23,0.8,49952,3280,9.1,0.6,85505,4879,15.6,0.9,51548,3251,9.4,0.6,507968,5532,92.5,0.6,137053,6038,25,1.1
OH,Ohio,6,545803,4800,15035,2105,2.8,0.4,45891,3317,8.4,0.6,243105,6676,44.5,1.2,104787,5487,19.2,1,50815,3000,9.3,0.6,55394,3936,10.1,0.7,30776,2649,5.6,0.5,484877,5508,88.8,0.7,86170,4434,15.8,0.8
OH,Ohio,7,557024,7057,25543,2996,4.6,0.5,40928,3478,7.3,0.6,216413,5898,38.9,1,118866,4667,21.3,0.8,45198,3326,8.1,0.6,70596,4435,12.7,0.8,39480,3036,7.1,0.5,490553,7516,88.1,0.8,110076,4933,19.8,0.9
OH,Ohio,8,546406,2927,11657,2008,2.1,0.4,39929,2778,7.3,0.5,194706,5738,35.6,1,129108,5371,23.6,1,46735,3376,8.6,0.6,83985,5029,15.4,0.9,40286,3500,7.4,0.6,494820,4337,90.6,0.6,124271,6173,22.7,1.1
OH,Ohio,9,545749,8394,15058,2385,2.8,0.4,48500,3859,8.9,0.7,179845,6296,33,1.1,139469,6135,25.6,1,46334,3250,8.5,0.6,76917,4689,14.1,0.8,39626,2651,7.3,0.5,482191,8507,88.4,0.8,116543,5185,21.4,0.9
OH,Ohio,10,552514,2402,9937,1573,1.8,0.3,38545,3491,7,0.6,153389,4861,27.8,0.9,146059,5982,26.4,1.1,49346,3097,8.9,0.6,89308,4309,16.2,0.8,65930,3713,11.9,0.7,504032,3981,91.2,0.7,155238,4348,28.1,0.8
OH,Ohio,11,524803,8831,15282,1992,2.9,0.4,54749,4104,10.4,0.7,151651,5381,28.9,0.9,124933,6358,23.8,1.1,39417,3555,7.5,0.7,82102,4154,15.6,0.7,56669,3742,10.8,0.7,454772,8242,86.7,0.8,138771,4952,26.4,0.8
OH,Ohio,12,585940,7173,9882,1807,1.7,0.3,28982,2923,4.9,0.5,161706,6767,27.6,1,121457,5783,20.7,1,39600,3412,6.8,0.6,145735,5222,24.9,0.8,78578,4399,13.4,0.7,547076,7993,93.4,0.6,224313,7002,38.3,1.1
OH,Ohio,13,559931,7719,12042,2021,2.2,0.4,42021,4036,7.5,0.7,202284,5734,36.1,1,143217,6544,25.6,1.1,39416,3243,7,0.6,78664,4442,14,0.8,42287,3088,7.6,0.5,505868,7327,90.3,0.8,120951,5359,21.6,0.9
OH,Ohio,14,553668,6479,16280,2360,2.9,0.4,28544,2712,5.2,0.5,163375,6481,29.5,1.1,109869,4805,19.8,0.8,43396,3069,7.8,0.6,121554,4671,22,0.8,70650,3457,12.8,0.6,508844,7748,91.9,0.7,192204,6047,34.7,1
OH,Ohio,15,586092,6358,10635,1639,1.8,0.3,40687,3737,6.9,0.6,190377,6016,32.5,1,126001,6703,21.5,1.1,42927,3096,7.3,0.5,110222,5906,18.8,1,65243,4093,11.1,0.7,534770,6524,91.2,0.7,175465,7224,29.9,1.2
OH,Ohio,16,553316,8332,10777,1556,1.9,0.3,22848,1937,4.1,0.3,164323,6508,29.7,1.1,123950,6797,22.4,1.1,48612,3407,8.8,0.6,117209,4514,21.2,0.8,65597,3518,11.9,0.7,519691,8260,93.9,0.4,182806,5414,33,1
OK,Oklahoma,1,565812,2986,10635,1311,1.9,0.2,40682,1878,7.2,0.3,156559,4713,27.7,0.8,147183,3942,26,0.7,49828,2549,8.8,0.5,110571,3636,19.5,0.6,50354,3057,8.9,0.5,514495,3395,90.9,0.4,160925,4069,28.4,0.7
OK,Oklahoma,2,564213,2174,19429,1643,3.4,0.3,63222,3064,11.2,0.5,218810,3679,38.8,0.7,128176,3779,22.7,0.7,44414,2090,7.9,0.4,61249,2644,10.9,0.5,28913,2135,5.1,0.4,481562,3911,85.4,0.6,90162,3553,16,0.6
OK,Oklahoma,3,571661,2631,13873,1607,2.4,0.3,47362,2753,8.3,0.5,199176,5511,34.8,0.9,150474,5380,26.3,0.9,42061,2772,7.4,0.5,83205,4101,14.6,0.7,35510,2699,6.2,0.5,510426,3792,89.3,0.6,118715,5126,20.8,0.9
OK,Oklahoma,4,589702,4619,13067,1798,2.2,0.3,41027,2591,7,0.4,190794,6786,32.4,1.1,167764,5346,28.4,0.9,43067,3414,7.3,0.6,84048,3787,14.3,0.6,49935,3707,8.5,0.6,535608,5197,90.8,0.5,133983,5439,22.7,0.9
OK,Oklahoma,5,561277,5517,13775,2131,2.5,0.4,44123,4030,7.9,0.7,148804,5736,26.5,1,145781,5879,26,1,40854,3585,7.3,0.6,107536,5271,19.2,1,60404,3701,10.8,0.6,503379,6486,89.7,0.8,167940,6314,29.9,1.1
OR,Oregon,1,606198,6201,9339,1916,1.5,0.3,26679,2453,4.4,0.4,128013,5599,21.1,0.9,146233,5895,24.1,0.9,53496,4239,8.8,0.7,156276,5380,25.8,0.8,86162,4080,14.2,0.6,570180,6314,94.1,0.5,242438,7015,40,1
OR,Oregon,2,619186,4754,13268,2129,2.1,0.3,47630,3852,7.7,0.6,161388,5872,26.1,0.9,179946,5937,29.1,0.9,61291,4381,9.9,0.7,99261,4851,16,0.8,56402,3503,9.1,0.6,558288,6178,90.2,0.7,155663,5930,25.1,1
OR,Oregon,3,627716,5932,12960,1993,2.1,0.3,28825,2883,4.6,0.5,121458,5859,19.3,0.9,158417,6188,25.2,1,52252,3597,8.3,0.6,157586,6151,25.1,1,96218,4290,15.3,0.7,585931,6590,93.3,0.6,253804,7112,40.4,1.1
OR,Oregon,4,638548,5000,11701,2297,1.8,0.4,45999,4161,7.2,0.7,164956,6735,25.8,1.1,201222,7047,31.5,1,58029,3720,9.1,0.6,100115,4830,15.7,0.7,56526,3282,8.9,0.5,580848,6637,91,0.7,156641,5522,24.5,0.8
OR,Oregon,5,606523,6245,10875,1950,1.8,0.3,36398,3214,6,0.5,152097,7880,25.1,1.3,167719,6576,27.7,1,56373,4183,9.3,0.7,119939,5752,19.8,0.9,63122,3971,10.4,0.7,559250,6628,92.2,0.6,183061,6854,30.2,1.1
PA,Pennsylvania,1,544860,4939,8473,1374,1.6,0.2,22937,2688,4.2,0.5,156819,5281,28.8,1,97767,4719,17.9,0.8,42868,3233,7.9,0.6,134297,6308,24.6,1.1,81699,4440,15,0.8,513450,5566,94.2,0.5,215996,7177,39.6,1.2
PA,Pennsylvania,2,496510,12153,26299,3431,5.3,0.7,56776,4665,11.4,0.9,198771,8952,40,1.4,85428,5708,17.2,1,29704,3902,6,0.8,68370,5140,13.8,1.1,31162,3449,6.3,0.7,413435,10431,83.3,0.9,99532,6050,20,1.3
PA,Pennsylvania,3,564612,11678,11692,2206,2.1,0.4,42143,4570,7.5,0.8,157520,7327,27.9,1.2,116200,7150,20.6,1.1,27138,3005,4.8,0.5,117374,7281,20.8,1.2,92545,5556,16.4,1,510777,11429,90.5,0.9,209919,8227,37.2,1.3
PA,Pennsylvania,4,543723,4822,8807,1885,1.6,0.3,22739,2265,4.2,0.4,142022,6055,26.1,1.1,88390,4730,16.3,0.8,39064,3219,7.2,0.6,144278,5237,26.5,1,98423,3635,18.1,0.7,512177,5425,94.2,0.6,242701,6219,44.6,1.2
PA,Pennsylvania,5,519983,6115,10562,2074,2,0.4,31422,3125,6,0.6,160532,5865,30.9,1.1,99737,5340,19.2,1,37695,3449,7.2,0.7,106551,5162,20.5,0.9,73484,3165,14.1,0.6,477999,6411,91.9,0.7,180035,6331,34.6,1.1
PA,Pennsylvania,6,522912,4827,12563,1898,2.4,0.4,27757,2649,5.3,0.5,130458,6032,24.9,1.1,92678,3990,17.7,0.8,35515,3298,6.8,0.6,138750,4330,26.5,0.9,85191,4525,16.3,0.9,482592,5372,92.3,0.7,223941,5038,42.8,1
PA,Pennsylvania,7,552078,4662,15318,2339,2.8,0.4,35659,2999,6.5,0.5,189151,7068,34.3,1.2,111581,5922,20.2,1,48351,3413,8.8,0.6,94809,4307,17.2,0.8,57209,3667,10.4,0.7,501101,5451,90.8,0.6,152018,5193,27.5,1
PA,Pennsylvania,8,535133,5536,11439,2605,2.1,0.5,37736,3635,7.1,0.7,200538,6816,37.5,1.3,109953,5007,20.5,0.9,48725,3232,9.1,0.6,81079,4638,15.2,0.9,45663,3916,8.5,0.7,485958,6006,90.8,0.8,126742,6005,23.7,1.1
PA,Pennsylvania,9,555775,5005,16996,2148,3.1,0.4,42409,3512,7.6,0.6,240099,6289,43.2,1,97346,5206,17.5,0.9,47334,3479,8.5,0.6,73298,4274,13.2,0.8,38293,2451,6.9,0.4,496370,6304,89.3,0.8,111591,4981,20.1,0.9
PA,Pennsylvania,10,552761,5816,15277,2521,2.8,0.5,34073,3668,6.2,0.7,189962,7214,34.4,1.2,99038,4258,17.9,0.8,48044,3407,8.7,0.6,108486,5906,19.6,1,57881,3759,10.5,0.7,503411,6591,91.1,0.7,166367,7290,30.1,1.3
PA,Pennsylvania,11,553568,5995,35053,4201,6.3,0.8,42629,3580,7.7,0.6,202751,7321,36.6,1.2,91320,5601,16.5,1,41919,2852,7.6,0.5,92575,3842,16.7,0.7,47321,3757,8.5,0.7,475886,7899,86,0.9,139896,5360,25.3,0.9
PA,Pennsylvania,12,551022,3977,15618,1959,2.8,0.4,38952,2748,7.1,0.5,234876,4395,42.6,0.8,103919,4002,18.9,0.7,46333,2564,8.4,0.5,71193,3452,12.9,0.6,40131,2647,7.3,0.5,496452,4620,90.1,0.6,111324,4545,20.2,0.8
PA,Pennsylvania,13,545111,3919,13896,1825,2.5,0.3,40577,3032,7.4,0.6,241288,5545,44.3,1,99961,4842,18.3,0.9,48425,2768,8.9,0.5,62268,3558,11.4,0.6,38696,3220,7.1,0.6,490638,5483,90,0.7,100964,4939,18.5,0.9
PA,Pennsylvania,14,551164,2665,8357,1292,1.5,0.2,28415,2327,5.2,0.4,219548,5856,39.8,1.1,100379,4720,18.2,0.8,53868,3210,9.8,0.6,91121,4786,16.5,0.9,49476,3320,9,0.6,514392,3618,93.3,0.5,140597,5515,25.5,1
PA,Pennsylvania,15,548615,4573,13986,1959,2.5,0.4,34673,2185,6.3,0.4,246984,5527,45,0.9,91462,3649,16.7,0.7,51525,3049,9.4,0.5,72269,2929,13.2,0.5,37716,3061,6.9,0.6,499956,4408,91.1,0.5,109985,4251,20,0.8
PA,Pennsylvania,16,539710,2919,12118,1965,2.2,0.4,31769,2526,5.9,0.5,211587,4842,39.2,0.9,99574,3683,18.4,0.7,51589,2978,9.6,0.6,86897,4013,16.1,0.7,46176,2978,8.6,0.5,495823,3842,91.9,0.6,133073,4747,24.7,0.9
PA,Pennsylvania,17,559285,6462,5903,1064,1.1,0.2,20706,2330,3.7,0.4,159016,5698,28.4,1,99939,4548,17.9,0.7,56259,3640,10.1,0.6,136767,4371,24.5,0.8,80695,3931,14.4,0.7,532676,6951,95.2,0.4,217462,4724,38.9,0.9
PA,Pennsylvania,18,544390,6168,6755,1247,1.2,0.2,25046,2882,4.6,0.5,156418,5395,28.7,0.9,107772,4680,19.8,0.8,51636,2894,9.5,0.5,117979,5017,21.7,0.9,78784,3882,14.5,0.7,512589,6426,94.2,0.6,196763,5932,36.1,1
RI,Rhode Island,1,395409,6058,14274,1924,3.6,0.5,29304,3289,7.4,0.8,114324,7124,28.9,1.7,82383,5730,20.8,1.4,29031,2435,7.3,0.6,75455,4760,19.1,1.2,50638,4087,12.8,1,351831,6468,89,1,126093,6604,31.9,1.7
RI,Rhode Island,2,407668,6982,10748,2299,2.6,0.6,20558,2725,5,0.7,118228,5605,29,1.3,87561,4817,21.5,1.1,37944,3311,9.3,0.8,80864,4549,19.8,1,51765,4302,12.7,1,376362,7021,92.3,0.8,132629,6262,32.5,1.4
SC,South Carolina,1,613912,6942,8402,2015,1.4,0.3,33694,3601,5.5,0.6,147261,6774,24,1,132570,6254,21.6,1,56738,4663,9.2,0.7,149559,5657,24.4,0.9,85688,4773,14,0.8,571816,7698,93.1,0.6,235247,6960,38.3,1.1
SC,South Carolina,2,537342,7030,12192,1819,2.3,0.3,31646,3766,5.9,0.7,155524,7371,28.9,1.3,129295,7317,24.1,1.3,48002,4115,8.9,0.7,101285,5502,18.8,1,59398,4258,11.1,0.8,493504,7439,91.8,0.7,160683,6468,29.9,1.3
SC,South Carolina,3,534772,4868,23598,2624,4.4,0.5,55661,4384,10.4,0.8,167914,5793,31.4,1,120514,5529,22.5,1,55599,4324,10.4,0.8,70623,5115,13.2,0.9,40863,3254,7.6,0.6,455513,7097,85.2,0.9,111486,5920,20.8,1.1
SC,South Carolina,4,533533,6329,14123,2291,2.6,0.4,40243,3860,7.5,0.7,144256,5813,27,1,119282,5792,22.4,1,51575,3548,9.7,0.6,109232,5026,20.5,0.9,54822,3169,10.3,0.6,479167,7178,89.8,0.8,164054,5809,30.7,1.1
SC,South Carolina,5,552247,4381,16054,2279,2.9,0.4,52868,4115,9.6,0.8,175909,6959,31.9,1.2,129527,5907,23.5,1.1,54597,4006,9.9,0.7,83245,4532,15.1,0.8,40047,3830,7.3,0.7,483325,6544,87.5,0.9,123292,6178,22.3,1.1
SC,South Carolina,6,506843,10563,15227,2274,3,0.4,53208,3765,10.5,0.7,175995,8149,34.7,1.3,126565,5970,25,1.1,45647,4702,9,0.9,60929,4055,12,0.8,29272,2757,5.8,0.5,438408,9850,86.5,0.8,90201,4908,17.8,0.9
SC,South Carolina,7,571428,3454,18426,2746,3.2,0.5,54134,4032,9.5,0.7,200743,8330,35.1,1.4,125367,6266,21.9,1.1,58464,4571,10.2,0.8,74215,5175,13,0.9,40079,3466,7,0.6,498868,5423,87.3,0.8,114294,6170,20,1.1
SD,South Dakota,At-large,647089,2674,14171,1871,2.2,0.3,37075,3189,5.7,0.5,198743,6063,30.7,0.9,144419,5285,22.3,0.8,76351,4480,11.8,0.7,125006,4848,19.3,0.7,51324,3619,7.9,0.6,595843,4938,92.1,0.6,176330,5874,27.2,0.9
TN,Tennessee,1,563918,3157,25317,2696,4.5,0.5,48099,4236,8.5,0.8,212285,7438,37.6,1.3,130545,5748,23.1,1,39878,3377,7.1,0.6,68396,4596,12.1,0.8,39398,3714,7,0.7,490502,5811,87,0.8,107794,6343,19.1,1.1
TN,Tennessee,2,583056,3129,17390,2370,3,0.4,39983,3888,6.9,0.7,170864,6693,29.3,1.1,138825,5382,23.8,0.9,50247,3997,8.6,0.7,103401,5003,17.7,0.9,62346,3610,10.7,0.6,525683,4975,90.2,0.8,165747,6341,28.4,1.1
TN,Tennessee,3,571456,3926,20499,2616,3.6,0.5,48723,3972,8.5,0.7,182887,6882,32,1.2,143515,5956,25.1,1,48676,3645,8.5,0.6,80485,3961,14.1,0.7,46671,3865,8.2,0.7,502234,5400,87.9,0.8,127156,6063,22.3,1.1
TN,Tennessee,4,590540,4743,21878,2877,3.7,0.5,49220,4136,8.3,0.7,207359,7327,35.1,1.2,142942,6132,24.2,1,47520,4474,8,0.7,85399,5822,14.5,1,36222,3427,6.1,0.6,519442,6984,88,0.9,121621,6709,20.6,1.1
TN,Tennessee,5,563797,5435,13155,1981,2.3,0.3,36975,3634,6.6,0.6,136097,5934,24.1,1,126184,6015,22.4,1,35464,3134,6.3,0.6,135779,5423,24.1,0.9,80143,4816,14.2,0.9,513667,6343,91.1,0.7,215922,6613,38.3,1.1
TN,Tennessee,6,591603,3690,26937,3124,4.6,0.5,43027,3559,7.3,0.6,219478,6169,37.1,1,132632,6234,22.4,1,40519,3085,6.8,0.5,85377,4630,14.4,0.8,43633,3328,7.4,0.6,521639,5357,88.2,0.7,129010,5523,21.8,0.9
TN,Tennessee,7,578288,3700,17582,2259,3,0.4,43859,3203,7.6,0.6,180146,6784,31.2,1.2,121862,6161,21.1,1,45543,3644,7.9,0.6,113096,5248,19.6,0.9,56200,4680,9.7,0.8,516847,5196,89.4,0.7,169296,6209,29.3,1.1
TN,Tennessee,8,525277,4889,18116,2513,3.4,0.5,42833,3674,8.2,0.7,169280,5738,32.2,1,122651,5739,23.3,1.1,36762,3206,7,0.6,83897,4736,16,0.9,51738,3743,9.8,0.7,464328,6324,88.4,0.8,135635,5276,25.8,1
TN,Tennessee,9,507231,5835,14189,2611,2.8,0.5,50233,4662,9.9,0.9,166751,7890,32.9,1.6,130021,7351,25.6,1.4,29313,3388,5.8,0.7,75706,4873,14.9,0.9,41018,3658,8.1,0.7,442809,7275,87.3,0.9,116724,5815,23,1.1
TX,Texas,1,511974,4743,18830,2297,3.7,0.4,46087,5071,9,1,156657,7420,30.6,1.4,145772,6022,28.5,1.2,43087,3507,8.4,0.7,67560,4677,13.2,0.9,33981,3144,6.6,0.6,447057,6638,87.3,1.1,101541,5668,19.8,1.1
TX,Texas,2,520180,17389,11793,2082,2.3,0.4,24897,3957,4.8,0.7,110070,8984,21.2,1.4,119188,7807,22.9,1.3,39555,3856,7.6,0.7,139402,7049,26.8,1.3,75275,5758,14.5,1.1,483490,16388,92.9,0.9,214677,9392,41.3,1.6
TX,Texas,3,563318,7999,8645,1700,1.5,0.3,14975,2756,2.7,0.5,94468,5586,16.8,0.9,128087,6720,22.7,1.1,40702,3781,7.2,0.7,179942,7464,31.9,1.2,96499,5402,17.1,0.9,539698,8500,95.8,0.6,276441,8842,49.1,1.4
TX,Texas,4,543354,5315,12838,1810,2.4,0.3,38195,3082,7,0.6,185066,7634,34.1,1.3,142801,5951,26.3,1.1,44708,4143,8.2,0.8,81208,4449,14.9,0.8,38538,3458,7.1,0.6,492321,5775,90.6,0.6,119746,5966,22,1.1
TX,Texas,5,480610,7387,16829,2022,3.5,0.4,46937,4177,9.8,0.9,155923,6151,32.4,1.2,130104,6252,27.1,1.2,31560,3345,6.6,0.7,65144,4501,13.6,0.9,34113,3127,7.1,0.6,416844,8456,86.7,1,99257,5105,20.7,1
TX,Texas,6,554709,11109,13154,2406,2.4,0.4,31777,3399,5.7,0.6,147335,7598,26.6,1.2,158199,9006,28.5,1.5,48151,4471,8.7,0.8,105062,6953,18.9,1.2,51031,4522,9.2,0.8,509778,10682,91.9,0.8,156093,7559,28.1,1.4
TX,Texas,7,448262,17967,10368,2246,2.3,0.5,19913,3083,4.4,0.7,66639,7211,14.9,1.4,99713,8391,22.2,1.4,30932,4210,6.9,0.9,138442,9125,30.9,1.7,82255,6299,18.3,1.4,417981,18086,93.2,0.8,220697,10154,49.2,1.7
TX,Texas,8,584039,8995,17410,3218,3,0.5,37689,3727,6.5,0.6,155417,8482,26.6,1.4,152589,8284,26.1,1.4,44233,4329,7.6,0.7,123230,7489,21.1,1.3,53471,5331,9.2,0.9,528940,8823,90.6,0.7,176701,9197,30.3,1.5
TX,Texas,9,445634,16319,25222,3592,5.7,0.8,39474,4771,8.9,1,128128,9452,28.8,1.7,119357,8143,26.8,1.6,28687,4093,6.4,0.9,68378,5065,15.3,1.1,36388,4241,8.2,0.9,380938,14586,85.5,1.2,104766,6658,23.5,1.4
TX,Texas,10,593629,15051,16790,2795,2.8,0.5,29862,3775,5,0.6,127610,8028,21.5,1.1,140595,7979,23.7,1.2,40149,4995,6.8,0.8,157916,7679,26.6,1.2,80707,5554,13.6,0.9,546977,15046,92.1,0.8,238623,9102,40.2,1.3
TX,Texas,11,542570,6851,24329,3419,4.5,0.6,53711,4579,9.9,0.8,166071,6997,30.6,1.2,146282,6631,27,1.2,40536,3685,7.5,0.7,80036,5030,14.8,0.9,31605,2949,5.8,0.5,464530,7052,85.6,1,111641,5856,20.6,1.1
TX,Texas,12,572411,11504,15056,2630,2.6,0.5,36154,4089,6.3,0.7,163838,9411,28.6,1.4,133565,6702,23.3,1.1,47514,3090,8.3,0.5,119430,5415,20.9,0.9,56854,4815,9.9,0.8,521201,11066,91.1,0.9,176284,7376,30.8,1.2
TX,Texas,13,493390,5774,19071,2139,3.9,0.4,42072,3328,8.5,0.6,159735,5403,32.4,1,134726,5139,27.3,1,38262,2888,7.8,0.6,69190,4190,14,0.9,30334,2599,6.1,0.5,432247,6205,87.6,0.9,99524,4953,20.2,1
TX,Texas,14,532153,6811,16459,2257,3.1,0.4,45405,4226,8.5,0.8,155103,7729,29.1,1.3,142733,7191,26.8,1.3,46284,3151,8.7,0.6,89302,5912,16.8,1.1,36867,3845,6.9,0.7,470289,7581,88.4,0.9,126169,6806,23.7,1.3
TX,Texas,15,435170,10959,32919,3305,7.6,0.7,50370,5033,11.6,1.1,121086,7005,27.8,1.5,112675,6858,25.9,1.3,26700,2702,6.1,0.6,64097,5675,14.7,1.3,27323,3027,6.3,0.7,351881,9634,80.9,1.3,91420,6623,21,1.5
TX,Texas,16,458940,7531,32928,3165,7.2,0.7,28235,3331,6.2,0.7,109917,5442,24,1.1,137063,6173,29.9,1.3,39493,4327,8.6,0.9,74350,4477,16.2,1,36954,3348,8.1,0.7,397777,8240,86.7,1,111304,5228,24.3,1.1
TX,Texas,17,550601,9229,12257,1796,2.2,0.3,38144,4691,6.9,0.8,142991,7599,26,1.3,155411,6807,28.2,1.1,46023,4213,8.4,0.8,102303,6183,18.6,1,53472,3817,9.7,0.7,500200,9362,90.8,0.9,155775,7316,28.3,1.2
TX,Texas,18,480387,17751,25920,3025,5.4,0.6,43522,4888,9.1,0.9,141147,8694,29.4,1.4,120080,9087,25,1.5,29586,2861,6.2,0.6,80038,4733,16.7,0.9,40094,4102,8.3,0.8,410945,15799,85.5,1.1,120132,6417,25,1.2
TX,Texas,19,509891,4649,23661,2382,4.6,0.5,46951,3976,9.2,0.8,157415,5892,30.9,1.1,139405,5409,27.3,1,33887,3319,6.6,0.6,75497,4931,14.8,1,33075,2865,6.5,0.6,439279,5827,86.2,0.9,108572,5720,21.3,1.1
TX,Texas,20,549483,15793,27712,3145,5,0.5,48629,4670,8.8,0.8,157025,8638,28.6,1.3,141805,7885,25.8,1.2,47680,4289,8.7,0.8,84894,5656,15.4,1,41738,3673,7.6,0.6,473142,13654,86.1,1,126632,7093,23,1.2
TX,Texas,21,622228,13955,10205,1823,1.6,0.3,26047,3782,4.2,0.6,121992,7061,19.6,1.1,157308,8064,25.3,1.2,39541,3466,6.4,0.6,173724,8270,27.9,1.2,93411,6203,15,0.9,585976,12375,94.2,0.6,267135,10410,42.9,1.4
TX,Texas,22,577164,14484,15242,2921,2.6,0.5,23700,2758,4.1,0.5,115783,7755,20.1,1.2,141733,9535,24.6,1.4,42643,4279,7.4,0.7,149108,8767,25.8,1.4,88955,6020,15.4,1,538222,14653,93.3,0.7,238063,10356,41.2,1.6
TX,Texas,23,507547,12255,38650,3955,7.6,0.7,53003,4536,10.4,0.9,152661,8211,30.1,1.4,120113,7296,23.7,1.2,36111,4200,7.1,0.8,67459,4560,13.3,0.8,39550,3268,7.8,0.7,415894,11463,81.9,1.1,107009,5749,21.1,1.1
TX,Texas,24,503766,10913,8057,1518,1.6,0.3,20675,2638,4.1,0.5,90158,6429,17.9,1.1,115974,6433,23,1.1,41621,3658,8.3,0.8,153596,7025,30.5,1.3,73685,3681,14.6,0.7,475034,10245,94.3,0.6,227281,7427,45.1,1.3
TX,Texas,25,570238,11587,15154,2002,2.7,0.3,34531,3535,6.1,0.6,140774,6626,24.7,1.1,140900,8260,24.7,1.2,34915,3526,6.1,0.6,127533,6674,22.4,1,76431,5103,13.4,0.9,520553,11813,91.3,0.6,203964,8500,35.8,1.3
TX,Texas,26,605249,8073,9183,1634,1.5,0.3,25823,3460,4.3,0.6,114186,7022,18.9,1.1,161362,7697,26.7,1.2,42384,3598,7,0.6,174182,8003,28.8,1.2,78129,5282,12.9,0.9,570243,8217,94.2,0.6,252311,8305,41.7,1.2
TX,Texas,27,517267,6497,25356,2584,4.9,0.5,50656,4089,9.8,0.8,168156,6687,32.5,1.2,137109,5323,26.5,1,40821,3248,7.9,0.6,64258,4411,12.4,0.8,30911,2894,6,0.6,441255,6814,85.3,0.9,95169,5350,18.4,1
TX,Texas,28,434305,11134,35638,3035,8.2,0.7,48991,4374,11.3,0.9,126697,7041,29.2,1.3,107954,6009,24.9,1.2,35198,4203,8.1,0.9,54857,4875,12.6,1.1,24970,3305,5.7,0.8,349676,10295,80.5,1.1,79827,5946,18.4,1.4
TX,Texas,29,369239,12870,40532,3784,11,1,51191,5054,13.9,1.3,121854,7973,33,1.7,87121,6372,23.6,1.6,23151,3238,6.3,0.9,31767,3527,8.6,0.9,13623,2931,3.7,0.8,277516,11290,75.2,1.4,45390,4586,12.3,1.1
TX,Texas,30,479082,11936,24579,3169,5.1,0.6,44705,3949,9.3,0.8,149604,7950,31.2,1.4,125965,8041,26.3,1.6,29569,3765,6.2,0.7,71420,4977,14.9,1,33240,3010,6.9,0.6,409798,11654,85.5,1.1,104660,5637,21.8,1.2
TX,Texas,31,602236,5813,11734,2500,1.9,0.4,27478,2789,4.6,0.5,146309,6267,24.3,1,157690,6525,26.2,1.1,58782,4373,9.8,0.7,133819,6594,22.2,1.1,66424,4513,11,0.7,563024,6688,93.5,0.7,200243,7902,33.2,1.3
TX,Texas,32,505867,10389,13515,2311,2.7,0.4,20925,3067,4.1,0.6,93516,5518,18.5,1.1,112584,7130,22.3,1.2,32282,2701,6.4,0.5,144523,5571,28.6,1,88522,5315,17.5,1,471427,10384,93.2,0.8,233045,7175,46.1,1.2
TX,Texas,33,360226,12748,31822,3040,8.8,0.8,51271,4885,14.2,1.3,129159,7264,35.9,1.6,82816,6306,23,1.4,19899,2452,5.5,0.7,32501,3115,9,0.9,12758,2056,3.5,0.6,277133,10983,76.9,1.5,45259,3484,12.6,0.9
TX,Texas,34,424863,9876,37002,3265,8.7,0.7,56102,5060,13.2,1.1,138012,7246,32.5,1.5,98966,5557,23.3,1.3,30221,3517,7.1,0.8,43871,4171,10.3,1,20689,2408,4.9,0.6,331759,8601,78.1,1.3,64560,4990,15.2,1.1
TX,Texas,35,532967,13421,25979,3268,4.9,0.6,47413,4142,8.9,0.7,176969,9159,33.2,1.4,128943,7509,24.2,1.3,37367,3863,7,0.7,84615,5535,15.9,1,31681,3321,5.9,0.6,459575,12671,86.2,0.9,116296,6081,21.8,1.1
TX,Texas,36,519385,9934,20352,2894,3.9,0.6,53698,5477,10.3,1,178104,7635,34.3,1.4,135197,8411,26,1.4,40886,3682,7.9,0.7,62026,5022,11.9,0.9,29122,3194,5.6,0.6,445335,10391,85.7,1.1,91148,5931,17.5,1.1
UT,Utah,1,521517,4200,6163,1293,1.2,0.2,31278,3262,6,0.6,136499,6076,26.2,1.1,149871,5024,28.7,1,50547,3306,9.7,0.6,102135,4241,19.6,0.8,45024,2746,8.6,0.5,484076,5237,92.8,0.7,147159,4746,28.2,0.9
UT,Utah,2,529608,7295,8771,1703,1.7,0.3,31073,3019,5.9,0.6,132552,4923,25,0.9,140241,6141,26.5,1.1,54991,4546,10.4,0.8,103535,5695,19.5,1,58445,3607,11,0.7,489764,7447,92.5,0.6,161980,6996,30.6,1.3
UT,Utah,3,517848,6002,4598,1145,0.9,0.2,20274,2266,3.9,0.4,95880,4554,18.5,0.8,159756,4805,30.8,0.9,53701,3041,10.4,0.6,120570,4466,23.3,0.9,63069,3513,12.2,0.7,492976,6138,95.2,0.5,183639,5370,35.5,1
UT,Utah,4,518368,8401,8612,1757,1.7,0.3,29913,3500,5.8,0.6,130940,6489,25.3,1.1,139902,6251,27,1.1,55582,3833,10.7,0.7,106008,5352,20.5,1,47411,3373,9.1,0.6,479843,7960,92.6,0.7,153419,6563,29.6,1.3
VT,Vermont,At-large,500274,2062,8442,1427,1.7,0.3,24270,3041,4.9,0.6,148257,5370,29.6,1.1,103584,4424,20.7,0.9,39333,2772,7.9,0.6,109047,4442,21.8,0.9,67341,2998,13.5,0.6,467562,4027,93.5,0.7,176388,5276,35.3,1
VA,Virginia,1,590281,8602,14383,2258,2.4,0.4,30751,3193,5.2,0.5,162409,7471,27.5,1.2,129072,6183,21.9,1,45670,3622,7.7,0.6,129361,5261,21.9,0.9,78635,4499,13.3,0.8,545147,8358,92.4,0.7,207996,6902,35.2,1.1
VA,Virginia,2,559397,6204,7604,1453,1.4,0.3,27051,2974,4.8,0.5,133312,5423,23.8,1,155611,5828,27.8,1,51050,3662,9.1,0.6,113919,5455,20.4,1,70850,3819,12.7,0.7,524742,6013,93.8,0.6,184769,6184,33,1.1
VA,Virginia,3,559137,7090,11991,2006,2.1,0.4,39245,3896,7,0.7,160058,6621,28.6,1.1,157950,6503,28.2,1.1,51175,3694,9.2,0.7,87587,4642,15.7,0.8,51131,3773,9.1,0.6,507901,7952,90.8,0.8,138718,5954,24.8,1
VA,Virginia,4,579606,9665,16972,2467,2.9,0.4,48195,4480,8.3,0.8,166977,7912,28.8,1.2,141145,6554,24.4,1,44399,3782,7.7,0.7,102397,4738,17.7,0.8,59521,3606,10.3,0.6,514439,10354,88.8,0.9,161918,5629,27.9,1
VA,Virginia,5,578531,7084,19782,2161,3.4,0.4,49096,4347,8.5,0.7,181013,6069,31.3,1,130059,5356,22.5,0.9,42943,3100,7.4,0.5,93319,5321,16.1,0.9,62319,3571,10.8,0.6,509653,7423,88.1,0.9,155638,6166,26.9,1
VA,Virginia,6,582756,4662,16493,1745,2.8,0.3,44649,3953,7.7,0.7,198634,6701,34.1,1.1,129331,5556,22.2,0.9,45022,3500,7.7,0.6,95417,5064,16.4,0.9,53210,4174,9.1,0.7,521614,6242,89.5,0.8,148627,6380,25.5,1.1
VA,Virginia,7,588061,8567,15614,2366,2.7,0.4,35687,3510,6.1,0.6,155344,7292,26.4,1.1,121679,6055,20.7,1,40984,3204,7,0.5,138251,6111,23.5,1,80502,4422,13.7,0.7,536760,8112,91.3,0.7,218753,7154,37.2,1.2
VA,Virginia,8,533417,10149,11602,2257,2.2,0.4,14064,2186,2.6,0.4,64619,5702,12.1,1,68068,4217,12.8,0.7,29638,2685,5.6,0.5,172796,6688,32.4,1.1,172630,5226,32.4,1,507751,9896,95.2,0.6,345426,7387,64.8,1.2
VA,Virginia,9,567315,4437,30760,2730,5.4,0.5,53639,4209,9.5,0.7,185195,6855,32.6,1.2,137538,6632,24.2,1.1,52281,3686,9.2,0.7,64088,4219,11.3,0.7,43814,3842,7.7,0.7,482916,6670,85.1,1,107902,5580,19,1
VA,Virginia,10,565197,8256,8115,1461,1.4,0.3,22691,2661,4,0.5,95847,4828,17,0.8,95638,5651,16.9,0.9,35190,2942,6.2,0.5,171923,6208,30.4,1,135793,6243,24,1.1,534391,8783,94.5,0.6,307716,8801,54.4,1.4
VA,Virginia,11,509988,10817,10259,2013,2,0.4,21190,2909,4.2,0.5,70213,4603,13.8,0.8,93911,5958,18.4,1.1,33734,3511,6.6,0.6,153067,5962,30,1.1,127614,5163,25,1,478539,9964,93.8,0.7,280681,7688,55,1.3
WA,Washington,1,519555,10068,8117,1769,1.6,0.3,21272,2968,4.1,0.6,111183,6287,21.4,1,128958,5361,24.8,1,52577,4063,10.1,0.8,132406,6228,25.5,1.1,65042,4020,12.5,0.8,490166,10174,94.3,0.7,197448,7610,38,1.3
WA,Washington,2,558321,7945,10157,2188,1.8,0.4,28630,3007,5.1,0.5,134157,5926,24,1,153650,6378,27.5,1.1,62004,3552,11.1,0.6,110587,5592,19.8,1,59136,3671,10.6,0.6,519534,7317,93.1,0.6,169723,7057,30.4,1.2
WA,Washington,3,544994,4118,7448,1277,1.4,0.2,31736,2830,5.8,0.5,150910,5497,27.7,1,151676,4998,27.8,0.9,65612,3604,12,0.7,90822,4286,16.7,0.8,46790,3263,8.6,0.6,505810,4606,92.8,0.6,137612,4640,25.3,0.9
WA,Washington,4,443137,5909,21318,3522,4.8,0.8,40190,3930,9.1,0.9,127794,5853,28.8,1.2,114101,5070,25.7,1.1,41301,3338,9.3,0.8,62503,4385,14.1,1,35930,3507,8.1,0.8,381629,6318,86.1,1.2,98433,5155,22.2,1.2
WA,Washington,5,551532,3876,7590,1354,1.4,0.2,30545,2934,5.5,0.5,133086,5069,24.1,0.9,160402,5604,29.1,1,70858,3848,12.8,0.7,96781,4309,17.5,0.8,52270,3284,9.5,0.6,513397,4509,93.1,0.6,149051,5495,27,1
WA,Washington,6,570991,6932,8491,1689,1.5,0.3,31190,3287,5.5,0.6,139666,5745,24.5,0.9,156052,5847,27.3,1,65801,4554,11.5,0.8,104288,4752,18.3,0.8,65503,3891,11.5,0.7,531310,6741,93.1,0.6,169791,6059,29.7,1
WA,Washington,7,600321,11081,7538,1870,1.3,0.3,14079,2571,2.3,0.4,65331,4575,10.9,0.8,115927,6066,19.3,0.9,43354,3953,7.2,0.6,218975,8988,36.5,1.3,135117,4988,22.5,0.8,578704,10956,96.4,0.5,354092,10250,59,1.3
WA,Washington,8,522952,10928,7891,1727,1.5,0.3,25808,3231,4.9,0.6,131034,6190,25.1,1,128630,6776,24.6,1.2,54068,4630,10.3,0.8,114799,5176,22,1,60722,3936,11.6,0.7,489253,10301,93.6,0.7,175521,7034,33.6,1.3
WA,Washington,9,499184,11809,13959,2364,2.8,0.5,23194,2745,4.6,0.5,104160,5849,20.9,1,110487,6259,22.1,1.1,44581,3158,8.9,0.6,131984,6316,26.4,1.1,70819,4404,14.2,0.9,462031,11608,92.6,0.7,202803,7941,40.6,1.4
WA,Washington,10,544552,6928,8073,1496,1.5,0.3,30935,3275,5.7,0.6,147847,6379,27.2,1.1,144136,5552,26.5,1,58128,3565,10.7,0.7,101863,5934,18.7,1,53570,3902,9.8,0.7,505544,6839,92.8,0.7,155433,7715,28.5,1.3
WV,West Virginia,1,486327,3632,10920,1424,2.2,0.3,34959,2803,7.2,0.6,192057,5357,39.5,1.1,104127,4706,21.4,1,35146,2446,7.2,0.5,66447,3367,13.7,0.7,42671,3220,8.8,0.6,440448,4531,90.6,0.7,109118,4948,22.4,1
WV,West Virginia,2,487208,3478,18069,2235,3.7,0.5,42310,4015,8.7,0.8,191095,6920,39.2,1.4,100460,4568,20.6,0.9,36034,3206,7.4,0.7,63357,4494,13,0.9,35883,2994,7.4,0.6,426829,4979,87.6,0.9,99240,5750,20.4,1.2
WV,West Virginia,3,457623,2050,22335,2678,4.9,0.6,47870,3736,10.5,0.8,184220,5293,40.3,1.1,97108,4138,21.2,0.9,30933,2878,6.8,0.6,45863,2996,10,0.7,29294,3036,6.4,0.7,387418,5086,84.7,1,75157,4043,16.4,0.9
WI,Wisconsin,1,539789,5165,9791,1596,1.8,0.3,29884,2896,5.5,0.5,168799,6475,31.3,1.1,129989,4511,24.1,0.9,53501,3387,9.9,0.6,100122,4456,18.5,0.8,47703,2527,8.8,0.5,500114,6082,92.6,0.6,147825,5108,27.4,0.9
WI,Wisconsin,2,577976,3636,7952,1195,1.4,0.2,25388,2639,4.4,0.5,135229,4864,23.4,0.8,131829,5440,22.8,0.9,56604,3504,9.8,0.6,140560,5249,24.3,0.9,80414,4263,13.9,0.7,544636,4136,94.2,0.5,220974,5874,38.2,1
WI,Wisconsin,3,566700,2657,13703,1434,2.4,0.3,26906,2210,4.7,0.4,183262,4438,32.3,0.8,145575,4659,25.7,0.8,67520,3446,11.9,0.6,88990,4022,15.7,0.7,40744,2289,7.2,0.4,526091,3682,92.8,0.5,129734,4632,22.9,0.8
WI,Wisconsin,4,493143,4985,14040,1868,2.8,0.4,43574,3446,8.8,0.7,146683,6652,29.7,1.3,120520,5618,24.4,1.1,35705,3112,7.2,0.6,82535,3957,16.7,0.8,50086,2678,10.2,0.5,435529,5613,88.3,0.8,132621,4743,26.9,0.9
WI,Wisconsin,5,558805,5239,6497,1292,1.2,0.2,21693,2028,3.9,0.4,152528,4632,27.3,0.8,121611,5976,21.8,1,54786,3332,9.8,0.6,135880,4645,24.3,0.8,65810,2881,11.8,0.5,530615,6133,95,0.4,201690,5734,36.1,1
WI,Wisconsin,6,556485,2532,10713,1558,1.9,0.3,31526,2333,5.7,0.4,189317,5451,34,1,131008,5516,23.5,1,61275,3086,11,0.6,91514,4133,16.4,0.7,41132,2454,7.4,0.4,514246,3180,92.4,0.4,132646,4686,23.8,0.8
WI,Wisconsin,7,552651,2556,13395,1497,2.4,0.3,32755,2365,5.9,0.4,192544,3337,34.8,0.6,121212,3497,21.9,0.6,69293,2834,12.5,0.5,84204,2907,15.2,0.5,39248,2492,7.1,0.4,506501,3872,91.6,0.5,123452,3388,22.3,0.6
WI,Wisconsin,8,556205,2262,9904,1663,1.8,0.3,27884,2323,5,0.4,194402,5283,35,0.9,118939,5161,21.4,0.9,64895,3237,11.7,0.6,98775,4242,17.8,0.8,41406,2932,7.4,0.5,518417,3529,93.2,0.5,140181,4786,25.2,0.9
WY,Wyoming,At-large,433644,2221,6797,1560,1.6,0.4,25914,2795,6,0.6,128479,5746,29.6,1.4,120333,5649,27.7,1.3,46062,3440,10.6,0.8,67939,4651,15.7,1.1,38120,3445,8.8,0.8,400933,3684,92.5,0.8,106059,4890,24.5,1.1
